zx_code_fldname,zx_code_value,zx_code_value_up,zx_code_cmmt,zx_code_desc1,zx_code_desc2,zx_code_rmk,zx_code_char#1,zx_code_char#2,zx_code_num#1,zx_code_num#2
CoA_Charac_Russian,ADHESION TEST-PEN KNIFE METHOD,,Испытание на адгезию методом решетчатых надрезов,,,,,,0,0
CoA_Charac_Russian,ALKYD SILICATE HYDROLYSIS (MORPH GEL),,Гидролиз алкидных силикатов (морфо гель),,,,,,0,0
CoA_Charac_Russian,COALESCENCE TEST,,Испытание на коалесценцию,,,,,,0,0
CoA_Charac_Russian,COLOUR MATCHING VISUAL ASSESSMENT,,Визуальная оценка соответствия цветов,,,,,,0,0
CoA_Charac_Russian,COLOUR MEASUREMENT BY DATACOLOR,,Измерение цвета с помощью DATACOLOR,,,,,,0,0
CoA_Charac_Russian,COLOUR STRENGTH,,Насыщенность цвета,,,,,,0,0
CoA_Charac_Russian,CURE SPEED (MEK DOUBLE RUBS TEST),,Скорость отверждения (тест на двойное истирание  МЕК),,,,,,0,0
CoA_Charac_Russian,DRYING TIME (BK RECORDER),,Время высыхания,,,,,,0,0
CoA_Charac_Russian,DRYING TIME (HARD DRY),,Время высыхания (до твёрдой плёнки),,,,,,0,0
CoA_Charac_Russian,DRYING TIME (TOUCH DRY),,Время высыхания (до отлипа),,,,,,0,0
CoA_Charac_Russian,FINENESS OF GRIND,,Степень перетира,,,,,,0,0
CoA_Charac_Russian,FLASH POINT (SETAFLASH CLOSED CUP),,Температура вспышки (в закрытой емкости SETAFLASH ),,,,,,0,0
CoA_Charac_Russian,GEL TIME,,Время гелеобразования,,,,,,0,0
CoA_Charac_Russian,GLOSS AT 60º,,Глянец при 60º,,,,,,0,0
CoA_Charac_Russian,HARDNESS BY SHORE DUROMETER,,Твердость по Шору с помощью дюрометра,,,,,,0,0
CoA_Charac_Russian,HEAT RESISTANCE-MUFFLE FURNACE,,Термостойкость - Муфельная печь,,,,,,0,0
CoA_Charac_Russian,MASS TONE (DE),,Массовый тон (DE) (Цвет в массе),,,,,,0,0
CoA_Charac_Russian,OPACITY,,Укрывистость,,,,,,0,0
CoA_Charac_Russian,POT-LIFE @ 25ºC,,Жизнеспособность при 25ºC,,,,,,0,0
CoA_Charac_Russian,POT-LIFE @ 38ºC,,Жизнеспособность при 38ºC,,,,,,0,0
CoA_Charac_Russian,SAG RESISTANCE (SAG TESTERS @ 25ºC),,Устойчивость к стеканию при 25ºC,,,,,,0,0
CoA_Charac_Russian,SAG RESISTANCE (SAG TESTERS @ 38ºC),,Устойчивость к стеканию при 38ºC,,,,,,0,0
CoA_Charac_Russian,SAG RESISTANCE(HOLD UP BY AIRLESS SPRAY),,Устойчивость к стеканию (БВР),,,,,,0,0
CoA_Charac_Russian,SAG RESISTANCE(SLUMP TEST - CHARTEK),,Устойчивость к стеканию(Тест на спад - CHARTEK),,,,,,0,0
CoA_Charac_Russian,SOLID CONTENT (1H @ 105º),,Испытание на содержание нелетучих веществ (1H @ 105º),,,,,,0,0
CoA_Charac_Russian,SOLID CONTENT (3H @ 105º),,Испытание на содержание нелетучих веществ (3H @ 105º),,,,,,0,0
CoA_Charac_Russian,SOLIDS CONTENT (CURING AGENTS),,Содержание нелетучих веществ (Отвердитель),,,,,,0,0
CoA_Charac_Russian,SOLVENT RESISTANCE (DOUBLE RUB TEST),,Стойкость к растворителям (двойной тест на истирание),,,,,,0,0
CoA_Charac_Russian,SPECIFIC GRAVITY (INTERCRETE TEST),,Удельный вес (Тест INTERCRETE),,,,,,0,0
CoA_Charac_Russian,SPECIFIC GRAVITY (PRESSURE CUP),,Удельный вес (пикнометр давления),,,,,,0,0
CoA_Charac_Russian,SPECIFIC GRAVITY (WEIGHT PER GALLON CUP),,Удельный вес (вес на галлон чашки),,,,,,0,0
CoA_Charac_Russian,TOTAL SOLID % BY WEIGHT,,Всего твердых веществ (сухой остаток) % по  весу,,,,,,0,0
CoA_Charac_Russian,VISCOSITY (B4 FLOW CUP),,Вязкость (воронка B4),,,,,,0,0
CoA_Charac_Russian,VISCOSITY (BROOKFIELD RVT-FILLERS),,Вязкость (вискозиметр Брукфильда RVT- наполнителей),,,,,,0,0
CoA_Charac_Russian,VISCOSITY (BROOKFIELD) @ 25ºC,,Вязкость (Ротационный вискозиметр Брукфильда) при 25ºC,,,,,,0,0
CoA_Charac_Russian,VISCOSITY (BROOKFIELD) @ 38ºC,,Вязкость (Ротационный вискозиметр Брукфильда) при 38ºC,,,,,,0,0
CoA_Charac_Russian,VISCOSITY (CONE & PLATE),,Вязкость (конус и пластина),,,,,,0,0
CoA_Charac_Russian,VISCOSITY (INTERCRETE TEST),,Вязкость (Тест INTERCRETE),,,,,,0,0
CoA_Charac_Russian,VISCOSITY (ROTOTHINNER),,Вязкость (ротационный вискозиметр),,,,,,0,0
CoA_Charac_Russian,VISCOSITY (STORMER),,Вязкость (вискозиметр Штормера),,,,,,0,0
CoA_Charac_Russian,VISCOSITY(CHARTEK-BROOKFIELD)?,,Вязкость (CHARTEK - вискозиметр Брукфильда),,,,,,0,0
CoA_Charac_Russian,VISCOSITY(NON/SLOW FLOWING MATERIALS),,Вязкость (не текучих или слабо текучих материалов),,,,,,0,0
CoA_Charac_Russian,VOLATILE ORGANIC CONTENT (VOC),,Содержание летучих органических веществ (VOC),,,,,,0,0
CoA_Charac_Russian,VOLUME SOLIDS (ASTM D2697 METHOD),,Объёмная доля нелетучих веществ (Метод ASTM D2697),,,,,,0,0
CoA_Charac_Russian,VOLUME SOLIDS (ISO3233 METHOD),,Объёмная доля нелетучих веществ (Метод ISO 3233),,,,,,0,0
CoA_Charac_Russian,WALK ON TIME (BALLAST SPACE COATINGS),,Время прохождения (Покрытие балластного пространства),,,,,,0,0
CoA_Charac_Russian,WALK-ON TIME (MANUAL METHOD),,Время прохождения  (Ручной метод),,,,,,0,0
CoA_Charac_Russian,WET FILM THICKNESS,,Толщина мокрой пленки,,,,,,0,0
CoA_Charac_Russian,Zinc content(% dry film),,Содержание цинка (% сухой пленки),,,,,,0,0
CoA_ChromaScan,AAB018,,MUNSELL 5Y9/1,,OFF WHITE PART A,,,,0,0
CoA_ChromaScan,AAB034,,KNS 80940,,OFF WHITE PART A,,,,0,0
CoA_ChromaScan,AAB132,,RAL1023,,RAL1023 TRAFFIC YELLOW PART A,,,,0,0
CoA_ChromaScan,AAB134,,IP B134,,YELLOW PART A,,,,0,0
CoA_ChromaScan,AAB149,,KNS 2.2Y7.9/12.5 (KNS 31799),,YELLOW PART A,,,,0,0
CoA_ChromaScan,AAB168,,RAL1003,,RAL1003 SIGNAL YELLOW PART A,,,,0,0
CoA_ChromaScan,AAB188,,RAL3015,,RAL3015 PINK PART A,,,,0,0
CoA_ChromaScan,AAB299,,RAL3020,,RAL3020 TRAFFIC RED PART A,,,,0,0
CoA_ChromaScan,AAB340,,MUNSELL 7.5BG8/2,,PALE BLUE PART A,,,,0,0
CoA_ChromaScan,AAB85U,,IP B85U,,GREEN PART A,,,,0,0
CoA_ChromaScan,AAB890,,RAL4008,,RAL4008 SIGNAL VIOLET PART A,,,,0,0
CoA_ChromaScan,AAB898,,RAL5012,,RAL5012 LIGHT BLUE PART A,,,,0,0
CoA_ChromaScan,AAB915,,RAL5015,,RAL5015 SKY BLUE PART A,,,,0,0
CoA_ChromaScan,AAB953,,RAL5005,,RAL5005 SIGNAL BLUE PART A,,,,0,0
CoA_ChromaScan,AAC018,,RAL9001,,RAL9001 CREAM PART A,,,,0,0
CoA_ChromaScan,AAC152,,MUNSELL 2.5Y8/12,,YELLOW PART A,,,,0,0
CoA_ChromaScan,AAC21J,,CBCC N5.25,,DARK GREY PART A,,,,0,0
CoA_ChromaScan,AAC243,,RAL2008,,RAL2008 BRIGHT RED ORANG PART A,,,,0,0
CoA_ChromaScan,AAC47R,,KNS E-52792,,BLUE PART A,,,,0,0
CoA_ChromaScan,AAC633,,RAL5009,,RAL5009 AZURE BLUE PART A,,,,0,0
CoA_ChromaScan,AAC64E,,KNS E-55404,,BLUE PART A,,,,0,0
CoA_ChromaScan,AAC866,,JPMA 737,,BLUE PART A,,,,0,0
CoA_ChromaScan,AAC919,,JPMA 837,,BLUE PART A,,,,0,0
CoA_ChromaScan,AAC922,,RAL5002,,RAL5002 ULTRAMARINE BLUE PART A,,,,0,0
CoA_ChromaScan,AAC924,,RAL5022,,RAL5022 NIGHT BLUE PART A,,,,0,0
CoA_ChromaScan,AAC938,,RAL5010,,RAL5010 GENTIAN BLUE PART A,,,,0,0
CoA_ChromaScan,AAD001,,MUNSELL N9,,OFF WHITE PART A,,,,0,0
CoA_ChromaScan,AAD201,,RAL1007,,RAL1007 DAFFODIL YELLOW PART A,,,,0,0
CoA_ChromaScan,AAD227,,RAL2003,,RAL2003 PASTEL ORANGE PART A,,,,0,0
CoA_ChromaScan,AAD44P,,MUNSELL 9.5B7.5/0.4,,GREY PART A,,,,0,0
CoA_ChromaScan,AAD541,,"BS4800 	14E53",,ELFIN GREEN PART A,,,,0,0
CoA_ChromaScan,AAD562,,RAL6024,,RAL6024 TRAFFIC GREEN PART A,,,,0,0
CoA_ChromaScan,AAD583,,RAL6029,,RAL6029 MINT GREEN PART A,,,,0,0
CoA_ChromaScan,AAD704,,RAL7035,,RAL7035 LIGHT GREY PART A,,,,0,0
CoA_ChromaScan,AAD79F,,MUNSELL 2.5Y7/12,,YELLOW PART A,,,,0,0
CoA_ChromaScan,AAD921,,KNS 57315,,BLUE PART A,,,,0,0
CoA_ChromaScan,AAE019,,RAL1013,,RAL1013 OYSTER WHITE PART A,,,,0,0
CoA_ChromaScan,AAE03E,,MUNSELL 10GY9/4,,GREEN PART A,,,,0,0
CoA_ChromaScan,AAE055,,RAL1014,,RAL1014 IVORY PART A,,,,0,0
CoA_ChromaScan,AAE109,,RAL1002,,SAND YELLOW PART A,,,,0,0
CoA_ChromaScan,AAE113,,RAL1012,,RAL1012 LEMON YELLOW PART A,,,,0,0
CoA_ChromaScan,AAE12H,,MUNSELL JP MUN 5B2/5,,BLUE PART A,,,,0,0
CoA_ChromaScan,AAE160,,BS4800 08C35,,BAMBOO PART A,,,,0,0
CoA_ChromaScan,AAE298,,RAL3001,,RAL3001 SIGNAL RED PART A,,,,0,0
CoA_ChromaScan,AAE322,,RAL6019,,RAL6019 PASTEL GREEN PART A,,,,0,0
CoA_ChromaScan,AAE383,,KNS 39814(Approx.9.0GY7.9/5.3),,LIGHT GREEN PART A,,,,0,0
CoA_ChromaScan,AAE441,,RAL6027,,RAL6027 LIGHT GREEN PART A,,,,0,0
CoA_ChromaScan,AAE563,,RAL6032,,RAL6032 SIGNAL GREEN PART A,,,,0,0
CoA_ChromaScan,AAE589,,RAL6001,,RAL6001 EMERALD GREEN PART A,,,,0,0
CoA_ChromaScan,AAE81M,,MUNSELL 1.0PB4.3/9.2,,BLUE PART A,,,,0,0
CoA_ChromaScan,AAE832,,BS4800 22C37,,BLACK GRAPES PART A,,,,0,0
CoA_ChromaScan,AAE84J,,NCS S2060Y30R,,YELLOW PART A,,,,0,0
CoA_ChromaScan,AAE918,,RAL5019,,RAL5019 CAPRI BLUE PART A,,,,0,0
CoA_ChromaScan,AAE971,,RAL5013,,RAL5013 COBALT BLUE PART A,,,,0,0
CoA_ChromaScan,AAE98Y,,JP MUNSELL 2.5P5/5,,VIOLET PART A,,,,0,0
CoA_ChromaScan,AAF000,,BS4800 10A03,,MIST GREY PART A,,,,0,0
CoA_ChromaScan,AAF191,,BS381C 447,,SALMON PINK PART A,,,,0,0
CoA_ChromaScan,AAF259,,RAL2001,,RAL2001 RED ORANGE PART A,,,,0,0
CoA_ChromaScan,AAF321,,MUNSELL 2.5G7/2,,LIGHT GREEN PART A,,,,0,0
CoA_ChromaScan,AAF526,,RAL6018,,RAL6018 YELLOW GREEN PART A,,,,0,0
CoA_ChromaScan,AAF626,,RAL6005,,RAL6005 MOSS GREEN PART A,,,,0,0
CoA_ChromaScan,AAF684,,IP F684,,SURF GREY PART A,,,,0,0
CoA_ChromaScan,AAF82H,,MUNSELL 2.5Y7/1,,GREY PART A,,,,0,0
CoA_ChromaScan,AAF902,,JPMA 806,,BLUE PART A,,,,0,0
CoA_ChromaScan,AAF90R,,KCC JK491(8.3RP8.3/4.7),,PINK PART A,,,,0,0
CoA_ChromaScan,AAG021,,RAL1000,,RAL1000 GREEN BEIGE PART A,,,,0,0
CoA_ChromaScan,AAG105,,MUNSELL 10YR7/2,,BUFF PART A,,,,0,0
CoA_ChromaScan,AAG10E,,SAMHWA A1113,,LIGHT GREEN PART A,,,,0,0
CoA_ChromaScan,AAG11A,,MUNSELL 5R7/5,,PINK PART A,,,,0,0
CoA_ChromaScan,AAG360,,MUNSELL 7.5BG7/2,,AQUAMIST BLUE PART A,,,,0,0
CoA_ChromaScan,AAG496,,BS381C 217,,SEA GREEN PART A,,,,0,0
CoA_ChromaScan,AAG590,,RAL6002,,RAL6002 LEAF GREEN PART A,,,,0,0
CoA_ChromaScan,AAG900,,RAL5007,,RAL5007 BRILLIANT BLUE PART A,,,,0,0
CoA_ChromaScan,AAGE08,,6.7GY8.2/0.3 (US#74708),,POLAR WHITE PART A,,,,0,0
CoA_ChromaScan,AAH051,,MUNSELL N8,,GREY PART A,,,,0,0
CoA_ChromaScan,AAH108,,RAL1001,,RAL1001 BEIGE PART A,,,,0,0
CoA_ChromaScan,AAH140,,IP H140,,CREAM PART A,,,,0,0
CoA_ChromaScan,AAH296,,RAL3011,,RAL3011 BROWN RED PART A,,,,0,0
CoA_ChromaScan,AAH685,,JPMA 1004(N7.0),,LIGHT GREY PART A,,,,0,0
CoA_ChromaScan,AAI103,,RAL5023,,RAL5023 DISTANT BLUE PART A,,,,0,0
CoA_ChromaScan,AAI605,,RAL9005,,RAL9005 JET BLACK PART A,,,,0,0
CoA_ChromaScan,AAI615,,MUNSELL 10BG6/1,,BLUE GREY PART A,,,,0,0
CoA_ChromaScan,AAI747,,MUNSELL 5Y7/1,,MUSHROOM PART A,,,,0,0
CoA_ChromaScan,AAI849,,MUNSELL N7.5,,STONE GREY PART A,,,,0,0
CoA_ChromaScan,AAJ105,,RAL1019,,RAL1019 GREY BEIGE PART A,,,,0,0
CoA_ChromaScan,AAJ161,,RAL1011,,RAL1011 BROWN BEIGE PART A,,,,0,0
CoA_ChromaScan,AAJ44X,,RAL3032,,RAL3032 PEARL RUBY RED PART A,,,,0,0
CoA_ChromaScan,AAJ489,,JP MUNSELL 10GY6/5,,GREEN PART A,,,,0,0
CoA_ChromaScan,AAJ491,,RAL6017,,RAL6017 MAY GREEN PART A,,,,0,0
CoA_ChromaScan,AAJ684,,MUNSELL N6.5,,GREY PART A,,,,0,0
CoA_ChromaScan,AAJ919,,BS4800 20D45,,ENSIGN PART A,,,,0,0
CoA_ChromaScan,AAK002,,BS381C 630,,FRENCH GREY PART A,,,,0,0
CoA_ChromaScan,AAK214,,RAL8001,,RAL8001 OCHRE BROWN PART A,,,,0,0
CoA_ChromaScan,AAK363,,RAL6021,,RAL6021 PALE GREEN PART A,,,,0,0
CoA_ChromaScan,AAK379,,JPMA 634 (7.5BG6/1.5 ),,GREY PART A,,,,0,0
CoA_ChromaScan,AAK516,,RAL6000,,RAL6000 PATINA GREEN PART A,,,,0,0
CoA_ChromaScan,AAK665,,RAL7036,,RAL7036 PLATINUM GREY PART A,,,,0,0
CoA_ChromaScan,AAK705,,FEDERAL 26270,,HAZE GREY PART A,,,,0,0
CoA_ChromaScan,AAK766,,RAL7001,,RAL7001 SILVER GREY PART A,,,,0,0
CoA_ChromaScan,AAL547,,RAL6010,,RAL6010 GRASS GREEN PART A,,,,0,0
CoA_ChromaScan,AAL685,,MUNSELL N6.0,,GREY PART A,,,,0,0
CoA_ChromaScan,AAM018,,RAL7030,,RAL7030 STONE GREY PART A,,,,0,0
CoA_ChromaScan,AAM051,,RAL7004,,RAL7004 SIGNAL GREY PART A,,,,0,0
CoA_ChromaScan,AAM257,,FEDERAL 20109,,RED OXIDE PART A,,,,0,0
CoA_ChromaScan,AAM272,,RAL3009,,RAL3009 OXIDE RED PART A,,,,0,0
CoA_ChromaScan,AAM404,,RAL6011,,RAL6011 RESEDA GREEN PART A,,,,0,0
CoA_ChromaScan,AAM41E,,MUNSELL N7.25,,LIGHT GREY PART A,,,,0,0
CoA_ChromaScan,AAM451,,RAL6025,,RAL6025 FERN GREEN PART A,,,,0,0
CoA_ChromaScan,AAM785,,RAL7031,,RAL7031 BLUE GREY PART A,,,,0,0
CoA_ChromaScan,AAM82N,,KNS D 80680(MSL4.9BG6.7/0.2),,GREY PART A,,,,0,0
CoA_ChromaScan,AAM85B,,JPMA 635,,BLUE GREY PART A,,,,0,0
CoA_ChromaScan,AAN08H,,MUNSELL 2.5B5/6,,BLUE PART A,,,,0,0
CoA_ChromaScan,AAN231,,RAL8007,,RAL8007 FAWN BROWN PART A,,,,0,0
CoA_ChromaScan,AAN43V,,MUNSELL 10GY7.5/4,,MID GREEN PART A,,,,0,0
CoA_ChromaScan,AAN44W,,KNS D-42661,,GREEN PART A,,,,0,0
CoA_ChromaScan,AAN64A,,FEDERAL 16307,,AUTUMN GREY PART A,,,,0,0
CoA_ChromaScan,AAN75V,,KNS40750(0.3G7.7/1.1),,LIGHT GREYISH GREEN PART A,,,,0,0
CoA_ChromaScan,AAN75W,,KNS 80140,,BLACK PART A,,,,0,0
CoA_ChromaScan,AAO000,,MUNSELL 7.5R3/6,,RED PART A,,,,0,0
CoA_ChromaScan,AAO125,,MUNSELL 2.5PB5/6,,NIAGARA PART A,,,,0,0
CoA_ChromaScan,AAO181,,MUNSELL 5B6/4,,LIGHT BLUE PART A,,,,0,0
CoA_ChromaScan,AAO540,,MUNSELL 2.5YR6/13,,BRIGHT ORANGE PART A,,,,0,0
CoA_ChromaScan,AAO639,,RAL7045,,RAL7045 TELEGREY PART A,,,,0,0
CoA_ChromaScan,AAO969,,MUNSELL 7.5BG5/2,,GREY GREEN PART A,,,,0,0
CoA_ChromaScan,AAP12H,,IP GM MUNSELL 5B4/10,,BLUE PART A,,,,0,0
CoA_ChromaScan,AAP43A,,MUNSELL 7.5YR3/6,,MEDIUM BROWN PART A,,,,0,0
CoA_ChromaScan,AAP63W,,JP MUNSELL 10B3/5,,BLUE PART A,,,,0,0
CoA_ChromaScan,AAQ226,,RAL8002,,RAL8002 SIGNAL BROWN PART A,,,,0,0
CoA_ChromaScan,AAQ28K,,IP Q28K(APPROX 7.5BG5/4.5),,BLUE GREEN PART A,,,,0,0
CoA_ChromaScan,AAQ45Q,,MUNSELL 5B4/10,,BLUE PART A,,,,0,0
CoA_ChromaScan,AAQ53N,,MUNSELL 10B5/4,,BLUE PART A,,,,0,0
CoA_ChromaScan,AAQ58Q,,MUNSELL 2.5G7.2/2.2,,GREEN PART A,,,,0,0
CoA_ChromaScan,AAQ58T,,MUNSELL 0.0N7.5/0.1,,GREY PART A,,,,0,0
CoA_ChromaScan,AAQ808,,RAL7015,,RAL7015 SLATE GREY PART A,,,,0,0
CoA_ChromaScan,AAQ80C,,MUNSELL 5G5.5/6,,LIGHT GREEN PART A,,,,0,0
CoA_ChromaScan,AAQ99D,,KNS E15337,,RED PART A,,,,0,0
CoA_ChromaScan,AAR04U,,MUNSELL 5BG8/3,,LIGHT GREEN PART A,,,,0,0
CoA_ChromaScan,AAR36G,,MUNSELL 9.5YR7.6/1.1,,LIGHT GREY PART A,,,,0,0
CoA_ChromaScan,AAR39K,,KNS D29759 (9.4YR7.2/13.2),,YELLOW PART A,,,,0,0
CoA_ChromaScan,AAR41M,,JP MUNSELL 2.5PB3.5/10,,BLUE PART A,,,,0,0
CoA_ChromaScan,AAR50V,,MUNSELL 5YR6/12,,ORANGE PART A,,,,0,0
CoA_ChromaScan,AAR70A,,MUNSELL 2.5Y8/10.2,,YELLOW PART A,,,,0,0
CoA_ChromaScan,AAS095,,RAL1018,,RAL1018 ZINC YELLOW PART A,,,,0,0
CoA_ChromaScan,AAS179,,RAL1017,,RAL1017 SAFFRON YELLOW PART A,,,,0,0
CoA_ChromaScan,AAS717,,RAL4003,,RAL4003 HEATHER VIOLET PART A,,,,0,0
CoA_ChromaScan,AAS74V,,KNS E-38684,,LIGHT GREEN PART A,,,,0,0
CoA_ChromaScan,AAS897,,MUNSELL 10B5/10,,LIGHT BLUE PART A,,,,0,0
CoA_ChromaScan,AAS951,,RAL5017,,RAL5017 TRAFFIC BLUE PART A,,,,0,0
CoA_ChromaScan,AAT302,,RAL7009,,RAL7009 GREEN GREY PART A,,,,0,0
CoA_ChromaScan,AAT364,,JP MUNSELL 7.5GY5.5/1,,YELLOW GREY PART A,,,,0,0
CoA_ChromaScan,AAU07J,,MUNSELL 10YR8/2,,LIGHT SAND PART A,,,,0,0
CoA_ChromaScan,AAU089,,MUNSELL 2.5Y9/4,,CREAM PART A,,,,0,0
CoA_ChromaScan,AAU36K,,MUNSELL 5Y8/14,,BRIGHT YELLOW PART A,,,,0,0
CoA_ChromaScan,AAU40Q,,MUNSELL N1.5,,BLACK PART A,,,,0,0
CoA_ChromaScan,AAV15B,,KNS D-28421,,BROWN PART A,,,,0,0
CoA_ChromaScan,AAV725,,MUNSELL N4,,DARK GREY PART A,,,,0,0
CoA_ChromaScan,AAW17G,,MUNSELL 8B4.5/3.25,,BLUE PART A,,,,0,0
CoA_ChromaScan,AAW36T,,JP MUNSELL 10B6/7,,BLUE PART A,,,,0,0
CoA_ChromaScan,AAW58A,,MUNSELL 7.5BG5/4.5,,BLUE GREEN PART A,,,,0,0
CoA_ChromaScan,AAW897,,BS381C 633,,BLUE GREY PART A,,,,0,0
CoA_ChromaScan,AAX01H,,KNS D30871,,AMBROSIA PART A,,,,0,0
CoA_ChromaScan,AAX17J,,MUNSELL 2.5PB4/10,,BLUE PART A,,,,0,0
CoA_ChromaScan,AAX45B,,MUNSELL 7.5YR5/6,,BROWN PART A,,,,0,0
CoA_ChromaScan,AAX58F,,RAL2000,,RAL2000 YELLOW ORANGE PART A,,,,0,0
CoA_ChromaScan,AAX59F,,RAL3000,,RAL3000 FLAME RED PART A,,,,0,0
CoA_ChromaScan,AAX64A,,ANSI 61,,GREY PART A,,,,0,0
CoA_ChromaScan,AAX65H,,RAL7046,,RAL7046 TELEGREY PART A,,,,0,0
CoA_ChromaScan,AAX67A,,BS5252 00A07,,GREY PART A,,,,0,0
CoA_ChromaScan,AAX67H,,RAL7047,,RAL7047 TELEGREY PART A,,,,0,0
CoA_ChromaScan,AAX87F,,MUNSELL 2.5G6/2,,GREEN PART A,,,,0,0
CoA_ChromaScan,AAX97B,,MUNSELL 10GY6.5/3,,GREEN PART A,,,,0,0
CoA_ChromaScan,AAY05D,,MUNSELL N9.5,,WHITE PART A,,,,0,0
CoA_ChromaScan,AAY09R,,MUNSELL 5R4/13,,RED PART A,,,,0,0
CoA_ChromaScan,AAY16H,,NCS S4020B,,BLUE PART A,,,,0,0
CoA_ChromaScan,AAY24B,,MUNSELL 2.5PB5/8.5,,BLUE PART A,,,,0,0
CoA_ChromaScan,AAY299,,RAL8022,,RAL8022 BLACK BROWN PART A,,,,0,0
CoA_ChromaScan,AAY70J,,MUNSELL 7.5B4/4,,BLUE PART A,,,,0,0
CoA_ChromaScan,AAY86T,,KCC YS121,,YELLOW PART A,,,,0,0
CoA_ChromaScan,AAZ007,,RAL9010,,RAL9010 PURE WHITE PART A,,,,0,0
CoA_ChromaScan,AAZ016,,RAL9016,,RAL9016 TRAFFIC WHITE PART A,,,,0,0
CoA_ChromaScan,AAZ024,,RYLANDS3975,,BROKEN WHITE PART A,,,,0,0
CoA_ChromaScan,AAZ028,,RAL9003,,RAL9003 SIGNAL WHITE PART A,,,,0,0
CoA_ChromaScan,AAZ048,,NCS S3030B10G,,POWDER BLUE PART A,,,,0,0
CoA_ChromaScan,AAZ169,,NCS3020R90B,,BLUE FOG PART A,,,,0,0
CoA_ChromaScan,AAZ204,,MUNSELL 10GY8/4,,LIGHT GREEN PART A,,,,0,0
CoA_ChromaScan,AAZ215,,MUNSELL 2.5G8/2,,LIGHT GREEN PART A,,,,0,0
CoA_ChromaScan,AAZ554,,RAL2010,,RAL2010 SIGNAL ORANGE PART A,,,,0,0
CoA_ChromaScan,AAZ625,,RAL7042,,RAL7042 TRAFFIC GREY A PART A,,,,0,0
CoA_ChromaScan,AAZ638,,MUNSELL N7.0,,GREY PART A,,,,0,0
CoA_ChromaScan,AAZ651,,RAL7040,,RAL7040 WINDOW GREY PART A,,,,0,0
CoA_ChromaScan,AAZ771,,RAL6034,,RAL6034 PASTEL TURQUOISE PART A,,,,0,0
CoA_ChromaScan,AAZ903,,RAL9004,,RAL9004 SIGNAL BLACK PART A,,,,0,0
CoA_ChromaScan,AAZ912,,RAL7038,,RAL7038 AGATE GREY PART A,,,,0,0
CoA_ChromaScan,AAZ916,,RAL5024,,RAL5024 PASTEL BLUE PART A,,,,0,0
CoA_ChromaScan,AAZ919,,MUNSELL N5.5,,GREY PART A,,,,0,0
CoA_ChromaScan,CCB969,,IP LOCAL UF S87/080,,BLUE,,,,0,0
CoA_ChromaScan,CCD001,,MUNSELL N9,,OFF WHITE,,,,0,0
CoA_ChromaScan,CCD531,,BS4800 1.8E+52,,LAGOON,,,,0,0
CoA_ChromaScan,CCD913,,IP LOCAL UF S79/026,,SIGNAL BLUE,,,,0,0
CoA_ChromaScan,CCG938,,MUNSELL 5PB 3/6,,BLUE,,,,0,0
CoA_ChromaScan,CCH570,,IP H570,,GREEN,,,,0,0
CoA_ChromaScan,CCJ34U,,MUNSELL 7.5PB3.5/11,,VIOLET,,,,0,0
CoA_ChromaScan,CCM69M,,JOTUN 202,,IVORY,,,,0,0
CoA_ChromaScan,CCO139,,MUNSELL 7.5B6/8,,BLUE GROTTO,,,,0,0
CoA_ChromaScan,CCP275,,RAL8012,,RAL8012 RED BROWN,,,,0,0
CoA_ChromaScan,CCP38K,,KNS G-633012,,BLUE,,,,0,0
CoA_ChromaScan,CCP38L,,KNS G-164514,,RED,,,,0,0
CoA_ChromaScan,CCQ28B,,IP Q28B,,LIGHT BLUE,,,,0,0
CoA_ChromaScan,CCU20G,,MUNSELL 2.5PB5/8,,BLUE,,,,0,0
CoA_ChromaScan,CCX10Y,,MUNSELL 5PB2/6,,DARK BLUE,,,,0,0
CoA_ChromaScan,CCY58G,,CHUGOKU CS-643,,BLUE,,,,0,0
CoA_ChromaScan,CLB052,,BS4800 10B15,,GARDENIA,,,,0,0
CoA_ChromaScan,CLB117,,RAL1021,,RAL1021 YELLOW,,,,0,0
CoA_ChromaScan,CLB183,,BS381C 356,,GOLDEN YELLOW,,,,0,0
CoA_ChromaScan,CLB188,,RAL3015,,RAL3015 PINK,,,,0,0
CoA_ChromaScan,CLB291,,MUNSELL 5R4/14,,RED,,,,0,0
CoA_ChromaScan,CLB295,,BS381C 538,,ENSIGN RED,,,,0,0
CoA_ChromaScan,CLB299,,RAL3020,,RAL3020 TRAFFIC RED,,,,0,0
CoA_ChromaScan,CLB419,,IP LOCAL BR 016/4041,,LIGHT BLUE,,,,0,0
CoA_ChromaScan,CLB43U,,IP B43U,,HAZE GREY,,,,0,0
CoA_ChromaScan,CLB45N,,IP B45N,,DECK RED,,,,0,0
CoA_ChromaScan,CLB45P,,IP B45P,,DARK GREEN,,,,0,0
CoA_ChromaScan,CLB45Q,,IP B45Q,,PASTEL GREEN,,,,0,0
CoA_ChromaScan,CLB45U,,IP B45U,,OCEAN BLUE,,,,0,0
CoA_ChromaScan,CLB51N,,CATERPILLAR YELLOW,,YELLOW,,,,0,0
CoA_ChromaScan,CLB531,,FEDERAL 15200,,LIGHT BLUE,,,,0,0
CoA_ChromaScan,CLB558,,MUNSELL 2.5BG5/9,,GREEN,,,,0,0
CoA_ChromaScan,CLB890,,RAL4008,,RAL4008 SIGNAL VIOLET,,,,0,0
CoA_ChromaScan,CLB898,,RAL5012,,RAL5012 LIGHT BLUE,,,,0,0
CoA_ChromaScan,CLB913,,IP B913,,BLUE,,,,0,0
CoA_ChromaScan,CLB915,,RAL5015,,RAL5015 SKY BLUE,,,,0,0
CoA_ChromaScan,CLB921,,MUNSELL 5PB3/9,,BLUE,,,,0,0
CoA_ChromaScan,CLB941,,BS381C 108,,AIRCRAFT BLUE,,,,0,0
CoA_ChromaScan,CLB953,,RAL5005,,RAL5005 SIGNAL BLUE,,,,0,0
CoA_ChromaScan,CLB969,,IP LOCAL UF S87/080,,BLUE,,,,0,0
CoA_ChromaScan,CLC000,,IP LOCAL UF S91/037,,BLUED WHITE,,,,0,0
CoA_ChromaScan,CLC018,,RAL9001,,RAL9001 CREAM,,,,0,0
CoA_ChromaScan,CLC070,,FEDERAL 27778,,IVORY,,,,0,0
CoA_ChromaScan,CLC110,,BS381C 353,,DEEP CREAM,,,,0,0
CoA_ChromaScan,CLC152,,MUNSELL 2.5Y8/12,,YELLOW,,,,0,0
CoA_ChromaScan,CLC199,,FEDERAL STD 13538,,YELLOW,,,,0,0
CoA_ChromaScan,CLC261,,RAL2009,,RAL2009 TRAFFIC ORANGE,,,,0,0
CoA_ChromaScan,CLC40G,,FS 37100,,PURPLE,,,,0,0
CoA_ChromaScan,CLC43M,,FEDERAL 15177,,LIGHT BLUE,,,,0,0
CoA_ChromaScan,CLC511,,MUNSELL 7.5B6.5/7,,SKY BLUE,,,,0,0
CoA_ChromaScan,CLC51R,,MUNSELL 6.25PB3/6,,BLUE,,,,0,0
CoA_ChromaScan,CLC603,,RAL6016,,TURQUOISE GREEN,,,,0,0
CoA_ChromaScan,CLC866,,JPMA 737,,BLUE,,,,0,0
CoA_ChromaScan,CLC901,,BS381C 175,,LIGHT FRENCH BLUE,,,,0,0
CoA_ChromaScan,CLC919,,JPMA 837,,BLUE,,,,0,0
CoA_ChromaScan,CLC921,,BS381C 166,,FRENCH BLUE,,,,0,0
CoA_ChromaScan,CLC922,,RAL5002,,RAL5002 ULTRAMARINE BLUE,,,,0,0
CoA_ChromaScan,CLC938,,RAL5010,,RAL5010 GENTIAN BLUE,,,,0,0
CoA_ChromaScan,CLC967,,JOTUN 255,,BLUE,,,,0,0
CoA_ChromaScan,CLD019,,HEMPEL 1326,,IVORY,,,,0,0
CoA_ChromaScan,CLD053,,IP LOCAL UF S79/029,,STONE,,,,0,0
CoA_ChromaScan,CLD087,,RAL1015,,RAL1015 LIGHT IVORY,,,,0,0
CoA_ChromaScan,CLD12U,,FEDERAL 35050,,NAVY BLUE,,,,0,0
CoA_ChromaScan,CLD320,,BS4800 16C33,,SEASPRAY,,,,0,0
CoA_ChromaScan,CLD441,,IP LOCAL UF S79/025,,TROPICAL BLUE,,,,0,0
CoA_ChromaScan,CLD459,,MUNSELL 5B7.5/4,,LIGHT BLUE,,,,0,0
CoA_ChromaScan,CLD531,,BS4800 1.8E+52,,LAGOON,,,,0,0
CoA_ChromaScan,CLD583,,RAL6029,,RAL6029 MINT GREEN,,,,0,0
CoA_ChromaScan,CLD704,,RAL7035,,RAL7035 LIGHT GREY,,,,0,0
CoA_ChromaScan,CLD85C,,F.34151,,GREEN,,,,0,0
CoA_ChromaScan,CLD88K,,FEDERAL STD 15055,,BLUE,,,,0,0
CoA_ChromaScan,CLD898,,KNS 54506,,LIGHT BLUE,,,,0,0
CoA_ChromaScan,CLD913,,IP LOCAL UF S79/026,,SIGNAL BLUE,,,,0,0
CoA_ChromaScan,CLD979,,JOTUN 138,,BLUE,,,,0,0
CoA_ChromaScan,CLE000,,BS4800 00A01,,DAWN GREY,,,,0,0
CoA_ChromaScan,CLE017,,RAL9002,,RAL9002 GREY WHITE,,,,0,0
CoA_ChromaScan,CLE019,,RAL1013,,RAL1013 OYSTER WHITE,,,,0,0
CoA_ChromaScan,CLE055,,RAL1014,,RAL1014 IVORY,,,,0,0
CoA_ChromaScan,CLE068,,FEDERAL 27886,,OFF WHITE,,,,0,0
CoA_ChromaScan,CLE143,,BS381C 358,,BUFF,,,,0,0
CoA_ChromaScan,CLE14N,,MUNSELL JP 10G7/1,,GREEN,,,,0,0
CoA_ChromaScan,CLE298,,RAL3001,,RAL3001 SIGNAL RED,,,,0,0
CoA_ChromaScan,CLE299,,FEDERAL 11105,,RED,,,,0,0
CoA_ChromaScan,CLE302,,IP LOCAL GH 110,,LIGHT GREEN,,,,0,0
CoA_ChromaScan,CLE322,,RAL6019,,RAL6019 PASTEL GREEN,,,,0,0
CoA_ChromaScan,CLE323,,IP LOCAL UF S79/035,,SPRAY GREEN,,,,0,0
CoA_ChromaScan,CLE441,,RAL6027,,RAL6027 LIGHT GREEN,,,,0,0
CoA_ChromaScan,CLE48T,,IP DAESUNG SAMPLE,,BLUE GREEN,,,,0,0
CoA_ChromaScan,CLE52V,,CARBOLINE JAPAN SAMPLE (7.5BG6/1.5),,BLUE GREEN,,,,0,0
CoA_ChromaScan,CLE533,,RAL5018,,RAL5018 TURQUOISE BLUE,,,,0,0
CoA_ChromaScan,CLE551,,MUNSELL 5B5/6,,LIGHT BLUE,,,,0,0
CoA_ChromaScan,CLE563,,RAL6032,,RAL6032 SIGNAL GREEN,,,,0,0
CoA_ChromaScan,CLE918,,RAL5019,,RAL5019 CAPRI BLUE,,,,0,0
CoA_ChromaScan,CLE938,,BS381C 104,,AZURE BLUE,,,,0,0
CoA_ChromaScan,CLE967,,IP E967,,BLUE,,,,0,0
CoA_ChromaScan,CLE970,,RAL5003,,RAL5003 SAPPHIRE BLUE,,,,0,0
CoA_ChromaScan,CLE971,,RAL5013,,RAL5013 COBALT BLUE,,,,0,0
CoA_ChromaScan,CLE992,,IP LOCAL UF S91/035,,OCEAN BLUE,,,,0,0
CoA_ChromaScan,CLF000,,BS4800 10A03,,MIST GREY,,,,0,0
CoA_ChromaScan,CLF001,,HEMPEL 1217,,LIGHT GREY,,,,0,0
CoA_ChromaScan,CLF150,,RAL1005,,RAL1005 HONEY YELLOW,,,,0,0
CoA_ChromaScan,CLF287,,IP F287(RAL3000),,RED,,,,0,0
CoA_ChromaScan,CLF321,,MUNSELL 2.5G7/2,,LIGHT GREEN,,,,0,0
CoA_ChromaScan,CLF379,,BS381C 697,,LIGHT ADMIRALTY GREY,,,,0,0
CoA_ChromaScan,CLF384,,BS381C 216,,EAU-DE-NIL,,,,0,0
CoA_ChromaScan,CLF445,,IP F445,,ESTUARY GREEN,,,,0,0
CoA_ChromaScan,CLF526,,RAL6018,,RAL6018 YELLOW GREEN,,,,0,0
CoA_ChromaScan,CLF626,,RAL6005,,RAL6005 MOSS GREEN,,,,0,0
CoA_ChromaScan,CLF684,,IP F684,,SURF GREY,,,,0,0
CoA_ChromaScan,CLG105,,MUNSELL 10YR7/2,,BUFF,,,,0,0
CoA_ChromaScan,CLG194,,EXXON LOCAL UF S82/002,,RED BUFF,,,,0,0
CoA_ChromaScan,CLG301,,BS4800 14C35,,SERPENTINE,,,,0,0
CoA_ChromaScan,CLG323,,JPMA 412,,GREEN,,,,0,0
CoA_ChromaScan,CLG360,,MUNSELL 7.5BG7/2,,AQUAMIST BLUE,,,,0,0
CoA_ChromaScan,CLG590,,RAL6002,,RAL6002 LEAF GREEN,,,,0,0
CoA_ChromaScan,CLG609,,BS381C 267,,DEEP CHROME GREEN,,,,0,0
CoA_ChromaScan,CLG721,,RAL4002,,RAL4002 RED VIOLET,,,,0,0
CoA_ChromaScan,CLH017,,BS381C 627,,PEARL GREY,,,,0,0
CoA_ChromaScan,CLH051,,MUNSELL N8,,GREY,,,,0,0
CoA_ChromaScan,CLH108,,RAL1001,,RAL1001 BEIGE,,,,0,0
CoA_ChromaScan,CLH340,,JPMA 632,,LIGHT BLUE,,,,0,0
CoA_ChromaScan,CLH607,,KCC 4430,,GREEN,,,,0,0
CoA_ChromaScan,CLH685,,JPMA 1004(N7.0),,LIGHT GREY,,,,0,0
CoA_ChromaScan,CLH725,,,,LIGHT GREY,,,,0,0
CoA_ChromaScan,CLH878,,IP H878,,BLUE GREY,,,,0,0
CoA_ChromaScan,CLH899,,JPMA 708,,BLUE GREY,,,,0,0
CoA_ChromaScan,CLI103,,RAL5023,,RAL5023 DISTANT BLUE,,,,0,0
CoA_ChromaScan,CLI145,,PANTONE 299,,BLITHE,,,,0,0
CoA_ChromaScan,CLI593,,JPMA 445,,LIGHT GREEN,,,,0,0
CoA_ChromaScan,CLI605,,RAL9005,,RAL9005 JET BLACK,,,,0,0
CoA_ChromaScan,CLI744,,MUNSELL N8.5,,SEASHELL GREY,,,,0,0
CoA_ChromaScan,CLJ019,,RAL7032,,RAL7032 PEBBLE GREY,,,,0,0
CoA_ChromaScan,CLJ04K,,MUNSELL 7.5R4/8,,RED,,,,0,0
CoA_ChromaScan,CLJ24N,,FEDERAL 26231,,GRAY,,,,0,0
CoA_ChromaScan,CLJ43N,,PANTONE 2935C,,BLUE,,,,0,0
CoA_ChromaScan,CLJ549,,JPMA 442,,GREEN,,,,0,0
CoA_ChromaScan,CLJ605,,KCC 4440,,DARK GREEN,,,,0,0
CoA_ChromaScan,CLJ684,,MUNSELL N6.5,,GREY,,,,0,0
CoA_ChromaScan,CLJ724,,IP J724,,FRENCH GREY,,,,0,0
CoA_ChromaScan,CLK363,,RAL6021,,RAL6021 PALE GREEN,,,,0,0
CoA_ChromaScan,CLK379,,JPMA 634 (7.5BG6/1.5 ),,GREY,,,,0,0
CoA_ChromaScan,CLK516,,RAL6000,,RAL6000 PATINA GREEN,,,,0,0
CoA_ChromaScan,CLK665,,RAL7036,,RAL7036 PLATINUM GREY,,,,0,0
CoA_ChromaScan,CLK705,,FEDERAL 26270,,HAZE GREY,,,,0,0
CoA_ChromaScan,CLK766,,RAL7001,,RAL7001 SILVER GREY,,,,0,0
CoA_ChromaScan,CLK992,,RAL5004,,RAL5004 BLACK BLUE,,,,0,0
CoA_ChromaScan,CLL000,,FEDERAL 26307,,GREY,,,,0,0
CoA_ChromaScan,CLL105,,MUNSELL 10YR6/2,,LIGHT BROWN,,,,0,0
CoA_ChromaScan,CLL685,,MUNSELL N6.0,,GREY,,,,0,0
CoA_ChromaScan,CLL764,,IP LOCAL UF S79/163,,DARK GREY,,,,0,0
CoA_ChromaScan,CLL765,,RAL7000,,RAL7000 SQUIRREL GREY,,,,0,0
CoA_ChromaScan,CLL847,,JPMA 711,,BLUE GREY,,,,0,0
CoA_ChromaScan,CLM000,,BS4800 00A09,,THUNDERCLOUD,,,,0,0
CoA_ChromaScan,CLM001,,RAL7023,,RAL7023 CONCRETE GREY,,,,0,0
CoA_ChromaScan,CLM018,,RAL7030,,RAL7030 STONE GREY,,,,0,0
CoA_ChromaScan,CLM051,,RAL7004,,RAL7004 SIGNAL GREY,,,,0,0
CoA_ChromaScan,CLM054,,RAL7002,,RAL7002 OLIVE GREY,,,,0,0
CoA_ChromaScan,CLM06P,,FEDERAL 26251,,MEDIUM GREY,,,,0,0
CoA_ChromaScan,CLM08W,,NCS S1502Y,,LIGHT GREY,,,,0,0
CoA_ChromaScan,CLM12H,,FEDERAL 15092,,BLUE,,,,0,0
CoA_ChromaScan,CLM230,,RAL8003,,RAL8003 CLAY BROWN,,,,0,0
CoA_ChromaScan,CLM231,,IP LOCAL UF S79/032  YACHT 293,,TEAK,,,,0,0
CoA_ChromaScan,CLM242,,RAL8004,,RAL8004 COPPER BROWN,,,,0,0
CoA_ChromaScan,CLM273,,HEMPEL 5070,,RED,,,,0,0
CoA_ChromaScan,CLM284,,JPMA 143,,RED OXIDE,,,,0,0
CoA_ChromaScan,CLM319,,BS381C 694,,DOVE GREY,,,,0,0
CoA_ChromaScan,CLM404,,RAL6011,,RAL6011 RESEDA GREEN,,,,0,0
CoA_ChromaScan,CLM51N,,SIGMA 4199,,YELLOW GREEN,,,,0,0
CoA_ChromaScan,CLM57T,,IP M57T,,PASTEL GREEN,,,,0,0
CoA_ChromaScan,CLM704,,RAL7037,,RAL7037 DUSTY GREY,,,,0,0
CoA_ChromaScan,CLM70Y,,FEDERAL 12246,,ORANGE,,,,0,0
CoA_ChromaScan,CLM71R,,FEDERAL 17100,,DARK PURPLE,,,,0,0
CoA_ChromaScan,CLM745,,IP M745,,GREY,,,,0,0
CoA_ChromaScan,CLM86T,,FEDERAL 27038,,BLACK,,,,0,0
CoA_ChromaScan,CLN088,,RAL7006,,RAL7006 BEIGE GREY,,,,0,0
CoA_ChromaScan,CLN24G,,FEDERAL 17038,,BLACK,,,,0,0
CoA_ChromaScan,CLN24P,,MUNSELL 5Y8.5/12,,YELLOW,,,,0,0
CoA_ChromaScan,CLN570,,JP MUNSELL 7.5GY4.5/6,,YELLOW GREEN,,,,0,0
CoA_ChromaScan,CLN64A,,FEDERAL 16307,,AUTUMN GREY,,,,0,0
CoA_ChromaScan,CLN75V,,KNS40750(0.3G7.7/1.1),,LIGHT GREYISH GREEN,,,,0,0
CoA_ChromaScan,CLN85D,,MUNSELL 10BG5/2,,BLUE GREY,,,,0,0
CoA_ChromaScan,CLN964,,RAL5008,,RAL5008 GREY BLUE,,,,0,0
CoA_ChromaScan,CLO013,,MUNSELL 2.5Y8/2,,LIGHT BUFF,,,,0,0
CoA_ChromaScan,CLO051,,MUNSELL 2.5G8/3,,LIGHT GREEN,,,,0,0
CoA_ChromaScan,CLO125,,MUNSELL 2.5PB5/6,,NIAGARA,,,,0,0
CoA_ChromaScan,CLO245,,JOTUN257(Approx.1.3G3.8/4.3),,GREEN,,,,0,0
CoA_ChromaScan,CLO648,,KCC 1128,,GREY,,,,0,0
CoA_ChromaScan,CLO784,,JPMA 511,,GREY GREEN,,,,0,0
CoA_ChromaScan,CLO835,,MUNSELL 7.5B7/2,,CLOUD BLUE,,,,0,0
CoA_ChromaScan,CLO884,,MUNSELL 5GY8/2,,GREEN GREY,,,,0,0
CoA_ChromaScan,CLP12H,,IP GM MUNSELL 5B4/10,,BLUE,,,,0,0
CoA_ChromaScan,CLP12R,,KCC 4490,,MODERATE GREEN,,,,0,0
CoA_ChromaScan,CLP22Q,,IP F-475007,,GREEN,,,,0,0
CoA_ChromaScan,CLP22R,,IP F-807500,,GREY,,,,0,0
CoA_ChromaScan,CLP23G,,FEDERAL 30099,,BROWN,,,,0,0
CoA_ChromaScan,CLP467,,IP LOCAL RG 74-180,,GREEN,,,,0,0
CoA_ChromaScan,CLP63W,,JP MUNSELL 10B3/5,,BLUE,,,,0,0
CoA_ChromaScan,CLP79X,,MUNSELL 2.5PB9/1,,LIGHT GREY,,,,0,0
CoA_ChromaScan,CLP901,,IP LOCAL UU GX296 TIDEWATER BLUE,,DARK BLUE,,,,0,0
CoA_ChromaScan,CLQ15N,,MUNSELL 3.6Y7.31/2.9,,CREAM,,,,0,0
CoA_ChromaScan,CLQ28K,,IP Q28K(APPROX 7.5BG5/4.5),,BLUE GREEN,,,,0,0
CoA_ChromaScan,CLQ32X,,IP Q32X,,PRINCESS BLUE,,,,0,0
CoA_ChromaScan,CLQ45B,,MUNSELL 5PB4/4,,GREY BLUE,,,,0,0
CoA_ChromaScan,CLQ516,,RAL6028,,RAL6028 PINE GREEN PART A,,,,0,0
CoA_ChromaScan,CLQ53P,,FEDERAL 24466,,LIGHT GREEN,,,,0,0
CoA_ChromaScan,CLQ67D,,MUNSELL 7.5YR5/4,,LIGHT BROWN,,,,0,0
CoA_ChromaScan,CLQ765,,RAL7011,,RAL7011 IRON GREY,,,,0,0
CoA_ChromaScan,CLQ879,,BS4800 14C39,,YEW,,,,0,0
CoA_ChromaScan,CLR244,,IP LOCAL UF S87/047,,BROWN,,,,0,0
CoA_ChromaScan,CLR41M,,JP MUNSELL 2.5PB3.5/10,,BLUE,,,,0,0
CoA_ChromaScan,CLR61G,,HEMPEL 30750,,BLUE GREEN,,,,0,0
CoA_ChromaScan,CLR744,,RAL7012,,RAL7012 BASALT GREY,,,,0,0
CoA_ChromaScan,CLR764,,BS381C 632,,DARK ADMIRALTY GREY,,,,0,0
CoA_ChromaScan,CLR807,,FEDERAL 26081,,DARK GREY,,,,0,0
CoA_ChromaScan,CLS089,,HEMPEL 2032,,CREAM,,,,0,0
CoA_ChromaScan,CLS095,,RAL1018,,RAL1018 ZINC YELLOW,,,,0,0
CoA_ChromaScan,CLS216,,RAL1028,,RAL1028 MELON YELLOW,,,,0,0
CoA_ChromaScan,CLS419,,BS4800 1.8E+51,,ARCTIC BLUE,,,,0,0
CoA_ChromaScan,CLS439,,BS5252 18D41,,LIGHT BLUE,,,,0,0
CoA_ChromaScan,CLS651,,IP S651,,BLUE,,,,0,0
CoA_ChromaScan,CLS70L,,MUNSELL 2.5B6/4,,BLUE,,,,0,0
CoA_ChromaScan,CLS717,,RAL4003,,RAL4003 HEATHER VIOLET,,,,0,0
CoA_ChromaScan,CLS83E,,MUNSELL 7.5Y8/12,,YELLOW PART A,,,,0,0
CoA_ChromaScan,CLS951,,RAL5017,,RAL5017 TRAFFIC BLUE,,,,0,0
CoA_ChromaScan,CLT229,,JPMA 254,,BROWN,,,,0,0
CoA_ChromaScan,CLT806,,BS381C 671,,MIDDLE GRAPHITE,,,,0,0
CoA_ChromaScan,CLU07M,,FEDERAL 17925,,WHITE,,,,0,0
CoA_ChromaScan,CLU23Q,,MUNSELL 5BG8/2,,LIGHT GREEN,,,,0,0
CoA_ChromaScan,CLU40Q,,MUNSELL N1.5,,BLACK,,,,0,0
CoA_ChromaScan,CLU40Y,,JPMA 65-80B,,BLUE GREY,,,,0,0
CoA_ChromaScan,CLV725,,MUNSELL N4,,DARK GREY,,,,0,0
CoA_ChromaScan,CLW06E,,MUNSELL 5PB4/10,,BLUE,,,,0,0
CoA_ChromaScan,CLW15X,,NCS S2010Y30R,,STONE,,,,0,0
CoA_ChromaScan,CLW23A,,FEDERAL 37038,,BLACK,,,,0,0
CoA_ChromaScan,CLW246,,RAL8016,,RAL8016 MAHOGANY BROWN,,,,0,0
CoA_ChromaScan,CLW58A,,MUNSELL 7.5BG5/4.5,,BLUE GREEN,,,,0,0
CoA_ChromaScan,CLW91R,,IP W91R,,WHITE ALUMINIUM,,,,0,0
CoA_ChromaScan,CLX00D,,MUNSELL 2.5G9/2,,LIGHT MINT GREEN,,,,0,0
CoA_ChromaScan,CLX01H,,KNS D30871,,AMBROSIA,,,,0,0
CoA_ChromaScan,CLX10Y,,MUNSELL 5PB2/6,,DARK BLUE,,,,0,0
CoA_ChromaScan,CLX14Q,,PANTONE 300C,,BLUE,,,,0,0
CoA_ChromaScan,CLX45B,,MUNSELL 7.5YR5/6,,BROWN,,,,0,0
CoA_ChromaScan,CLX65H,,RAL7046,,RAL7046 TELEGREY,,,,0,0
CoA_ChromaScan,CLX67H,,RAL7047,,RAL7047 TELEGREY,,,,0,0
CoA_ChromaScan,CLX85D,,MUNSELL 7.5GY5/2,,GREY GREEN,,,,0,0
CoA_ChromaScan,CLX86M,,MUNSELL 10GY8.5/3,,LIGHT GREEN,,,,0,0
CoA_ChromaScan,CLX87F,,MUNSELL 2.5G6/2,,GREEN,,,,0,0
CoA_ChromaScan,CLX97K,,MUNSELL 7.5GY6/2,,DUSKY GREEN,,,,0,0
CoA_ChromaScan,CLX97M,,FEDERAL 14062,,GREEN,,,,0,0
CoA_ChromaScan,CLXN14,,AS2700 N14,,WHITE,,,,0,0
CoA_ChromaScan,CLXN61,,AS2700 N61,,BLACK,,,,0,0
CoA_ChromaScan,CLY33X,,MUNSELL 7.5GY8/2,,GREEN GREY,,,,0,0
CoA_ChromaScan,CLY38Y,,PANTONE 3005C,,BLUE,,,,0,0
CoA_ChromaScan,CLY63V,,IP Y63V E-56356,,BLUE,,,,0,0
CoA_ChromaScan,CLY998,,BS381C 642,,NIGHT,,,,0,0
CoA_ChromaScan,CLZ007,,RAL9010,,RAL9010 PURE WHITE,,,,0,0
CoA_ChromaScan,CLZ016,,RAL9016,,RAL9016 TRAFFIC WHITE,,,,0,0
CoA_ChromaScan,CLZ028,,RAL9003,,RAL9003 SIGNAL WHITE,,,,0,0
CoA_ChromaScan,CLZ090,,IP Z090,,QATAR GAS LNG YELLOW,,,,0,0
CoA_ChromaScan,CLZ204,,MUNSELL 10GY8/4,,LIGHT GREEN,,,,0,0
CoA_ChromaScan,CLZ335,,A.P.MOELLER 18,,BROOM YELLOW,,,,0,0
CoA_ChromaScan,CLZ460,,RAL3031,,RAL3031 ORIENT RED,,,,0,0
CoA_ChromaScan,CLZ638,,"MUNSELL	N7.0",,GREY PART A,,,,0,0
CoA_ChromaScan,CLZ651,,RAL7040,,RAL7040 WINDOW GREY,,,,0,0
CoA_ChromaScan,CLZ771,,RAL6034,,RAL6034 PASTEL TURQUOISE,,,,0,0
CoA_ChromaScan,CLZ858,,MUNSELL 7.5GY7/4,,LIGHT GREEN,,,,0,0
CoA_ChromaScan,CLZ863,,JOTUN 131,,GREEN,,,,0,0
CoA_ChromaScan,CLZ901,,RAL9017,,RAL9017 TRAFFIC BLACK,,,,0,0
CoA_ChromaScan,CLZ903,,RAL9004,,RAL9004 SIGNAL BLACK,,,,0,0
CoA_ChromaScan,CLZ916,,RAL5024,,RAL5024 PASTEL BLUE,,,,0,0
CoA_ChromaScan,CLZ938,,HEMPEL 4064,,SIGNAL GREEN,,,,0,0
CoA_ChromaScan,CLZ945,,JOTUN 38,,SEA GREY,,,,0,0
CoA_ChromaScan,ECB123,,BS381C 369,,BISCUIT PART A,,,,0,0
CoA_ChromaScan,ECB125,,IP LOCAL UF S79/030,,SAND PART A,,,,0,0
CoA_ChromaScan,ECB43U,,IP B43U,,HAZE GREY PART A,,,,0,0
CoA_ChromaScan,ECB43V,,IP B43V,,DECK GREY PART A,,,,0,0
CoA_ChromaScan,ECB45N,,IP B45N,,DECK RED PART A,,,,0,0
CoA_ChromaScan,ECB45P,,IP B45P,,DARK GREEN PART A,,,,0,0
CoA_ChromaScan,ECB45T,,IP B45T,,LIGHT HAZE GREY PART A,,,,0,0
CoA_ChromaScan,ECB45U,,IP B45U,,OCEAN BLUE PART A,,,,0,0
CoA_ChromaScan,ECB51A,,MUNSELL 5B6/2,,GREY BLUE PART A,,,,0,0
CoA_ChromaScan,ECB558,,MUNSELL 2.5BG5/9,,GREEN PART A,,,,0,0
CoA_ChromaScan,ECB571,,BS4800 18E53,,CORNFLOWER BLUE PART A,,,,0,0
CoA_ChromaScan,ECB601,,RAL6026,,RAL6026 OPAL GREEN PART A,,,,0,0
CoA_ChromaScan,ECB898,,RAL5012,,RAL5012 LIGHT BLUE PART A,,,,0,0
CoA_ChromaScan,ECB915,,RAL5015,,RAL5015 SKY BLUE PART A,,,,0,0
CoA_ChromaScan,ECB921,,MUNSELL 5PB3/9,,BLUE PART A,,,,0,0
CoA_ChromaScan,ECB953,,RAL5005,,RAL5005 SIGNAL BLUE PART A,,,,0,0
CoA_ChromaScan,ECB969,,IP LOCAL UF S87/080,,BLUE PART A,,,,0,0
CoA_ChromaScan,ECC000,,IP LOCAL UF S91/037,,BLUED WHITE PART A,,,,0,0
CoA_ChromaScan,ECC018,,RAL9001,,RAL9001 CREAM PART A,,,,0,0
CoA_ChromaScan,ECC066,,BS381C 309,,CANARY YELLOW PART A,,,,0,0
CoA_ChromaScan,ECC070,,FEDERAL 27778,,IVORY PART A,,,,0,0
CoA_ChromaScan,ECC141,,KNS 29782,,PEACH PART A,,,,0,0
CoA_ChromaScan,ECC199,,FEDERAL 13538,,YELLOW PART A,,,,0,0
CoA_ChromaScan,ECC633,,RAL5009,,RAL5009 AZURE BLUE PART A,,,,0,0
CoA_ChromaScan,ECC893,,RAL4004,,RAL4004 CLARET VIOLET PART A,,,,0,0
CoA_ChromaScan,ECC901,,BS381C 175,,LIGHT FRENCH BLUE PART A,,,,0,0
CoA_ChromaScan,ECC919,,JPMA 837,,BLUE PART A,,,,0,0
CoA_ChromaScan,ECC922,,RAL5002,,RAL5002 ULTRAMARINE BLUE PART A,,,,0,0
CoA_ChromaScan,ECC924,,RAL5022,,RAL5022 NIGHT BLUE PART A,,,,0,0
CoA_ChromaScan,ECC935,,IP C935,,CARIBBEAN BLUE PART A,,,,0,0
CoA_ChromaScan,ECC967,,JOTUN 255,,BLUE PART A,,,,0,0
CoA_ChromaScan,ECD053,,IP LOCAL UF S79/029,,STONE PART A,,,,0,0
CoA_ChromaScan,ECD087,,RAL1015,,RAL1015 LIGHT IVORY PART A,,,,0,0
CoA_ChromaScan,ECD441,,IP LOCAL UF S79/025,,TROPICAL BLUE PART A,,,,0,0
CoA_ChromaScan,ECD531,,BS4800 1.8E+52,,LAGOON PART A,,,,0,0
CoA_ChromaScan,ECD562,,RAL6024,,RAL6024 TRAFFIC GREEN PART A,,,,0,0
CoA_ChromaScan,ECD583,,RAL6029,,RAL6029 MINT GREEN PART A,,,,0,0
CoA_ChromaScan,ECD704,,RAL7035,,RAL7035 LIGHT GREY PART A,,,,0,0
CoA_ChromaScan,ECD709,,JPMA 75-70B,,GREY PART A,,,,0,0
CoA_ChromaScan,ECD913,,IP LOCAL UF S79/026,,SIGNAL BLUE PART A,,,,0,0
CoA_ChromaScan,ECE019,,RAL1013,,RAL1013 OYSTER WHITE PART A,,,,0,0
CoA_ChromaScan,ECE068,,FEDERAL 27886,,OFF WHITE PART A,,,,0,0
CoA_ChromaScan,ECE087,,JPMA 309,,PALE CREAM PART A,,,,0,0
CoA_ChromaScan,ECE109,,RAL1002,,RAL1002 SAND YELLOW PART A,,,,0,0
CoA_ChromaScan,ECE299,,FEDERAL 11105,,RED PART A,,,,0,0
CoA_ChromaScan,ECE322,,RAL6019,,RAL6019 PASTEL GREEN PART A,,,,0,0
CoA_ChromaScan,ECE323,,IP LOCAL UF S79/035,,SPRAY GREEN PART A,,,,0,0
CoA_ChromaScan,ECE563,,RAL6032,,RAL6032 SIGNAL GREEN PART A,,,,0,0
CoA_ChromaScan,ECE589,,RAL6001,,RAL6001 EMERALD GREEN PART A,,,,0,0
CoA_ChromaScan,ECE970,,RAL5003,,RAL5003 SAPPHIRE BLUE PART A,,,,0,0
CoA_ChromaScan,ECE971,,RAL5013,,RAL5013 COBALT BLUE PART A,,,,0,0
CoA_ChromaScan,ECE978,,KCC A5510,,BLUE PART A,,,,0,0
CoA_ChromaScan,ECE992,,IP LOCAL UF S91/035,,OCEAN BLUE PART A,,,,0,0
CoA_ChromaScan,ECF000,,BS4800 10A03,,MIST GREY PART A,,,,0,0
CoA_ChromaScan,ECF259,,RAL2001,,RAL2001 RED ORANGE PART A,,,,0,0
CoA_ChromaScan,ECF321,,MUNSELL 2.5G7/2,,LIGHT GREEN PART A,,,,0,0
CoA_ChromaScan,ECF384,,BS381C 216,,EAU-DE-NIL PART A,,,,0,0
CoA_ChromaScan,ECF684,,IP F684,,SURF GREY PART A,,,,0,0
CoA_ChromaScan,ECG360,,MUNSELL 7.5BG7/2,,AQUAMIST BLUE PART A,,,,0,0
CoA_ChromaScan,ECG590,,RAL6002,,RAL6002 LEAF GREEN PART A,,,,0,0
CoA_ChromaScan,ECG607,,MUNSELL 2.5G3/6,,DARK GREEN PART A,,,,0,0
CoA_ChromaScan,ECG609,,BS381C 267,,DEEP CHROME GREEN PART A,,,,0,0
CoA_ChromaScan,ECH017,,BS381C 627,,PEARL GREY PART A,,,,0,0
CoA_ChromaScan,ECH051,,MUNSELL N8,,GREY PART A,,,,0,0
CoA_ChromaScan,ECH607,,KCC 4430,,GREEN PART A,,,,0,0
CoA_ChromaScan,ECH685,,JPMA 1004(N7.0),,LIGHT GREY PART A,,,,0,0
CoA_ChromaScan,ECH704,,FEDERAL 26373,,GREY PART A,,,,0,0
CoA_ChromaScan,ECI119,,PANTONE 294C,,CLASSIC BLUE PART A,,,,0,0
CoA_ChromaScan,ECI319,,KNS 47810,,LIGHT GREY PART A,,,,0,0
CoA_ChromaScan,ECJ019,,RAL7032,,RAL7032 PEBBLE GREY PART A,,,,0,0
CoA_ChromaScan,ECJ14E,,MUNSELL 5G6/4,,GREEN PART A,,,,0,0
CoA_ChromaScan,ECJ24N,,FEDERAL 26231,,GRAY PART A,,,,0,0
CoA_ChromaScan,ECJ43N,,PANTONE 2935C,,BLUE PART A,,,,0,0
CoA_ChromaScan,ECJ605,,KCC 4440,,DARK GREEN PART A,,,,0,0
CoA_ChromaScan,ECJ684,,MUNSELL N6.5,,GREY PART A,,,,0,0
CoA_ChromaScan,ECJ919,,BS4800 20D45,,ENSIGN PART A,,,,0,0
CoA_ChromaScan,ECK363,,RAL6021,,RAL6021 PALE GREEN PART A,,,,0,0
CoA_ChromaScan,ECK379,,JPMA 634 (7.5BG6/1.5 ),,GREY PART A,,,,0,0
CoA_ChromaScan,ECK516,,RAL6000,,RAL6000 PATINA GREEN PART A,,,,0,0
CoA_ChromaScan,ECK705,,FEDERAL 26270,,HAZE GREY PART A,,,,0,0
CoA_ChromaScan,ECK724,,IP K724,,STORM GREY PART A,,,,0,0
CoA_ChromaScan,ECK766,,RAL7001,,RAL7001 SILVER GREY PART A,,,,0,0
CoA_ChromaScan,ECL000,,FEDERAL 26307,,GREY PART A,,,,0,0
CoA_ChromaScan,ECL288,,JOTUN 49,,RED PART A,,,,0,0
CoA_ChromaScan,ECL547,,RAL6010,,RAL6010 GRASS GREEN PART A,,,,0,0
CoA_ChromaScan,ECL685,,MUNSELL N6.0,,GREY PART A,,,,0,0
CoA_ChromaScan,ECL764,,IP LOCAL UF S79/163,,DARK GREY PART A,,,,0,0
CoA_ChromaScan,ECM018,,RAL7030,,RAL7030 STONE GREY PART A,,,,0,0
CoA_ChromaScan,ECM051,,RAL7004,,RAL7004 SIGNAL GREY PART A,,,,0,0
CoA_ChromaScan,ECM06P,,FEDERAL 26251,,MEDIUM GREY PART A,,,,0,0
CoA_ChromaScan,ECM12L,,FEDERAL 26173,,MID GREY PART A,,,,0,0
CoA_ChromaScan,ECM230,,RAL8003,,RAL8003 CLAY BROWN PART A,,,,0,0
CoA_ChromaScan,ECM242,,RAL8004,,RAL8004 COPPER BROWN PART A,,,,0,0
CoA_ChromaScan,ECM319,,BS381C 694,,DOVE GREY PART A,,,,0,0
CoA_ChromaScan,ECM404,,RAL6011,,RAL6011 RESEDA GREEN PART A,,,,0,0
CoA_ChromaScan,ECM67R,,CHUGOKU CS-516,,DARK GREY PART A,,,,0,0
CoA_ChromaScan,ECM704,,RAL7037,,RAL7037 DUSTY GREY PART A,,,,0,0
CoA_ChromaScan,ECM70Y,,FEDERAL 12246,,ORANGE PART A,,,,0,0
CoA_ChromaScan,ECM77T,,CARBOLINE C703,,MEDIUM GREY PART A,,,,0,0
CoA_ChromaScan,ECN34C,,SIGMA 3142,,AMBROSIA (3142) PART A,,,,0,0
CoA_ChromaScan,ECN404,,JPMA 414,,GREEN PART A,,,,0,0
CoA_ChromaScan,ECN64A,,FEDERAL 16307,,AUTUMN GREY PART A,,,,0,0
CoA_ChromaScan,ECO061,,MUNSELL N9.25,,GREYED WHITE PART A,,,,0,0
CoA_ChromaScan,ECO125,,MUNSELL 2.5PB5/6,,NIAGARA PART A,,,,0,0
CoA_ChromaScan,ECO356,,MUNSELL 2.5Y8/4,,BEIGE PART A,,,,0,0
CoA_ChromaScan,ECO400,,CHUGOKU CS-511,,REDDISH BROWN PART A,,,,0,0
CoA_ChromaScan,ECO609,,HEMPEL 1027,,STONE GREY PART A,,,,0,0
CoA_ChromaScan,ECO628,,MUNSELL 10Y7/1,,LIGHT GREY PART A,,,,0,0
CoA_ChromaScan,ECO639,,RAL7045,,RAL7045 TELEGREY PART A,,,,0,0
CoA_ChromaScan,ECO835,,MUNSELL 7.5B7/2,,CLOUD BLUE PART A,,,,0,0
CoA_ChromaScan,ECO969,,MUNSELL 7.5BG5/2,,GREY GREEN PART A,,,,0,0
CoA_ChromaScan,ECP07L,,MUNSELL 7.5YR6/3,,LIGHT BROWN PART A,,,,0,0
CoA_ChromaScan,ECP12R,,KCC 4490,,MODERATE GREEN PART A,,,,0,0
CoA_ChromaScan,ECP275,,RAL8012,,RAL8012 RED BROWN PART A,,,,0,0
CoA_ChromaScan,ECP467,,IP LOCAL RG 74-180,,GREEN PART A,,,,0,0
CoA_ChromaScan,ECP64K,,IP P64K,,DARK GREEN PART A,,,,0,0
CoA_ChromaScan,ECP99Q,,PANTONE 287C,,BRIGHT BLUE PART A,,,,0,0
CoA_ChromaScan,ECQ275,,RAL8015,,RAL8015 CHESTNUT BROWN PART A,,,,0,0
CoA_ChromaScan,ECQ32X,,IP Q32X,,PRINCESS BLUE PART A,,,,0,0
CoA_ChromaScan,ECQ53P,,FEDERAL 24466,,LIGHT GREEN PART A,,,,0,0
CoA_ChromaScan,ECQ765,,RAL7011,,RAL7011 IRON GREY PART A,,,,0,0
CoA_ChromaScan,ECR744,,RAL7012,,RAL7012 BASALT GREY PART A,,,,0,0
CoA_ChromaScan,ECR807,,FEDERAL 26081,,DARK GREY PART A,,,,0,0
CoA_ChromaScan,ECR808,,RAL7024,,RAL7024 GRAPHITE GREY PART A,,,,0,0
CoA_ChromaScan,ECS089,,HEMPEL 2032,,CREAM PART A,,,,0,0
CoA_ChromaScan,ECS419,,BS4800 1.8E+51,,ARCTIC BLUE PART A,,,,0,0
CoA_ChromaScan,ECS439,,BS5252 18D41,,LIGHT BLUE PART A,,,,0,0
CoA_ChromaScan,ECS596,,RAL5021,,RAL5021 WATER BLUE PART A,,,,0,0
CoA_ChromaScan,ECS907,,JPMA 848,,BLUE PART A,,,,0,0
CoA_ChromaScan,ECT806,,BS381C 671,,MIDDLE GRAPHITE PART A,,,,0,0
CoA_ChromaScan,ECU87B,,MUNSELL 5GY3.2/2.2,,DARK OLIVE GREEN PART A,,,,0,0
CoA_ChromaScan,ECV09B,,KCC V09B,,AQUAMIST BLUE PART A,,,,0,0
CoA_ChromaScan,ECV725,,MUNSELL N4,,DARK GREY PART A,,,,0,0
CoA_ChromaScan,ECW17G,,MUNSELL 8B4.5/3.25,,BLUE PART A,,,,0,0
CoA_ChromaScan,ECW897,,BS381C 633,,BLUE GREY PART A,,,,0,0
CoA_ChromaScan,ECW97R,,PANTONE 7C,,COOL GRAY 7C PART A,,,,0,0
CoA_ChromaScan,ECX09P,,FEDERAL 17875,,OFF WHITE PART A,,,,0,0
CoA_ChromaScan,ECX14Q,,PANTONE 300C,,BLUE PART A,,,,0,0
CoA_ChromaScan,ECX61M,,FEDERAL 16440,,AUTUMN GREY PART A,,,,0,0
CoA_ChromaScan,ECX64A,,ANSI 61,,GREY PART A,,,,0,0
CoA_ChromaScan,ECX65H,,RAL7046,,RAL7046 TELEGREY PART A,,,,0,0
CoA_ChromaScan,ECX67H,,RAL7047,,RAL7047 TELEGREY PART A,,,,0,0
CoA_ChromaScan,ECX87F,,MUNSELL 2.5G6/2,,GREEN PART A,,,,0,0
CoA_ChromaScan,ECX89Y,,PANTONE 354C,,BRIGHT GREEN PART A,,,,0,0
CoA_ChromaScan,ECX97M,,FEDERAL 14062,,GREEN PART A,,,,0,0
CoA_ChromaScan,ECY05D,,MUNSELL N9.5,,WHITE PART A,,,,0,0
CoA_ChromaScan,ECY29G,,NCS S0540B10G,,BLUE PART A,,,,0,0
CoA_ChromaScan,ECZ007,,RAL9010,,RAL9010 PURE WHITE PART A,,,,0,0
CoA_ChromaScan,ECZ090,,IP Z090,,QATAR GAS LNG YELLOW PART A,,,,0,0
CoA_ChromaScan,ECZ461,,HEMPEL 5063/50630,,TILE RED PART A,,,,0,0
CoA_ChromaScan,ECZ655,,SIGMA 5198,,DARK GREY PART A,,,,0,0
CoA_ChromaScan,ECZ771,,RAL6034,,RAL6034 PASTEL TURQUOISE PART A,,,,0,0
CoA_ChromaScan,ECZ802,,HEMPEL 20380,,CREAM PART A,,,,0,0
CoA_ChromaScan,ECZ899,,MUNSELL 10GY5/4 M466,,GREEN PART A,,,,0,0
CoA_ChromaScan,ECZ916,,RAL5024,,RAL5024 PASTEL BLUE PART A,,,,0,0
CoA_ChromaScan,ECZ938,,HEMPEL 4064,,SIGNAL GREEN PART A,,,,0,0
CoA_ChromaScan,ECZ945,,JOTUN 38,,SEA GREY PART A,,,,0,0
CoA_ChromaScan,EGB011,,RAL1016,,RAL1016 SULFUR YELLOW PART A,,,,0,0
CoA_ChromaScan,EGB132,,RAL1023,,RAL1023 TRAFFIC YELLOW PART A,,,,0,0
CoA_ChromaScan,EGB168,,RAL1003,,RAL1003 SIGNAL YELLOW PART A,,,,0,0
CoA_ChromaScan,EGB188,,RAL3015,,RAL3015 PINK PART A,,,,0,0
CoA_ChromaScan,EGB912,,RAL5015,,RAL5015 SKY BLUE PART A,,,,0,0
CoA_ChromaScan,EGB915,,RAL5015,,RAL5015 SKY BLUE PART A,,,,0,0
CoA_ChromaScan,EGB953,,RAL5005,,RAL5005 SIGNAL BLUE PART A,,,,0,0
CoA_ChromaScan,EGC152,,MUNSELL 2.5Y8/12,,YELLOW PART A,,,,0,0
CoA_ChromaScan,EGC287,,IP C287,,SIGNAL RED PART A,,,,0,0
CoA_ChromaScan,EGC296,,RAL3002,,RAL3002 CARMINE RED PART A,,,,0,0
CoA_ChromaScan,EGD001,,MUNSELL N9,,OFF WHITE PART A,,,,0,0
CoA_ChromaScan,EGD562,,RAL6024,,RAL6024 TRAFFIC GREEN PART A,,,,0,0
CoA_ChromaScan,EGD704,,RAL7035,,RAL7035 LIGHT GREY PART A,,,,0,0
CoA_ChromaScan,EGE017,,RAL9002,,RAL9002 GREY WHITE PART A,,,,0,0
CoA_ChromaScan,EGE019,,RAL1013,,RAL1013 OYSTER WHITE PART A,,,,0,0
CoA_ChromaScan,EGE055,,RAL1014,,RAL1014 IVORY PART A,,,,0,0
CoA_ChromaScan,EGE12H,,MUNSELL JP MUN 5B2/5,,BLUE PART A,,,,0,0
CoA_ChromaScan,EGE322,,RAL6019,,RAL6019 PASTEL GREEN PART A,,,,0,0
CoA_ChromaScan,EGF321,,MUNSELL 2.5G7/2,,LIGHT GREEN PART A,,,,0,0
CoA_ChromaScan,EGF526,,RAL6018,,RAL6018 YELLOW GREEN PART A,,,,0,0
CoA_ChromaScan,EGG135,,RAL1004,,RAL1004 GOLDEN YELLOW PART A,,,,0,0
CoA_ChromaScan,EGG991,,RAL5011,,STEEL BLUE PART A,,,,0,0
CoA_ChromaScan,EGH889,,BS381C 796,,DARK VIOLET PART A,,,,0,0
CoA_ChromaScan,EGI103,,RAL5023,,RAL5023 DISTANT BLUE PART A,,,,0,0
CoA_ChromaScan,EGI605,,RAL9005,,RAL9005 JET BLACK PART A,,,,0,0
CoA_ChromaScan,EGJ491,,RAL6017,,RAL6017 MAY GREEN PART A,,,,0,0
CoA_ChromaScan,EGK363,,RAL6021,,RAL6021 PALE GREEN PART A,,,,0,0
CoA_ChromaScan,EGK705,,FEDERAL 26270,,HAZE GREY PART A,,,,0,0
CoA_ChromaScan,EGK766,,RAL7001,,RAL7001 SILVER GREY PART A,,,,0,0
CoA_ChromaScan,EGM051,,RAL7004,,RAL7004 SIGNAL GREY PART A,,,,0,0
CoA_ChromaScan,EGM272,,RAL3009,,RAL3009 OXIDE RED PART A,,,,0,0
CoA_ChromaScan,EGM404,,RAL6011,,RAL6011 RESEDA GREEN PART A,,,,0,0
CoA_ChromaScan,EGM66T,,DEVOE DC9800,,SAFETY BLUE PART A,,,,0,0
CoA_ChromaScan,EGM704,,RAL7037,,RAL7037 DUSTY GREY PART A,,,,0,0
CoA_ChromaScan,EGN75V,,KNS40750(0.3G7.7/1.1),,LIGHT GREYISH GREEN PART A,,,,0,0
CoA_ChromaScan,EGO125,,MUNSELL 2.5PB5/6,,NIAGARA PART A,,,,0,0
CoA_ChromaScan,EGO648,,KCC 1128,,GREY PART A,,,,0,0
CoA_ChromaScan,EGQ808,,RAL7015,,RAL7015 SLATE GREY PART A,,,,0,0
CoA_ChromaScan,EGS897,,MUNSELL 10B5/10,,LIGHT BLUE PART A,,,,0,0
CoA_ChromaScan,EGS951,,RAL5017,,RAL5017 TRAFFIC BLUE PART A,,,,0,0
CoA_ChromaScan,EGT04Q,,JP MUNSELL 3.5G7.0/9.1,,GREEN PART A,,,,0,0
CoA_ChromaScan,EGT364,,JP MUNSELL 7.5GY5.5/1,,YELLOW GREY PART A,,,,0,0
CoA_ChromaScan,EGV99E,,BS5252 00E55,,WHITE PART A,,,,0,0
CoA_ChromaScan,EGX45B,,MUNSELL 7.5YR5/6,,BROWN PART A,,,,0,0
CoA_ChromaScan,EGX69Y,,FEDERAL STD 26008,,DARK GREY PART A,,,,0,0
CoA_ChromaScan,EGXN44,,AS2700 N44,,BRIDGE GREY PART A,,,,0,0
CoA_ChromaScan,EGXN64,,AS2700 N64,,DARK GREY PART A,,,,0,0
CoA_ChromaScan,EGXX42,,AS2700 X42,,BISCUIT PART A,,,,0,0
CoA_ChromaScan,EGY05D,,MUNSELL N9.5,,WHITE PART A,,,,0,0
CoA_ChromaScan,EGY34W,,MUNSELL 5B7/4,,LIGHT BLUE PART A,,,,0,0
CoA_ChromaScan,EGY999,,IP Y999,,BLACK PART A,,,,0,0
CoA_ChromaScan,EGZ007,,RAL9010,,RAL9010 PURE WHITE PART A,,,,0,0
CoA_ChromaScan,EGZ016,,RAL9016,,RAL9016 TRAFFIC WHITE PART A,,,,0,0
CoA_ChromaScan,EGZ638,,MUNSELL N7.0,,GREY PART A,,,,0,0
CoA_ChromaScan,EGZ681,,RAL7044,,RAL7044 SILK GREY PART A,,,,0,0
CoA_ChromaScan,EGZ912,,RAL7038,,RAL7038 AGATE GREY PART A,,,,0,0
CoA_ChromaScan,EGZ916,,RAL5024,,RAL5024 PASTEL BLUE PART A,,,,0,0
CoA_ChromaScan,EMB132,,RAL1023,,RAL1023 TRAFFIC YELLOW PART A,,,,0,0
CoA_ChromaScan,EMB890,,RAL4008,,RAL4008 SIGNAL VIOLET PART A,,,,0,0
CoA_ChromaScan,EMB898,,RAL5012,,RAL5012 LIGHT BLUE,,,,0,0
CoA_ChromaScan,EMB915,,RAL5015,,RAL5015 SKY BLUE,,,,0,0
CoA_ChromaScan,EMB953,,RAL5005,,RAL5005 SIGNAL BLUE,,,,0,0
CoA_ChromaScan,EMC603,,RAL6016,,TURQUOISE GREEN PART A,,,,0,0
CoA_ChromaScan,EMD583,,RAL 6029,,RAL6029 MINT GREEN PART A,,,,0,0
CoA_ChromaScan,EMD704,,RAL7035,,RAL7035 LIGHT GREY PART A,,,,0,0
CoA_ChromaScan,EME017,,RAL9002,,RAL9002 GREY WHITE PART A,,,,0,0
CoA_ChromaScan,EME229,,IP E229,,ORANGE PART A,,,,0,0
CoA_ChromaScan,EME298,,RAL3001,,RAL3001 SIGNAL RED PART A,,,,0,0
CoA_ChromaScan,EME322,,RAL6019,,RAL6019 PASTEL GREEN,,,,0,0
CoA_ChromaScan,EMF000,,BS4800 10A03,,MIST GREY,,,,0,0
CoA_ChromaScan,EMF626,,RAL6005,,RAL6005 MOSS GREEN,,,,0,0
CoA_ChromaScan,EMG590,,RAL6002,,RAL6002 LEAF GREEN,,,,0,0
CoA_ChromaScan,EMH296,,RAL3011,,RAL3011 BROWN RED,,,,0,0
CoA_ChromaScan,EMI605,,RAL9005,,RAL9005 JET BLACK,,,,0,0
CoA_ChromaScan,EMJ019,,RAL7032,,RAL7032 PEBBLE GREY,,,,0,0
CoA_ChromaScan,EMJ684,,MUNSELL N6.5,,GREY PART A,,,,0,0
CoA_ChromaScan,EMK363,,RAL6021,,RAL6021 PALE GREEN,,,,0,0
CoA_ChromaScan,EMK766,,RAL7001,,RAL7001 SILVER GREY PART A,,,,0,0
CoA_ChromaScan,EML274,,IP L274,,RED PART A,,,,0,0
CoA_ChromaScan,EML685,,MUNSELL N6.0,,GREY,,,,0,0
CoA_ChromaScan,EMM018,,RAL7030,,RAL7030 STONE GREY,,,,0,0
CoA_ChromaScan,EMQ226,,RAL8002,,RAL8002 SIGNAL BROWN PART A,,,,0,0
CoA_ChromaScan,EMV745,,IP V745,,DARK GREY,,,,0,0
CoA_ChromaScan,EMX58F,,RAL2000,,RAL2000 YELLOW ORANGE PART A,,,,0,0
CoA_ChromaScan,EMX67H,,RAL7047,,RAL7047 TELEGREY,,,,0,0
CoA_ChromaScan,EMY154,,RAL8019,,RAL8019 GREY BROWN PART A,,,,0,0
CoA_ChromaScan,EMZ016,,RAL9016,,RAL9016 TRAFFIC WHITE PART A,,,,0,0
CoA_ChromaScan,EMZ028,,RAL9003,,RAL9003 SIGNAL WHITE,,,,0,0
CoA_ChromaScan,EMZ625,,RAL7042,,RAL7042 TRAFFIC GREY A,,,,0,0
CoA_ChromaScan,EMZ651,,RAL7040,,RAL7040 WINDOW GREY PART A,,,,0,0
CoA_ChromaScan,EMZ912,,RAL7038,,RAL7038 AGATE GREY,,,,0,0
CoA_ChromaScan,FQB052,,BS4800 10B15,,GARDENIA PART A,,,,0,0
CoA_ChromaScan,FQB168,,RAL1003,,RAL1003 SIGNAL YELLOW PART A,,,,0,0
CoA_ChromaScan,FQB188,,RAL3015,,RAL3015 PINK PART A,,,,0,0
CoA_ChromaScan,FQB291,,MUNSELL 5R4/14,,RED PART A,,,,0,0
CoA_ChromaScan,FQB299,,RAL3020,,RAL3020 TRAFFIC RED PART A,,,,0,0
CoA_ChromaScan,FQB310,,A.P.MOELLER TOPSIDES BLUE,,TOPSIDES BLUE PART A,,,,0,0
CoA_ChromaScan,FQB43U,,IP B43U,,HAZE GREY PART A,,,,0,0
CoA_ChromaScan,FQB43V,,IP B43V,,DECK GREY PART A,,,,0,0
CoA_ChromaScan,FQB45N,,IP B45N,,DECK RED PART A,,,,0,0
CoA_ChromaScan,FQB45T,,IP B45T,,LIGHT HAZE GREY PART A,,,,0,0
CoA_ChromaScan,FQB558,,MUNSELL 2.5BG5/9,,GREEN PART A,,,,0,0
CoA_ChromaScan,FQB571,,BS4800 18E53,,CORNFLOWER BLUE PART A,,,,0,0
CoA_ChromaScan,FQB601,,RAL6026,,RAL6026 OPAL GREEN PART A,,,,0,0
CoA_ChromaScan,FQB785,,MUNSELL 2.5PB8/4,,LIGHT BLUE PART A,,,,0,0
CoA_ChromaScan,FQB890,,RAL4008,,RAL4008 SIGNAL VIOLET PART A,,,,0,0
CoA_ChromaScan,FQB898,,RAL5012,,RAL5012 LIGHT BLUE PART A,,,,0,0
CoA_ChromaScan,FQB915,,RAL5015,,RAL5015 SKY BLUE PART A,,,,0,0
CoA_ChromaScan,FQB921,,MUNSELL 5PB3/9,,BLUE PART A,,,,0,0
CoA_ChromaScan,FQB953,,RAL5005,,RAL5005 SIGNAL BLUE PART A,,,,0,0
CoA_ChromaScan,FQB969,,IP LOCAL UF S87/080,,BLUE PART A,,,,0,0
CoA_ChromaScan,FQC000,,IP LOCAL UF S91/037,,BLUED WHITE PART A,,,,0,0
CoA_ChromaScan,FQC070,,FEDERAL 27778,,IVORY PART A,,,,0,0
CoA_ChromaScan,FQC199,,FEDERAL 13538,,YELLOW PART A,,,,0,0
CoA_ChromaScan,FQC244,,MUNSELL 2.5YR6/14,,ORANGE PART A,,,,0,0
CoA_ChromaScan,FQC33A,,MUNSELL 10YR7.5/11.5,,YELLOW PART A,,,,0,0
CoA_ChromaScan,FQC382,,MUNSELL 5G8/4,,LIGHT GREEN PART A,,,,0,0
CoA_ChromaScan,FQC633,,RAL5009,,RAL5009 AZURE BLUE PART A,,,,0,0
CoA_ChromaScan,FQC893,,RAL4004,,RAL4004 CLARET VIOLET PART A,,,,0,0
CoA_ChromaScan,FQC919,,JPMA 837,,BLUE PART A,,,,0,0
CoA_ChromaScan,FQC922,,RAL5002,,RAL5002 ULTRAMARINE BLUE PART A,,,,0,0
CoA_ChromaScan,FQC924,,RAL5022,,RAL5022 NIGHT BLUE PART A,,,,0,0
CoA_ChromaScan,FQC935,,IP C935,,CARIBBEAN BLUE PART A,,,,0,0
CoA_ChromaScan,FQC967,,JOTUN 255,,BLUE PART A,,,,0,0
CoA_ChromaScan,FQD053,,IP LOCAL UF S79/029,,STONE PART A,,,,0,0
CoA_ChromaScan,FQD12U,,FEDERAL 35050,,NAVY BLUE PART A,,,,0,0
CoA_ChromaScan,FQD169,,RAL1006,,RAL1006 MAIZE YELLOW PART A,,,,0,0
CoA_ChromaScan,FQD20R,,MUNSELL 2.5G4/5,,GREEN PART A,,,,0,0
CoA_ChromaScan,FQD259,,RAL2004,,RAL2004 PURE ORANGE PART A,,,,0,0
CoA_ChromaScan,FQD441,,IP LOCAL UF S79/025,,TROPICAL BLUE PART A,,,,0,0
CoA_ChromaScan,FQD45U,,SAMHWA A1286,,GREY PART A,,,,0,0
CoA_ChromaScan,FQD531,,BS4800 1.8E+52,,LAGOON PART A,,,,0,0
CoA_ChromaScan,FQD541,,"BS4800 	14E53",,ELFIN GREEN PART A,,,,0,0
CoA_ChromaScan,FQD55J,,BYUCKSAN BC-277514,,YELLOW PART A,,,,0,0
CoA_ChromaScan,FQD704,,RAL7035,,RAL7035 LIGHT GREY PART A,,,,0,0
CoA_ChromaScan,FQD913,,IP LOCAL UF S79/026,,SIGNAL BLUE PART A,,,,0,0
CoA_ChromaScan,FQE000,,BS4800 00A01,,DAWN GREY PART A,,,,0,0
CoA_ChromaScan,FQE017,,RAL9002,,RAL9002 GREY WHITE PART A,,,,0,0
CoA_ChromaScan,FQE019,,RAL1013,,RAL1013 OYSTER WHITE PART A,,,,0,0
CoA_ChromaScan,FQE068,,FEDERAL 27886,,OFF WHITE PART A,,,,0,0
CoA_ChromaScan,FQE143,,BS381C 358,,BUFF PART A,,,,0,0
CoA_ChromaScan,FQE298,,RAL3001,,RAL3001 SIGNAL RED PART A,,,,0,0
CoA_ChromaScan,FQE299,,FEDERAL 11105,,RED PART A,,,,0,0
CoA_ChromaScan,FQE322,,RAL6019,,RAL6019 PASTEL GREEN PART A,,,,0,0
CoA_ChromaScan,FQE323,,IP LOCAL UF S79/035,,SPRAY GREEN PART A,,,,0,0
CoA_ChromaScan,FQE563,,RAL6032,,RAL6032 SIGNAL GREEN PART A,,,,0,0
CoA_ChromaScan,FQE624,,MUNSELL 10GY3/6,,GREEN PART A,,,,0,0
CoA_ChromaScan,FQE918,,RAL5019,,RAL5019 CAPRI BLUE PART A,,,,0,0
CoA_ChromaScan,FQE938,,BS381C 104,,AZURE BLUE PART A,,,,0,0
CoA_ChromaScan,FQE970,,RAL5003,,RAL5003 SAPPHIRE BLUE PART A,,,,0,0
CoA_ChromaScan,FQE992,,IP LOCAL UF S91/035,,OCEAN BLUE PART A,,,,0,0
CoA_ChromaScan,FQF000,,BS4800 10A03,,MIST GREY PART A,,,,0,0
CoA_ChromaScan,FQF071,,BS4800 10B17,,DOVE GREY PART A,,,,0,0
CoA_ChromaScan,FQF150,,RAL1005,,RAL1005 HONEY YELLOW PART A,,,,0,0
CoA_ChromaScan,FQF259,,RAL2001,,RAL2001 RED ORANGE PART A,,,,0,0
CoA_ChromaScan,FQF273,,RAL2002,,RAL2002 POPPY PART A,,,,0,0
CoA_ChromaScan,FQF287,,IP F287(RAL3000),,RED PART A,,,,0,0
CoA_ChromaScan,FQF295,,RAL3003,,RAL3003 RUBY RED PART A,,,,0,0
CoA_ChromaScan,FQF321,,MUNSELL 2.5G7/2,,LIGHT GREEN PART A,,,,0,0
CoA_ChromaScan,FQF43C,,IP TCA994 SAMPLE,,GREY PART A,,,,0,0
CoA_ChromaScan,FQF445,,IP F445,,ESTUARY GREEN PART A,,,,0,0
CoA_ChromaScan,FQF526,,RAL6018,,RAL6018 YELLOW GREEN PART A,,,,0,0
CoA_ChromaScan,FQF52G,,RAL DESIGN 160 50 55,,GREEN PART A,,,,0,0
CoA_ChromaScan,FQF967,,HEMPEL 3010,,BLUE PART A,,,,0,0
CoA_ChromaScan,FQG135,,RAL1004,,RAL1004 GOLDEN YELLOW PART A,,,,0,0
CoA_ChromaScan,FQG25N,,MUNSELL 5Y9/1.5,,CREAM PART A,,,,0,0
CoA_ChromaScan,FQG360,,MUNSELL 7.5BG7/2,,AQUAMIST BLUE PART A,,,,0,0
CoA_ChromaScan,FQG590,,RAL 6002,,RAL6002 LEAF GREEN PART A,,,,0,0
CoA_ChromaScan,FQG607,,MUNSELL 2.5G3/6,,DARK GREEN PART A,,,,0,0
CoA_ChromaScan,FQG609,,BS381C 267,,DEEP CHROME GREEN PART A,,,,0,0
CoA_ChromaScan,FQG96G,,RAL DESIGN 085 80 85,,DECOR YELLOW PART A,,,,0,0
CoA_ChromaScan,FQH108,,RAL1001,,RAL1001 BEIGE PART A,,,,0,0
CoA_ChromaScan,FQH685,,JPMA 1004(N7.0),,LIGHT GREY PART A,,,,0,0
CoA_ChromaScan,FQH704,,FEDERAL 26373,,GREY PART A,,,,0,0
CoA_ChromaScan,FQI196,,SIGMA 1199,,BLUE PART A,,,,0,0
CoA_ChromaScan,FQI443,,MUNSELL 2.5Y8/14,,YELLOW PART A,,,,0,0
CoA_ChromaScan,FQI542,,PANTONE 165,,TANGERINE PART A,,,,0,0
CoA_ChromaScan,FQI605,,RAL9005,,RAL9005 JET BLACK PART A,,,,0,0
CoA_ChromaScan,FQI849,,MUNSELL N7.5,,STONE GREY PART A,,,,0,0
CoA_ChromaScan,FQJ019,,RAL7032,,RAL7032 PEBBLE GREY PART A,,,,0,0
CoA_ChromaScan,FQJ24N,,FEDERAL 26231,,GRAY PART A,,,,0,0
CoA_ChromaScan,FQJ605,,KCC 4440,,DARK GREEN PART A,,,,0,0
CoA_ChromaScan,FQJ684,,MUNSELL N6.5,,GREY PART A,,,,0,0
CoA_ChromaScan,FQJ919,,BS4800 20D45,,ENSIGN PART A,,,,0,0
CoA_ChromaScan,FQK363,,RAL6021,,RAL6021 PALE GREEN PART A,,,,0,0
CoA_ChromaScan,FQK528,,BS381C 218,,GRASS GREEN PART A,,,,0,0
CoA_ChromaScan,FQK705,,FEDERAL 26270,,HAZE GREY PART A,,,,0,0
CoA_ChromaScan,FQK766,,RAL7001,,RAL7001 SILVER GREY PART A,,,,0,0
CoA_ChromaScan,FQL547,,RAL6010,,RAL6010 GRASS GREEN PART A,,,,0,0
CoA_ChromaScan,FQL685,,MUNSELL N6.0,,GREY PART A,,,,0,0
CoA_ChromaScan,FQL764,,IP LOCAL UF S79/163,,DARK GREY PART A,,,,0,0
CoA_ChromaScan,FQL765,,RAL7000,,RAL7000 SQUIRREL GREY PART A,,,,0,0
CoA_ChromaScan,FQM018,,RAL7030,,RAL7030 STONE GREY PART A,,,,0,0
CoA_ChromaScan,FQM051,,RAL7004,,RAL7004 SIGNAL GREY PART A,,,,0,0
CoA_ChromaScan,FQM06P,,FEDERAL 26251,,MEDIUM GREY PART A,,,,0,0
CoA_ChromaScan,FQM12L,,FEDERAL 26173,,MID GREY PART A,,,,0,0
CoA_ChromaScan,FQM230,,RAL8003,,RAL8003 CLAY BROWN PART A,,,,0,0
CoA_ChromaScan,FQM272,,RAL3009,,RAL3009 OXIDE RED PART A,,,,0,0
CoA_ChromaScan,FQM404,,RAL6011,,RAL6011 RESEDA GREEN PART A,,,,0,0
CoA_ChromaScan,FQM55H,,MUNSELL N1,,BLACK PART A,,,,0,0
CoA_ChromaScan,FQM704,,RAL7037,,RAL7037 DUSTY GREY PART A,,,,0,0
CoA_ChromaScan,FQM70Y,,FEDERAL 12246,,ORANGE PART A,,,,0,0
CoA_ChromaScan,FQM74X,,NCS S6010Y30R,,BROWN PART A,,,,0,0
CoA_ChromaScan,FQM785,,RAL7031,,RAL7031 BLUE GREY PART A,,,,0,0
CoA_ChromaScan,FQN541,,MUNSELL 2.5G3/4,,GREEN PART A,,,,0,0
CoA_ChromaScan,FQN64A,,FEDERAL 16307,,AUTUMN GREY PART A,,,,0,0
CoA_ChromaScan,FQO013,,MUNSELL 2.5Y8/2,,LIGHT BUFF PART A,,,,0,0
CoA_ChromaScan,FQO245,,JOTUN257(Approx.1.3G3.8/4.3),,GREEN PART A,,,,0,0
CoA_ChromaScan,FQO400,,CHUGOKU CS-511,,REDDISH BROWN PART A,,,,0,0
CoA_ChromaScan,FQO504,,MUNSELL 7.5R4/14,,RED PART A,,,,0,0
CoA_ChromaScan,FQO628,,MUNSELL 10Y7/1,,LIGHT GREY PART A,,,,0,0
CoA_ChromaScan,FQO909,,MUNSELL 10BG6/4,,BLUE PART A,,,,0,0
CoA_ChromaScan,FQP12R,,KCC 4490,,MODERATE GREEN PART A,,,,0,0
CoA_ChromaScan,FQP275,,RAL8012,,RAL8012 RED BROWN PART A,,,,0,0
CoA_ChromaScan,FQP685,,MUNSELL N5,,SLATE GREY PART A,,,,0,0
CoA_ChromaScan,FQP99Q,,PANTONE 287C,,BRIGHT BLUE PART A,,,,0,0
CoA_ChromaScan,FQQ04J,,JP MUNSELL 10GY6.5/6,,LIGHT GREEN PART A,,,,0,0
CoA_ChromaScan,FQQ229,,BS4800 06C39,,CHESTNUT PART A,,,,0,0
CoA_ChromaScan,FQQ516,,RAL6028,,RAL6028 PINE GREEN PART A,,,,0,0
CoA_ChromaScan,FQQ53P,,FEDERAL 24466,,LIGHT GREEN PART A,,,,0,0
CoA_ChromaScan,FQQ72H,,IP Q72H,,BLUED WHITE PART A,,,,0,0
CoA_ChromaScan,FQQ765,,RAL7011,,RAL7011 IRON GREY PART A,,,,0,0
CoA_ChromaScan,FQQ808,,RAL7015,,RAL7015 SLATE GREY PART A,,,,0,0
CoA_ChromaScan,FQQ879,,BS4800 14C39,,YEW PART A,,,,0,0
CoA_ChromaScan,FQR68N,,IP R68N,,OFF WHITE PART A,,,,0,0
CoA_ChromaScan,FQR69X,,JP MUNSELL 10GY4/7,,GREEN PART A,,,,0,0
CoA_ChromaScan,FQR744,,RAL7012,,RAL7012 BASALT GREY PART A,,,,0,0
CoA_ChromaScan,FQR807,,FEDERAL 26081,,DARK GREY PART A,,,,0,0
CoA_ChromaScan,FQS125,,JPMA 335,,CORN YELLOW PART A,,,,0,0
CoA_ChromaScan,FQS179,,RAL1017,,RAL1017 SAFFRON YELLOW PART A,,,,0,0
CoA_ChromaScan,FQS439,,BS5252 18D41,,LIGHT BLUE PART A,,,,0,0
CoA_ChromaScan,FQS596,,RAL5021,,RAL5021 WATER BLUE PART A,,,,0,0
CoA_ChromaScan,FQS951,,RAL5017,,RAL5017 TRAFFIC BLUE PART A,,,,0,0
CoA_ChromaScan,FQT260,,MUNSELL 2.5YR2/4,,DARK BROWN PART A,,,,0,0
CoA_ChromaScan,FQT685,,JPMA 1033,,MEDIUM GREY PART A,,,,0,0
CoA_ChromaScan,FQT806,,BS381C 671,,MIDDLE GRAPHITE PART A,,,,0,0
CoA_ChromaScan,FQU07M,,FEDERAL 17925,,WHITE PART A,,,,0,0
CoA_ChromaScan,FQU089,,MUNSELL 2.5Y9/4,,CREAM PART A,,,,0,0
CoA_ChromaScan,FQV725,,MUNSELL N4,,DARK GREY PART A,,,,0,0
CoA_ChromaScan,FQV99E,,BS5252 00E55,,WHITE PART A,,,,0,0
CoA_ChromaScan,FQX16U,,MUNSELL 10B4/10,,CORNFLOWER PART A,,,,0,0
CoA_ChromaScan,FQX17J,,MUNSELL 2.5PB4/10,,BLUE PART A,,,,0,0
CoA_ChromaScan,FQX259,,RAL8017,,RAL8017 CHOCOLATE BROWN PART A,,,,0,0
CoA_ChromaScan,FQX27B,,PANTONE 286C,,ROYAL BLUE PART A,,,,0,0
CoA_ChromaScan,FQX40V,,MUNSELL 2.5G5/10,,GREEN PART A,,,,0,0
CoA_ChromaScan,FQX45B,,MUNSELL 7.5YR5/6,,BROWN PART A,,,,0,0
CoA_ChromaScan,FQX59F,,RAL3000,,RAL3000 FLAME RED PART A,,,,0,0
CoA_ChromaScan,FQX61M,,FEDERAL 16440,,AUTUMN GREY PART A,,,,0,0
CoA_ChromaScan,FQX65H,,RAL7046,,RAL7046 TELEGREY PART A,,,,0,0
CoA_ChromaScan,FQX67H,,RAL7047,,RAL7047 TELEGREY PART A,,,,0,0
CoA_ChromaScan,FQX97M,,FEDERAL 14062,,GREEN PART A,,,,0,0
CoA_ChromaScan,FQY05D,,MUNSELL N9.5,,WHITE PART A,,,,0,0
CoA_ChromaScan,FQY154,,RAL8019,,RAL8019 GREY BROWN PART A,,,,0,0
CoA_ChromaScan,FQY81W,,MUNSELL 2.5B7/6,,SKYLINE BLUE PART A,,,,0,0
CoA_ChromaScan,FQY899,,RAL7021,,RAL7021 BLACK GREY PART A,,,,0,0
CoA_ChromaScan,FQZ007,,RAL9010,,RAL9010 PURE WHITE PART A,,,,0,0
CoA_ChromaScan,FQZ016,,RAL9016,,RAL9016 TRAFFIC WHITE PART A,,,,0,0
CoA_ChromaScan,FQZ028,,RAL9003,,RAL9003 SIGNAL WHITE PART A,,,,0,0
CoA_ChromaScan,FQZ215,,MUNSELL 2.5G8/2,,LIGHT GREEN PART A,,,,0,0
CoA_ChromaScan,FQZ249,,JOTUN 137,,GREEN PART A,,,,0,0
CoA_ChromaScan,FQZ460,,RAL3031,,RAL3031 ORIENT RED PART A,,,,0,0
CoA_ChromaScan,FQZ461,,HEMPEL 50630,,TILE RED PART A,,,,0,0
CoA_ChromaScan,FQZ625,,RAL7042,,RAL7042 TRAFFIC GREY A PART A,,,,0,0
CoA_ChromaScan,FQZ638,,MUNSELL N7.0,,GREY PART A,,,,0,0
CoA_ChromaScan,FQZ651,,RAL7040,,RAL7040 WINDOW GREY PART A,,,,0,0
CoA_ChromaScan,FQZ655,,SIGMA 5198,,DARK GREY PART A,,,,0,0
CoA_ChromaScan,FQZ858,,MUNSELL 7.5GY7/4,,LIGHT GREEN PART A,,,,0,0
CoA_ChromaScan,FQZ912,,RAL7038,,RAL7038 AGATE GREY PART A,,,,0,0
CoA_ChromaScan,FQZ938,,HEMPEL 4064,,SIGNAL GREEN PART A,,,,0,0
CoA_ChromaScan,LAB052,,BS4800 10B15,,GARDENIA,,,,0,0
CoA_ChromaScan,LAB108,,IP B108,,CREAM,,,,0,0
CoA_ChromaScan,LAB125,,IP LOCAL UF S79/030,,SAND,,,,0,0
CoA_ChromaScan,LAB601,,RAL6026,,RAL6026 OPAL GREEN,,,,0,0
CoA_ChromaScan,LAB898,,RAL5012,,RAL5012 LIGHT BLUE,,,,0,0
CoA_ChromaScan,LAB915,,RAL5015,,RAL5015 SKY BLUE,,,,0,0
CoA_ChromaScan,LAB921,,MUNSELL 5PB3/9,,BLUE,,,,0,0
CoA_ChromaScan,LAB941,,BS381C 108,,AIRCRAFT BLUE,,,,0,0
CoA_ChromaScan,LAB953,,RAL5005,,RAL5005 SIGNAL BLUE,,,,0,0
CoA_ChromaScan,LAB969,,IP LOCAL UF S87/080,,BLUE,,,,0,0
CoA_ChromaScan,LAC000,,IP LOCAL UF S91/037,,BLUED WHITE,,,,0,0
CoA_ChromaScan,LAC919,,JPMA 837,,BLUE,,,,0,0
CoA_ChromaScan,LAC921,,BS381C 166,,FRENCH BLUE,,,,0,0
CoA_ChromaScan,LAC922,,RAL5002,,RAL5002 ULTRAMARINE BLUE,,,,0,0
CoA_ChromaScan,LAC938,,RAL5010,,RAL5010 GENTIAN BLUE,,,,0,0
CoA_ChromaScan,LAC967,,JOTUN 255,,BLUE,,,,0,0
CoA_ChromaScan,LAD053,,IP LOCAL UF S79/029,,STONE,,,,0,0
CoA_ChromaScan,LAD320,,BS4800 16C33,,SEASPRAY,,,,0,0
CoA_ChromaScan,LAD441,,IP LOCAL UF S79/025,,TROPICAL BLUE,,,,0,0
CoA_ChromaScan,LAD898,,KNS 54506,,LIGHT BLUE,,,,0,0
CoA_ChromaScan,LAD913,,IP LOCAL UF S79/026,,SIGNAL BLUE,,,,0,0
CoA_ChromaScan,LAE143,,BS381C 358,,BUFF,,,,0,0
CoA_ChromaScan,LAE323,,IP LOCAL UF S79/035,,SPRAY GREEN,,,,0,0
CoA_ChromaScan,LAE922,,IP LOCAL UH 4616H,,BLUE,,,,0,0
CoA_ChromaScan,LAE938,,BS381C 104,,AZURE BLUE,,,,0,0
CoA_ChromaScan,LAE967,,IP E967,,BLUE,,,,0,0
CoA_ChromaScan,LAE992,,IP LOCAL UF S91/035,,OCEAN BLUE,,,,0,0
CoA_ChromaScan,LAF321,,MUNSELL 2.5G7/2,,LIGHT GREEN,,,,0,0
CoA_ChromaScan,LAF384,,BS381C 216,,EAU-DE-NIL,,,,0,0
CoA_ChromaScan,LAF684,,IP F684,,SURF GREY,,,,0,0
CoA_ChromaScan,LAG301,,BS4800 14C35,,SERPENTINE,,,,0,0
CoA_ChromaScan,LAG360,,MUNSELL 7.5BG7/2,,AQUAMIST BLUE,,,,0,0
CoA_ChromaScan,LAG590,,RAL6002,,RAL6002 LEAF GREEN,,,,0,0
CoA_ChromaScan,LAG609,,BS381C 267,,DEEP CHROME GREEN,,,,0,0
CoA_ChromaScan,LAI196,,SIGMA 1199,,BLUE,,,,0,0
CoA_ChromaScan,LAJ24M,,IP J24M,,BLUE,,,,0,0
CoA_ChromaScan,LAJ605,,KCC 4440,,DARK GREEN,,,,0,0
CoA_ChromaScan,LAK766,,RAL7001,,RAL7001 SILVER GREY,,,,0,0
CoA_ChromaScan,LAL685,,MUNSELL N6.0,,GREY,,,,0,0
CoA_ChromaScan,LAM051,,RAL7004,,RAL7004 SIGNAL GREY,,,,0,0
CoA_ChromaScan,LAM64E,,MUNSELL 5PB3/4,,GREY BLUE,,,,0,0
CoA_ChromaScan,LAN290,,RAL3005,,RAL3005 WINE RED,,,,0,0
CoA_ChromaScan,LAN404,,JPMA 414,,GREEN,,,,0,0
CoA_ChromaScan,LAO245,,JOTUN257(Approx.1.3G3.8/4.3),,GREEN,,,,0,0
CoA_ChromaScan,LAO609,,HEMPEL 1027,,STONE GREY,,,,0,0
CoA_ChromaScan,LAO648,,KCC 1128,,GREY,,,,0,0
CoA_ChromaScan,LAP12R,,KCC 4490,,MODERATE GREEN,,,,0,0
CoA_ChromaScan,LAP63W,,JP MUNSELL 10B3/5,,BLUE,,,,0,0
CoA_ChromaScan,LAQ879,,BS4800 14C39,,YEW,,,,0,0
CoA_ChromaScan,LAR764,,BS381C 632,,DARK ADMIRALTY GREY,,,,0,0
CoA_ChromaScan,LAS089,,HEMPEL 2032,,CREAM,,,,0,0
CoA_ChromaScan,LAS951,,RAL5017,,RAL5017 TRAFFIC BLUE,,,,0,0
CoA_ChromaScan,LAW399,,RAL7043,,RAL7043 TRAFFIC GREY B,,,,0,0
CoA_ChromaScan,LAX07R,,MUNSELL 2.5Y8.5/3,,SAND,,,,0,0
CoA_ChromaScan,LAZ938,,HEMPEL 4064,,SIGNAL GREEN,,,,0,0
CoA_ChromaScan,LLB125,,IP LOCAL UF S79/030,,SAND,,,,0,0
CoA_ChromaScan,LLB169,,BS4800 08E51,,GOLDEN YELLOW,,,,0,0
CoA_ChromaScan,LLB295,,BS381C 538,,ENSIGN RED,,,,0,0
CoA_ChromaScan,LLB601,,RAL6026,,RAL6026 OPAL GREEN,,,,0,0
CoA_ChromaScan,LLB915,,RAL5015,,RAL5015 SKY BLUE,,,,0,0
CoA_ChromaScan,LLB921,,MUNSELL 5PB3/9,,BLUE,,,,0,0
CoA_ChromaScan,LLB953,,RAL5005,,RAL5005 SIGNAL BLUE,,,,0,0
CoA_ChromaScan,LLB969,,IP LOCAL UF S87/080,,BLUE,,,,0,0
CoA_ChromaScan,LLC000,,IP LOCAL UF S91/037,,BLUED WHITE,,,,0,0
CoA_ChromaScan,LLC243,,RAL 2008,,RAL2008 BRIGHT RED ORANGE,,,,0,0
CoA_ChromaScan,LLC922,,RAL5002,,RAL5002 ULTRAMARINE BLUE,,,,0,0
CoA_ChromaScan,LLC938,,RAL5010,,RAL5010 GENTIAN BLUE,,,,0,0
CoA_ChromaScan,LLC952,,IP C952,,BLUE,,,,0,0
CoA_ChromaScan,LLC967,,JOTUN 255,,BLUE,,,,0,0
CoA_ChromaScan,LLD053,,IP LOCAL UF S79/029,,STONE,,,,0,0
CoA_ChromaScan,LLD243,,BS381C 557,,LIGHT ORANGE,,,,0,0
CoA_ChromaScan,LLD441,,IP LOCAL UF S79/025,,TROPICAL BLUE,,,,0,0
CoA_ChromaScan,LLD88K,,FEDERAL STD 15055,,BLUE,,,,0,0
CoA_ChromaScan,LLD898,,KNS 54506,,LIGHT BLUE,,,,0,0
CoA_ChromaScan,LLD913,,IP LOCAL UF S79/026,,SIGNAL BLUE,,,,0,0
CoA_ChromaScan,LLE322,,RAL6019,,RAL6019 PASTEL GREEN,,,,0,0
CoA_ChromaScan,LLE323,,IP LOCAL UF S79/035,,SPRAY GREEN,,,,0,0
CoA_ChromaScan,LLE992,,IP LOCAL UF S91/035,,OCEAN BLUE,,,,0,0
CoA_ChromaScan,LLF321,,MUNSELL 2.5G7/2,,LIGHT GREEN,,,,0,0
CoA_ChromaScan,LLF384,,BS381C 216,,EAU-DE-NIL,,,,0,0
CoA_ChromaScan,LLF684,,IP F684,,SURF GREY,,,,0,0
CoA_ChromaScan,LLG301,,BS4800 14C35,,SERPENTINE,,,,0,0
CoA_ChromaScan,LLG360,,MUNSELL 7.5BG7/2,,AQUAMIST BLUE,,,,0,0
CoA_ChromaScan,LLH017,,BS381C 627,,PEARL GREY,,,,0,0
CoA_ChromaScan,LLJ605,,KCC 4440,,DARK GREEN,,,,0,0
CoA_ChromaScan,LLK528,,BS381C 218,,GRASS GREEN,,,,0,0
CoA_ChromaScan,LLK724,,IP K724,,STORM GREY,,,,0,0
CoA_ChromaScan,LLK766,,RAL7001,,RAL7001 SILVER GREY,,,,0,0
CoA_ChromaScan,LLM745,,IP M745,,GREY PART A,,,,0,0
CoA_ChromaScan,LLR764,,BS381C 632,,DARK ADMIRALTY GREY,,,,0,0
CoA_ChromaScan,LLR807,,FEDERAL STD 26081,,DARK GREY,,,,0,0
CoA_ChromaScan,LLS089,,HEMPEL 2032,,CREAM,,,,0,0
CoA_ChromaScan,LLS951,,RAL5017,,RAL5017 TRAFFIC BLUE,,,,0,0
CoA_ChromaScan,LLT806,,BS381C 671,,MIDDLE GRAPHITE,,,,0,0
CoA_ChromaScan,LLU07M,,FEDERAL 17925,,WHITE,,,,0,0
CoA_ChromaScan,LLX19T,,PANTONE 305C,,LIGHT BLUE,,,,0,0
CoA_ChromaScan,LLZ090,,IP Z090,,QATAR GAS LNG YELLOW,,,,0,0
CoA_ChromaScan,PGO000,,MUNSELL 7.5R3/6,,RED,,,,0,0
CoA_ChromaScan,PH700C,,A.P.MOELLER MAERSK BLUE,,BLUE PART A,,,,0,0
CoA_ChromaScan,PH729B,,BS4800 08B21,,MOCHA PART A,,,,0,0
CoA_ChromaScan,PHB00H,,KCC B00H,,GREEN PART A,,,,0,0
CoA_ChromaScan,PHB011,,RAL1016,,RAL1016 SULFUR YELLOW PART A,,,,0,0
CoA_ChromaScan,PHB018,,MUNSELL 5Y9/1,,OFF WHITE PART A,,,,0,0
CoA_ChromaScan,PHB03M,,5Y8/0.5,,LIGHT GREY PART A,,,,0,0
CoA_ChromaScan,PHB04R,,JP MUNSELL 5RP6/1,,DARK VIOLET PART A,,,,0,0
CoA_ChromaScan,PHB04U,,MUNSELL 1.1PB5.1/8.7,,BLUE PART A,,,,0,0
CoA_ChromaScan,PHB069,,BS4800 08B15,,MAGNOLIA PART A,,,,0,0
CoA_ChromaScan,PHB071,,BS4800 10C31,,MANILLA PART A,,,,0,0
CoA_ChromaScan,PHB09G,,MUNSELL 9.4B5.3/8.2,,BLUE PART A,,,,0,0
CoA_ChromaScan,PHB108,,IP B108,,CREAM PART A,,,,0,0
CoA_ChromaScan,PHB117,,RAL1021,,RAL1021 YELLOW PART A,,,,0,0
CoA_ChromaScan,PHB123,,BS381C 369,,BISCUIT PART A,,,,0,0
CoA_ChromaScan,PHB12B,,MUNSELL 9.8GY 4.2/3.0 (F-394003),,GREEN PART A,,,,0,0
CoA_ChromaScan,PHB132,,RAL1023,,RAL1023 TRAFFIC YELLOW PART A,,,,0,0
CoA_ChromaScan,PHB147,,KNS 31777,,YELLOW PART A,,,,0,0
CoA_ChromaScan,PHB149,,KNS 2.2Y7.9/12.5 (KNS 31799),,YELLOW PART A,,,,0,0
CoA_ChromaScan,PHB168,,RAL1003,,RAL1003 SIGNAL YELLOW PART A,,,,0,0
CoA_ChromaScan,PHB169,,BS4800 08E51,,GOLDEN YELLOW PART A,,,,0,0
CoA_ChromaScan,PHB183,,BS381C 356,,GOLDEN YELLOW PART A,,,,0,0
CoA_ChromaScan,PHB188,,RAL3015,,RAL3015 PINK PART A,,,,0,0
CoA_ChromaScan,PHB197,,RAL1033,,RAL1033 DAHLIA YELLOW PART A,,,,0,0
CoA_ChromaScan,PHB236,,RAL3017,,RAL3017 ROSE PART A,,,,0,0
CoA_ChromaScan,PHB24D,,JP MUNSELL 10R4.5/5,,LIGHT BROWN PART A,,,,0,0
CoA_ChromaScan,PHB267,,RAL3018,,RAL3018 STRAWBERRY RED PART A,,,,0,0
CoA_ChromaScan,PHB26V,,NCS S6005Y50R,,GREY BROWN PART A,,,,0,0
CoA_ChromaScan,PHB27F,,NCS S0500N,,WHITE PART A,,,,0,0
CoA_ChromaScan,PHB284,,BS4800 4E+53,,POPPY PART A,,,,0,0
CoA_ChromaScan,PHB291,,MUNSELL 5R4/14,,RED PART A,,,,0,0
CoA_ChromaScan,PHB293,,JPMA 141,,RED PART A,,,,0,0
CoA_ChromaScan,PHB295,,BS381C 538,,ENSIGN RED PART A,,,,0,0
CoA_ChromaScan,PHB299,,RAL3020,,RAL3020 TRAFFIC RED PART A,,,,0,0
CoA_ChromaScan,PHB30J,,CARBOLINE 6731,,GREY PART A,,,,0,0
CoA_ChromaScan,PHB340,,MUNSELL 7.5BG8/2,,PALE BLUE PART A,,,,0,0
CoA_ChromaScan,PHB34D,,JP MUNSELL 2.5PB5/7,,BLUE PART A,,,,0,0
CoA_ChromaScan,PHB39W,,PANTONE 2035C,,RED PART A,,,,0,0
CoA_ChromaScan,PHB419,,IP LOCAL BR 016/4041,,LIGHT BLUE PART A,,,,0,0
CoA_ChromaScan,PHB43U,,IP B43U,,HAZE GREY PART A,,,,0,0
CoA_ChromaScan,PHB44X,,IP B44X,,BLUE PART A,,,,0,0
CoA_ChromaScan,PHB50D,,FEDERAL 34148,,GREY BLUE PART A,,,,0,0
CoA_ChromaScan,PHB571,,BS4800 18E53,,CORNFLOWER BLUE PART A,,,,0,0
CoA_ChromaScan,PHB58M,,IP CFE-19,,CFE 19 AZUL ELECTRICO PART A,,,,0,0
CoA_ChromaScan,PHB592,,BS381C 107,,CHINESE BLUE PART A,,,,0,0
CoA_ChromaScan,PHB612,,BS381C 109,,MIDDLE BLUE PART A,,,,0,0
CoA_ChromaScan,PHB703,,RAL 3027,,RASPBERRY RED PART A,,,,0,0
CoA_ChromaScan,PHB74B,,MUNSELL 2.5G6.5/4,,GREEN PART A,,,,0,0
CoA_ChromaScan,PHB74C,,IP B74C,,GREEN PART A,,,,0,0
CoA_ChromaScan,PHB74D,,IP B74D,,GREEN PART A,,,,0,0
CoA_ChromaScan,PHB74E,,IP B74E,,PASTEL GREEN PART A,,,,0,0
CoA_ChromaScan,PHB74F,,IP B74F,,PASTEL GREEN PART A,,,,0,0
CoA_ChromaScan,PHB81E,,JP MUNSELL 7.5BG4.5/9,,BLUE GREEN PART A,,,,0,0
CoA_ChromaScan,PHB81F,,MUNSELL 7.5R7/8,,PINK PART A,,,,0,0
CoA_ChromaScan,PHB85M,,JP MUNSELL 2.5PB5/9,,BLUE PART A,,,,0,0
CoA_ChromaScan,PHB879,,BS4800 20E51,,DRESDEN BLUE PART A,,,,0,0
CoA_ChromaScan,PHB890,,RAL4008,,RAL4008 SIGNAL VIOLET PART A,,,,0,0
CoA_ChromaScan,PHB898,,RAL5012,,RAL5012 LIGHT BLUE PART A,,,,0,0
CoA_ChromaScan,PHB901,,BS5252 2E+54,,BLUE PART A,,,,0,0
CoA_ChromaScan,PHB915,,RAL5015,,RAL5015 SKY BLUE PART A,,,,0,0
CoA_ChromaScan,PHB921,,MUNSELL 5PB3/9,,BLUE PART A,,,,0,0
CoA_ChromaScan,PHB93T,,FEDERAL 26134,,GREY PART A,,,,0,0
CoA_ChromaScan,PHB941,,BS381C 108,,AIRCRAFT BLUE PART A,,,,0,0
CoA_ChromaScan,PHB951,,BS5252 2E+57,,BLUE PART A,,,,0,0
CoA_ChromaScan,PHB953,,RAL5005,,RAL5005 SIGNAL BLUE PART A,,,,0,0
CoA_ChromaScan,PHB95L,,PANTONE 180C,,RED PART A,,,,0,0
CoA_ChromaScan,PHB95R,,PANTONE 341C,,GREEN PART A,,,,0,0
CoA_ChromaScan,PHB967,,IP B967,,BLUE PART A,,,,0,0
CoA_ChromaScan,PHB969,,IP LOCAL UF S87/080,,BLUE PART A,,,,0,0
CoA_ChromaScan,PHB97X,,RAL9022,,RAL9022 PEARL LIGHT GREY PART A,,,,0,0
CoA_ChromaScan,PHC000,,IP LOCAL UF S91/037,,BLUED WHITE PART A,,,,0,0
CoA_ChromaScan,PHC018,,RAL9001,,RAL9001 CREAM PART A,,,,0,0
CoA_ChromaScan,PHC04W,,IP C04W,,PASTEL BLUE PART A,,,,0,0
CoA_ChromaScan,PHC05U,,IP C05U,,PINK PART A,,,,0,0
CoA_ChromaScan,PHC065,,BS4800 10E53,,CANARY PART A,,,,0,0
CoA_ChromaScan,PHC066,,BS381C 309,,CANARY YELLOW PART A,,,,0,0
CoA_ChromaScan,PHC067,,MUNSELL 5Y8/12,,YELLOW PART A,,,,0,0
CoA_ChromaScan,PHC108,,MUNSELL 2.5Y8/6,,CREAM PART A,,,,0,0
CoA_ChromaScan,PHC10M,,PANTONE 522C,,PURPLE PART A,,,,0,0
CoA_ChromaScan,PHC140,,BS4800 06C33,,PEACH PART A,,,,0,0
CoA_ChromaScan,PHC141,,KNS 29782,,PEACH PART A,,,,0,0
CoA_ChromaScan,PHC14H,,IP C14H,,GREY PART A,,,,0,0
CoA_ChromaScan,PHC152,,MUNSELL 2.5Y8/12,,YELLOW PART A,,,,0,0
CoA_ChromaScan,PHC209,,BS4800 06E51,,TANGERINE PART A,,,,0,0
CoA_ChromaScan,PHC21J,,CBCC N5.25,,DARK GREY PART A,,,,0,0
CoA_ChromaScan,PHC23W,,MUNSELL 9.9B4.7/4.1,,BLUE PART A,,,,0,0
CoA_ChromaScan,PHC244,,MUNSELL 2.5YR6/14,,ORANGE PART A,,,,0,0
CoA_ChromaScan,PHC261,,RAL2009,,RAL2009 TRAFFIC ORANGE PT A,,,,0,0
CoA_ChromaScan,PHC296,,RAL3002,,RAL3002 CARMINE RED PART A,,,,0,0
CoA_ChromaScan,PHC301,,BS4800 14C31,,GLACIAL PART A,,,,0,0
CoA_ChromaScan,PHC33A,,MUNSELL 10YR7.5/11.5,,YELLOW PART A,,,,0,0
CoA_ChromaScan,PHC359,,KNS 53782,,LIGHT BLUE PART A,,,,0,0
CoA_ChromaScan,PHC382,,MUNSELL 5G8/4,,LIGHT GREEN PART A,,,,0,0
CoA_ChromaScan,PHC520,,BS4800 1.4E+52,,CELTIC GREEN PART A,,,,0,0
CoA_ChromaScan,PHC531,,IP C531,,BLUE PART A,,,,0,0
CoA_ChromaScan,PHC53C,,DULUX SB7E7,,WICKED RED PART A,,,,0,0
CoA_ChromaScan,PHC55U,,MUNSELL 5BG7.5/4,,BLUE GREEN PART A,,,,0,0
CoA_ChromaScan,PHC585,,BS381C 228,,EMERALD GREEN PART A,,,,0,0
CoA_ChromaScan,PHC603,,RAL6016,,TURQUOISE GREEN PART A,,,,0,0
CoA_ChromaScan,PHC620,,BS4800 16D45,,NEPTUNE PART A,,,,0,0
CoA_ChromaScan,PHC627,,MUNSELL 4.5G3.6/3.5,,SIGNAL GREEN PART A,,,,0,0
CoA_ChromaScan,PHC631,,IP IP C631,,BLUE PART A,,,,0,0
CoA_ChromaScan,PHC633,,RAL5009,,RAL5009 AZURE BLUE PART A,,,,0,0
CoA_ChromaScan,PHC63D,,MUNSELL 5RP9/2,,LIGHT PINK PART A,,,,0,0
CoA_ChromaScan,PHC641,,RAL6004,,RAL6004 BLUE GREEN PART A,,,,0,0
CoA_ChromaScan,PHC651,,RAL5001,,RAL5001 GREEN BLUE PART A,,,,0,0
CoA_ChromaScan,PHC765,,JP MUNSELL 2.5PB8/3,,LIGHT BLUE PART A,,,,0,0
CoA_ChromaScan,PHC78P,,PANTONE 426U,,GRAY PART A,,,,0,0
CoA_ChromaScan,PHC80P,,MUNSELL 2.5BG6/2,,GRAY GREEN PART A,,,,0,0
CoA_ChromaScan,PHC82B,,COLOR LAB MCS CFE 17,,CFE AMARILLO PART A,,,,0,0
CoA_ChromaScan,PHC85D,,IP C85D,,TELEMAGENTA PART A,,,,0,0
CoA_ChromaScan,PHC866,,JPMA 737,,BLUE PART A,,,,0,0
CoA_ChromaScan,PHC893,,RAL4004,,RAL4004 CLARET VIOLET PART A,,,,0,0
CoA_ChromaScan,PHC90N,,JP MUNSELL 7.5BG6/1,,PASTEL BLUE PART A,,,,0,0
CoA_ChromaScan,PHC919,,JPMA 837,,BLUE PART A,,,,0,0
CoA_ChromaScan,PHC921,,BS381C 166,,FRENCH BLUE PART A,,,,0,0
CoA_ChromaScan,PHC922,,RAL5002,,RAL5002 ULTRAMARINE BLUE PART A,,,,0,0
CoA_ChromaScan,PHC924,,RAL5022,,RAL5022 NIGHT BLUE PART A,,,,0,0
CoA_ChromaScan,PHC935,,IP C935,,CARIBBEAN BLUE PART A,,,,0,0
CoA_ChromaScan,PHC938,,RAL5010,,RAL5010 GENTIAN BLUE PART A,,,,0,0
CoA_ChromaScan,PHC951,,MOBIL B-9,,BLUE PART A,,,,0,0
CoA_ChromaScan,PHC966,,KNS D-57286(4PB3.2/7.5),,MID BLUE PART A,,,,0,0
CoA_ChromaScan,PHC967,,JOTUN 255,,BLUE PART A,,,,0,0
CoA_ChromaScan,PHC96N,,JP MUNSELL 10B7/7,,BLUE PART A,,,,0,0
CoA_ChromaScan,PHD001,,MUNSELL N9,,OFF WHITE PART A,,,,0,0
CoA_ChromaScan,PHD053,,IP LOCAL UF S79/029,,STONE PART A,,,,0,0
CoA_ChromaScan,PHD087,,RAL1015,,RAL1015 LIGHT IVORY PART A,,,,0,0
CoA_ChromaScan,PHD12U,,FEDERAL 35050,,NAVY BLUE PART A,,,,0,0
CoA_ChromaScan,PHD14H,,IP D14H,,GRAY PART A,,,,0,0
CoA_ChromaScan,PHD169,,RAL 1006,,RAL1006 MAIZE YELLOW PART A,,,,0,0
CoA_ChromaScan,PHD18M,,MUNSELL 10G7/0.5,,GREEN GREY PART A,,,,0,0
CoA_ChromaScan,PHD201,,RAL1007,,RAL1007 DAFFODIL YELLOW PART A,,,,0,0
CoA_ChromaScan,PHD20H,,JP MUNSELL 5P4/4,,DARK VIOLET PART A,,,,0,0
CoA_ChromaScan,PHD20R,,MUNSELL 2.5G4/5,,GREEN PART A,,,,0,0
CoA_ChromaScan,PHD220,,RAL3014,,RAL3014 ANTIQUE PINK PART A,,,,0,0
CoA_ChromaScan,PHD227,,RAL2003,,RAL2003 PASTEL ORANGE PART A,,,,0,0
CoA_ChromaScan,PHD243,,BS381C 557,,LIGHT ORANGE PART A,,,,0,0
CoA_ChromaScan,PHD259,,RAL2004,,RAL2004 PURE ORANGE PART A,,,,0,0
CoA_ChromaScan,PHD280,,MUNSELL 5R4/12,,RED PART A,,,,0,0
CoA_ChromaScan,PHD309,,BS4800 1.2E+52,,SULPHUR PART A,,,,0,0
CoA_ChromaScan,PHD319,,RAL9018,,RAL9018 PAPYRUS WHITE PART A,,,,0,0
CoA_ChromaScan,PHD320,,BS4800 16C33,,SEASPRAY PART A,,,,0,0
CoA_ChromaScan,PHD360,,IP D360,,BLUE GREEN PART A,,,,0,0
CoA_ChromaScan,PHD441,,IP LOCAL UF S79/025,,TROPICAL BLUE PART A,,,,0,0
CoA_ChromaScan,PHD459,,JP MUNSELL 5B7.5/4,,LIGHT BLUE PART A,,,,0,0
CoA_ChromaScan,PHD531,,BS4800 1.8E+52,,LAGOON PART A,,,,0,0
CoA_ChromaScan,PHD534,,BS4800 1.6E+54,,BLUEGRASS PART A,,,,0,0
CoA_ChromaScan,PHD53D,,MUNSELL 5R3/2,,BROWN PART A,,,,0,0
CoA_ChromaScan,PHD53E,,SHERWIN WILLIAMS 7067,,GRAY PART A,,,,0,0
CoA_ChromaScan,PHD53T,,IP SAMPLE (CCC932),,BLUE PART A,,,,0,0
CoA_ChromaScan,PHD541,,"BS4800 	14E53",,ELFIN GREEN PART A,,,,0,0
CoA_ChromaScan,PHD562,,RAL6024,,RAL6024 TRAFFIC GREEN PART A,,,,0,0
CoA_ChromaScan,PHD583,,RAL6029,,RAL6029 MINT GREEN PART A,,,,0,0
CoA_ChromaScan,PHD651,,JPMA 738,,BLUE PART A,,,,0,0
CoA_ChromaScan,PHD66U,,MUNSELL 5B8/4,,LIGHT BLUE PART A,,,,0,0
CoA_ChromaScan,PHD704,,RAL7035,,RAL7035 LIGHT GREY PART A,,,,0,0
CoA_ChromaScan,PHD771,,BS381C 797,,LIGHT VIOLET PART A,,,,0,0
CoA_ChromaScan,PHD77U,,KCC BQ101,,BLUE PART A,,,,0,0
CoA_ChromaScan,PHD77Y,,PANTONE 301C,,DARK BLUE PART A,,,,0,0
CoA_ChromaScan,PHD80Q,,MUNSELL 2.5PB5/2,,GREY BLUE PART A,,,,0,0
CoA_ChromaScan,PHD82K,,FEDERAL STD 23531,,BROWN PART A,,,,0,0
CoA_ChromaScan,PHD88K,,FEDERAL 15055,,BLUE PART A,,,,0,0
CoA_ChromaScan,PHD898,,KNS 54506,,LIGHT BLUE PART A,,,,0,0
CoA_ChromaScan,PHD913,,IP LOCAL UF S79/026,,SIGNAL BLUE PART A,,,,0,0
CoA_ChromaScan,PHD921,,KNS 57315,,BLUE PART A,,,,0,0
CoA_ChromaScan,PHD94X,,NCS S5502-Y,,GREY PART A,,,,0,0
CoA_ChromaScan,PHD95A,,MUNSELL 7.5YR5/10,,BROWN PART A,,,,0,0
CoA_ChromaScan,PHE000,,BS4800 00A01,,DAWN GREY PART A,,,,0,0
CoA_ChromaScan,PHE017,,RAL9002,,RAL9002 GREY WHITE PART A,,,,0,0
CoA_ChromaScan,PHE019,,RAL1013,,RAL1013 OYSTER WHITE PART A,,,,0,0
CoA_ChromaScan,PHE01L,,KNS F-198004,,PINK PART A,,,,0,0
CoA_ChromaScan,PHE055,,RAL1014,,RAL1014 IVORY PART A,,,,0,0
CoA_ChromaScan,PHE067,,JP MUNSELL 5Y8/13,,YELLOW PART A,,,,0,0
CoA_ChromaScan,PHE068,,FEDERAL 27886,,OFF WHITE PART A,,,,0,0
CoA_ChromaScan,PHE07N,,MUNSELL 2.5PB8/6,,LIGHT BLUE PART A,,,,0,0
CoA_ChromaScan,PHE109,,RAL1002,,RAL1002 SAND YELLOW PART A,,,,0,0
CoA_ChromaScan,PHE10E,,KANSAI 3.8GY7.8/0.5,,LIGHT GREY PART A,,,,0,0
CoA_ChromaScan,PHE113,,RAL1012,,RAL1012 LEMON YELLOW PART A,,,,0,0
CoA_ChromaScan,PHE143,,BS381C 358,,BUFF PART A,,,,0,0
CoA_ChromaScan,PHE14N,,MUNSELL JP 10G7/1,,GREEN PART A,,,,0,0
CoA_ChromaScan,PHE160,,BS4800 08C35,,BAMBOO PART A,,,,0,0
CoA_ChromaScan,PHE17C,,MUNSELL 5PB7/4,,LIGHT BLUE PART A,,,,0,0
CoA_ChromaScan,PHE19E,,FEDERAL 15055,,BLUE PART A,,,,0,0
CoA_ChromaScan,PHE229,,IP E229,,ORANGE PART A,,,,0,0
CoA_ChromaScan,PHE244,,JP MUNSELL 2.5YR5.5/14,,ORANGE PART A,,,,0,0
CoA_ChromaScan,PHE25D,,JP MUNSELL 10YR7.5/12,,GOLDEN YELLOW PART A,,,,0,0
CoA_ChromaScan,PHE298,,RAL3001,,RAL3001 SIGNAL RED PART A,,,,0,0
CoA_ChromaScan,PHE299,,FEDERAL 11105,,RED PART A,,,,0,0
CoA_ChromaScan,PHE29N,,KNS H-647505 (8.8B7.4/5.0),,BLUE PART A,,,,0,0
CoA_ChromaScan,PHE322,,RAL6019,,RAL6019 PASTEL GREEN PART A,,,,0,0
CoA_ChromaScan,PHE35K,,PANTONE 2738C,,BLUE PART A,,,,0,0
CoA_ChromaScan,PHE433,,BS4800 1.2E+54,,PARAKEET PART A,,,,0,0
CoA_ChromaScan,PHE441,,RAL6027,,RAL6027 LIGHT GREEN PART A,,,,0,0
CoA_ChromaScan,PHE44C,,MUNSELL 10YR6/12,,YELLOW PART A,,,,0,0
CoA_ChromaScan,PHE480,,BS381C 112,,ARCTIC BLUE PART A,,,,0,0
CoA_ChromaScan,PHE533,,RAL5018,,RAL5018 TURQUOISE BLUE PART A,,,,0,0
CoA_ChromaScan,PHE55W,,JP MUNSELL 7.5G6/1,,LIGHT GREY PART A,,,,0,0
CoA_ChromaScan,PHE563,,RAL6032,,RAL6032 SIGNAL GREEN PART A,,,,0,0
CoA_ChromaScan,PHE589,,RAL6001,,RAL6001 EMERALD GREEN PART A,,,,0,0
CoA_ChromaScan,PHE65T,,IP C932 KOREAN SAMPLE,,BLUE PART A,,,,0,0
CoA_ChromaScan,PHE75H,,IP SPANISH BUFF P66 RODEO,,BUFF PART A,,,,0,0
CoA_ChromaScan,PHE77F,,MUNSELL 7.5YR7/8,,LIGHT BROWN PART A,,,,0,0
CoA_ChromaScan,PHE80A,,INTERPON MJ050K,,BLUE PART A,,,,0,0
CoA_ChromaScan,PHE81M,,MUNSELL 1.0PB4.3/9.2,,BLUE PART A,,,,0,0
CoA_ChromaScan,PHE832,,BS4800 22C37,,BLACK GRAPES PART A,,,,0,0
CoA_ChromaScan,PHE83V,,7.5B5/9,,BLUE PART A,,,,0,0
CoA_ChromaScan,PHE854,,RAL4005,,RAL4005 BLUE LILAC PART A,,,,0,0
CoA_ChromaScan,PHE86K,,KNS F-553507,,BLUE PART A,,,,0,0
CoA_ChromaScan,PHE899,,KNS 55486,,BLUE PART A,,,,0,0
CoA_ChromaScan,PHE918,,RAL5019,,RAL5019 CAPRI BLUE PART A,,,,0,0
CoA_ChromaScan,PHE922,,IP LOCAL UH 4616H,,BLUE PART A,,,,0,0
CoA_ChromaScan,PHE938,,BS381C 104,,AZURE BLUE PART A,,,,0,0
CoA_ChromaScan,PHE93V,,PANTONE PANTONE 2905U,,LIGHT BLUE PART A,,,,0,0
CoA_ChromaScan,PHE955,,PANTONE 281C,,DARK BLUE PART A,,,,0,0
CoA_ChromaScan,PHE967,,IP E967,,BLUE PART A,,,,0,0
CoA_ChromaScan,PHE970,,RAL5003,,RAL5003 SAPPHIRE BLUE PART A,,,,0,0
CoA_ChromaScan,PHE971,,RAL5013,,RAL5013 COBALT BLUE PART A,,,,0,0
CoA_ChromaScan,PHE978,,KCC A5510,,BLUE PART A,,,,0,0
CoA_ChromaScan,PHE98U,,JP MUNSELL 5Y8.5/5,,YELLOW PART A,,,,0,0
CoA_ChromaScan,PHE98Y,,JP MUNSELL 2.5P5/5,,VIOLET PART A,,,,0,0
CoA_ChromaScan,PHF000,,BS4800 10A03,,MIST GREY PART A,,,,0,0
CoA_ChromaScan,PHF001,,HEMPEL 1217,,LIGHT GREY PART A,,,,0,0
CoA_ChromaScan,PHF01F,,MUNSELL 2.5G9/4,,LIGHT GREEN PART A,,,,0,0
CoA_ChromaScan,PHF020,,MUNSELL 2.5GY8/2,,LIGHT GREEN PART A,,,,0,0
CoA_ChromaScan,PHF05F,,5Y7/10,,YELLOW PART A,,,,0,0
CoA_ChromaScan,PHF07F,,PANTONE 802C,,GREEN PART A,,,,0,0
CoA_ChromaScan,PHF09Y,,MUNSELL 7.5YR7/6,,YELLOW PART A,,,,0,0
CoA_ChromaScan,PHF10A,,YA545,,BEIGE PART A,,,,0,0
CoA_ChromaScan,PHF150,,RAL1005,,RAL1005 HONEY YELLOW PART A,,,,0,0
CoA_ChromaScan,PHF16X,,PANTONE PMS 297,,SKY BLUE PART A,,,,0,0
CoA_ChromaScan,PHF18R,,10YR8.5/6,,BUFF PART A,,,,0,0
CoA_ChromaScan,PHF191,,BS381C 447,,SALMON PINK PART A,,,,0,0
CoA_ChromaScan,PHF194,,BS381C 359,,MIDDLE BUFF PART A,,,,0,0
CoA_ChromaScan,PHF207,,RAL3012,,RAL3012 BEIGE RED PART A,,,,0,0
CoA_ChromaScan,PHF259,,RAL2001,,RAL2001 RED ORANGE PART A,,,,0,0
CoA_ChromaScan,PHF273,,RAL2002,,RAL2002 POPPY PART A,,,,0,0
CoA_ChromaScan,PHF287,,IP F287(RAL3000),,RED PART A,,,,0,0
CoA_ChromaScan,PHF295,,RAL3003,,RAL3003 RUBY RED PART A,,,,0,0
CoA_ChromaScan,PHF321,,MUNSELL 2.5G7/2,,LIGHT GREEN PART A,,,,0,0
CoA_ChromaScan,PHF32W,,Chu Lai RMQC sample,,THACO BLUE PART A,,,,0,0
CoA_ChromaScan,PHF32X,,Chu Lai RMQC sample,,THACO YELLOW PART A,,,,0,0
CoA_ChromaScan,PHF363,,MUNSELL 10GY7/4,,LIGHT GREEN PART A,,,,0,0
CoA_ChromaScan,PHF384,,BS381C 216,,EAU-DE-NIL PART A,,,,0,0
CoA_ChromaScan,PHF445,,IP F445,,ESTUARY GREEN PART A,,,,0,0
CoA_ChromaScan,PHF526,,RAL6018,,RAL6018 YELLOW GREEN PART A,,,,0,0
CoA_ChromaScan,PHF54F,,NR5077 NOROO,,BLUE PART A,,,,0,0
CoA_ChromaScan,PHF54G,,NR5075 NOROO,,LIGHT BLUE PART A,,,,0,0
CoA_ChromaScan,PHF57D,,G-338012(Approx.1.7Y8.0/11.7),,YELLOW PART A,,,,0,0
CoA_ChromaScan,PHF61F,,RAL DESIGN 150 60 30,,GREEN PART A,,,,0,0
CoA_ChromaScan,PHF626,,RAL6005,,RAL6005 MOSS GREEN PART A,,,,0,0
CoA_ChromaScan,PHF684,,IP F684,,SURF GREY PART A,,,,0,0
CoA_ChromaScan,PHF685,,JPMA1003(APPROX. N7.5),,GREY PART A,,,,0,0
CoA_ChromaScan,PHF704,,IP F704,,GRAY PART A,,,,0,0
CoA_ChromaScan,PHF726,,KNS 55771,,GRAY PART A,,,,0,0
CoA_ChromaScan,PHF84H,,IP F84H,,SILVER SAGE PART A,,,,0,0
CoA_ChromaScan,PHF871,,RAL5014,,RAL5014 PIGEON BLUE PART A,,,,0,0
CoA_ChromaScan,PHF906,,BS4800 22D45,,BOUTIQUE PART A,,,,0,0
CoA_ChromaScan,PHF967,,HEMPEL 3010,,BLUE PART A,,,,0,0
CoA_ChromaScan,PHG021,,RAL1000,,RAL1000 GREEN BEIGE PART A,,,,0,0
CoA_ChromaScan,PHG03S,,MUNSELL 2.5PB7/2,,GRAY PART A,,,,0,0
CoA_ChromaScan,PHG068,,IP G068,,LIGHT GREY PART A,,,,0,0
CoA_ChromaScan,PHG135,,RAL1004,,RAL1004 GOLDEN YELLOW PART A,,,,0,0
CoA_ChromaScan,PHG145,,RAL1024,,RAL1024 OCHRE YELLOW PART A,,,,0,0
CoA_ChromaScan,PHG164,,IP G164,,PRIMROSE PART A,,,,0,0
CoA_ChromaScan,PHG22X,,KCC SAMPLE (7.5BG6/1.5),,GREY PART A,,,,0,0
CoA_ChromaScan,PHG25N,,5Y9/1.5,,CREAM PART A,,,,0,0
CoA_ChromaScan,PHG323,,JPMA 412,,GREEN PART A,,,,0,0
CoA_ChromaScan,PHG360,,MUNSELL 7.5BG7/2,,AQUAMIST BLUE PART A,,,,0,0
CoA_ChromaScan,PHG404,,MUNSELL 10GY7/6,,GREEN PART A,,,,0,0
CoA_ChromaScan,PHG48B,,MUNSELL 0.1BG5.5/4.9,,HERB LEAF PART A,,,,0,0
CoA_ChromaScan,PHG506,,JPMA 541,,GREEN PART A,,,,0,0
CoA_ChromaScan,PHG528,,KNS 40575,,LIGHT GREEN PART A,,,,0,0
CoA_ChromaScan,PHG57C,,MUNSELL 2.5Y9/2,,IVORY PART A,,,,0,0
CoA_ChromaScan,PHG590,,RAL6002,,RAL6002 LEAF GREEN PART A,,,,0,0
CoA_ChromaScan,PHG607,,MUNSELL 2.5G3/6,,DARK GREEN PART A,,,,0,0
CoA_ChromaScan,PHG609,,BS381C 267,,DEEP CHROME GREEN PART A,,,,0,0
CoA_ChromaScan,PHG721,,RAL4002,,RAL4002 RED VIOLET PART A,,,,0,0
CoA_ChromaScan,PHG764,,MUNSELL 5B7/2,,GREY PART A,,,,0,0
CoA_ChromaScan,PHG835,,RAL4001,,RAL4001 RED LILAC PART A,,,,0,0
CoA_ChromaScan,PHG873,,JPMA 937,,LIGHT MAUVE PART A,,,,0,0
CoA_ChromaScan,PHG900,,RAL5007,,RAL5007 BRILLIANT BLUE PART A,,,,0,0
CoA_ChromaScan,PHH000,,BS4800 00A05,,FLOTILLA PART A,,,,0,0
CoA_ChromaScan,PHH017,,BS381C 627,,PEARL GREY PART A,,,,0,0
CoA_ChromaScan,PHH051,,MUNSELL N8,,GREY PART A,,,,0,0
CoA_ChromaScan,PHH053,,IP LOCAL UF S79/002,,GREY PART A,,,,0,0
CoA_ChromaScan,PHH108,,RAL1001,,RAL1001 BEIGE PART A,,,,0,0
CoA_ChromaScan,PHH140,,IP H140,,CREAM PART A,,,,0,0
CoA_ChromaScan,PHH296,,RAL3011,,RAL3011 BROWN RED PART A,,,,0,0
CoA_ChromaScan,PHH445,,"MUNSELL	10GY6/6",,GREEN PT A,,,,0,0
CoA_ChromaScan,PHH586,,KNS 41474,,DARK GREEN PART A,,,,0,0
CoA_ChromaScan,PHH607,,KCC 4430,,GREEN PART A,,,,0,0
CoA_ChromaScan,PHH685,,JPMA 1004(N7.0),,LIGHT GREY PART A,,,,0,0
CoA_ChromaScan,PHH710,,RAL4009,,RAL4009 PASTEL VIOLET PART A,,,,0,0
CoA_ChromaScan,PHH745,,BS4800 18B21,,SHADOW BLUE PART A,,,,0,0
CoA_ChromaScan,PHH899,,JPMA 708,,BLUE GREY PART A,,,,0,0
CoA_ChromaScan,PHH990,,IP LOCAL UH 4303S CARNIVAL UF S92/030,,DARK BLUE PART A,,,,0,0
CoA_ChromaScan,PHI103,,RAL5023,,RAL5023 DISTANT BLUE PART A,,,,0,0
CoA_ChromaScan,PHI115,,PANTONE 541C,,IMPERIAL BLUE PART A,,,,0,0
CoA_ChromaScan,PHI119,,PANTONE 294C,,CLASSIC BLUE PART A,,,,0,0
CoA_ChromaScan,PHI133,,MUNSELL 5B7/6,,PALM BLUE PART A,,,,0,0
CoA_ChromaScan,PHI144,,PANTONE 279C,,ODIN BLUE PART A,,,,0,0
CoA_ChromaScan,PHI145,,PANTONE 299,,BLITHE PART A,,,,0,0
CoA_ChromaScan,PHI196,,SIGMA 1199,,BLUE PART A,,,,0,0
CoA_ChromaScan,PHI319,,KNS 47810,,LIGHT GREY PART A,,,,0,0
CoA_ChromaScan,PHI436,,MUNSELL 10BG4/2,,GREY GREEN PART A,,,,0,0
CoA_ChromaScan,PHI443,,MUNSELL 2.5Y8/14,,YELLOW PART A,,,,0,0
CoA_ChromaScan,PHI449,,MUNSELL 2.5Y9/5,,CORN YELLOW PART A,,,,0,0
CoA_ChromaScan,PHI529,,PANTONE 32,,CORPORATE RED PART A,,,,0,0
CoA_ChromaScan,PHI542,,PANTONE 165,,TANGERINE PART A,,,,0,0
CoA_ChromaScan,PHI605,,RAL9005,,RAL9005 JET BLACK PART A,,,,0,0
CoA_ChromaScan,PHI615,,MUNSELL 10BG6/1,,BLUE GREY PART A,,,,0,0
CoA_ChromaScan,PHI622,,JOTUN 403,,GREY PART A,,,,0,0
CoA_ChromaScan,PHI665,,NCS 5502Y,,GREY PART A,,,,0,0
CoA_ChromaScan,PHI744,,MUNSELL N8.5,,SEASHELL GREY PART A,,,,0,0
CoA_ChromaScan,PHI747,,MUNSELL 5Y7/1,,MUSHROOM PART A,,,,0,0
CoA_ChromaScan,PHI849,,MUNSELL N7.5,,STONE GREY PART A,,,,0,0
CoA_ChromaScan,PHI908,,BS5252 06C35,,LIGHT SALMON PINK PART A,,,,0,0
CoA_ChromaScan,PHI940,,PANTONE 383C,,LIME GREEN PART A,,,,0,0
CoA_ChromaScan,PHJ019,,RAL7032,,RAL7032 PEBBLE GREY PART A,,,,0,0
CoA_ChromaScan,PHJ057,,RAL1020,,RAL1020 OLIVE YELLOW PART A,,,,0,0
CoA_ChromaScan,PHJ071,,BS4800 10B21,,HEMP PART A,,,,0,0
CoA_ChromaScan,PHJ07Q,,IP J07Q,,HOEGH BLUE PART A,,,,0,0
CoA_ChromaScan,PHJ08P,,MUNSELL 2.5P5/6,,PALE VIOLET PART A,,,,0,0
CoA_ChromaScan,PHJ105,,RAL1019,,RAL1019 GREY BEIGE PART A,,,,0,0
CoA_ChromaScan,PHJ122,,BS4800 08B21,,MOCHA PART A,,,,0,0
CoA_ChromaScan,PHJ14E,,MUNSELL 5G6/4,,GREEN PART A,,,,0,0
CoA_ChromaScan,PHJ161,,RAL1011,,RAL1011 BROWN BEIGE PART A,,,,0,0
CoA_ChromaScan,PHJ226,,RAL8023,,RAL8023 ORANGE BROWN PART A,,,,0,0
CoA_ChromaScan,PHJ22N,,INDIAN (IS 5) 632,,DK ADMIRALTY GREY PART A,,,,0,0
CoA_ChromaScan,PHJ24N,,FEDERAL 26231,,GRAY PART A,,,,0,0
CoA_ChromaScan,PHJ275,,MUNSELL 10R3/8,,RED BROWN PART A,,,,0,0
CoA_ChromaScan,PHJ300,,BS381C 631,,WESTMORLAND GREY PART A,,,,0,0
CoA_ChromaScan,PHJ34V,,GSB 05-1426 B04,,SILVER GREY PART A,,,,0,0
CoA_ChromaScan,PHJ42Q,,KCC 2000,,BRIGHT RED PART A,,,,0,0
CoA_ChromaScan,PHJ42R,,KCC 3000,,ORANGE YELLOW PART A,,,,0,0
CoA_ChromaScan,PHJ42U,,IP J42U,,BLUE PART A,,,,0,0
CoA_ChromaScan,PHJ43N,,PANTONE 2935C,,BLUE PART A,,,,0,0
CoA_ChromaScan,PHJ43P,,PANTONE PROCESS CYAN BLUE,,PROCESS CYAN BLUE PART A,,,,0,0
CoA_ChromaScan,PHJ43Q,,PANTONE 186C,,RED PART A,,,,0,0
CoA_ChromaScan,PHJ43R,,PANTONE 201C,,RED PART A,,,,0,0
CoA_ChromaScan,PHJ43V,,MUNSELL 10G5/10,,GREEN PART A,,,,0,0
CoA_ChromaScan,PHJ44X,,RAL3032,,RAL3032 PEARL RUBY RED PART A,,,,0,0
CoA_ChromaScan,PHJ489,,JP MUNSELL 10GY6/5,,GREEN PART A,,,,0,0
CoA_ChromaScan,PHJ491,,RAL6017,,RAL6017 MAY GREEN PART A,,,,0,0
CoA_ChromaScan,PHJ504,,JPMA 546,,GREEN PART A,,,,0,0
CoA_ChromaScan,PHJ549,,JPMA 442,,GREEN PART A,,,,0,0
CoA_ChromaScan,PHJ605,,KCC 4440,,DARK GREEN PART A,,,,0,0
CoA_ChromaScan,PHJ684,,MUNSELL N6.5,,GREY PART A,,,,0,0
CoA_ChromaScan,PHJ724,,IP J724,,FRENCH GREY PART A,,,,0,0
CoA_ChromaScan,PHJ919,,BS4800 20D45,,ENSIGN PART A,,,,0,0
CoA_ChromaScan,PHK002,,BS381C 630,,FRENCH GREY PART A,,,,0,0
CoA_ChromaScan,PHK214,,RAL8001,,RAL8001 OCHRE BROWN PART A,,,,0,0
CoA_ChromaScan,PHK274,,JPMA 144,,RED BROWN PART A,,,,0,0
CoA_ChromaScan,PHK294,,RAL3004,,RAL3004 PURPLE RED PART A,,,,0,0
CoA_ChromaScan,PHK363,,RAL6021,,RAL6021 PALE GREEN PART A,,,,0,0
CoA_ChromaScan,PHK379,,JPMA 634 (7.5BG6/1.5 ),,GREY PART A,,,,0,0
CoA_ChromaScan,PHK399,,KNS 49582,,GREEN GRAY PART A,,,,0,0
CoA_ChromaScan,PHK463,,JPMA 502,,GREEN PART A,,,,0,0
CoA_ChromaScan,PHK516,,RAL6000,,RAL6000 PATINA GREEN PART A,,,,0,0
CoA_ChromaScan,PHK528,,BS381C 218,,GRASS GREEN PART A,,,,0,0
CoA_ChromaScan,PHK534,,SWEDISH FORESTRY SSG 24,,BLUE GREEN PART A,,,,0,0
CoA_ChromaScan,PHK665,,RAL7036,,RAL7036 PLATINUM GREY PART A,,,,0,0
CoA_ChromaScan,PHK705,,FEDERAL 26270,,HAZE GREY PART A,,,,0,0
CoA_ChromaScan,PHK724,,IP K724,,STORM GREY PART A,,,,0,0
CoA_ChromaScan,PHK727,,IP K727,,GREY PART A,,,,0,0
CoA_ChromaScan,PHK766,,RAL7001,,RAL7001 SILVER GREY PART A,,,,0,0
CoA_ChromaScan,PHK992,,RAL5004,,RAL5004 BLACK BLUE PART A,,,,0,0
CoA_ChromaScan,PHL037,,RAL7034,,RAL7034 YELLOW GREY PART A,,,,0,0
CoA_ChromaScan,PHL288,,JOTUN 49,,RED PART A,,,,0,0
CoA_ChromaScan,PHL389,,BS381C 278,,LIGHT GREEN PART A,,,,0,0
CoA_ChromaScan,PHL543,,JPMA 540,,GREEN PART A,,,,0,0
CoA_ChromaScan,PHL547,,RAL6010,,RAL6010 GRASS GREEN PART A,,,,0,0
CoA_ChromaScan,PHL647,,RAL6009,,RAL6009 FIR GREEN PART A,,,,0,0
CoA_ChromaScan,PHL764,,IP LOCAL UF S79/163,,DARK GREY PART A,,,,0,0
CoA_ChromaScan,PHL765,,RAL7000,,RAL7000 SQUIRREL GREY PART A,,,,0,0
CoA_ChromaScan,PHL847,,JPMA 711,,BLUE GREY PART A,,,,0,0
CoA_ChromaScan,PHM000,,BS4800 00A09,,THUNDERCLOUD PART A,,,,0,0
CoA_ChromaScan,PHM001,,RAL7023,,RAL7023 CONCRETE GREY PART A,,,,0,0
CoA_ChromaScan,PHM018,,RAL7030,,RAL7030 STONE GREY PART A,,,,0,0
CoA_ChromaScan,PHM054,,RAL7002,,RAL7002 OLIVE GREY PART A,,,,0,0
CoA_ChromaScan,PHM08R,,MUNSELL 5PB3/8,,MID BLUE PART A,,,,0,0
CoA_ChromaScan,PHM10D,,FEDERAL 16515,,LIGHT GREY PART A,,,,0,0
CoA_ChromaScan,PHM12H,,FEDERAL 15092,,BLUE PART A,,,,0,0
CoA_ChromaScan,PHM12J,,FEDERAL 12300,,ORANGE PART A,,,,0,0
CoA_ChromaScan,PHM163,,RAL8000,,RAL8000 GREEN BROWN PART A,,,,0,0
CoA_ChromaScan,PHM230,,RAL8003,,RAL8003 CLAY BROWN PART A,,,,0,0
CoA_ChromaScan,PHM231,,IP LOCAL UF S79/032  YACHT 293,,TEAK PART A,,,,0,0
CoA_ChromaScan,PHM24F,,MUNSELL 7.5R3/12,,RED PART A,,,,0,0
CoA_ChromaScan,PHM272,,RAL3009,,RAL3009 OXIDE RED PART A,,,,0,0
CoA_ChromaScan,PHM319,,BS381C 694,,DOVE GREY PART A,,,,0,0
CoA_ChromaScan,PHM31G,,MUNSELL 5B6/8,,BLUE PART A,,,,0,0
CoA_ChromaScan,PHM33C,,MUNSELL 2.5PB3/10,,BLUE PART A,,,,0,0
CoA_ChromaScan,PHM371,,BS5252 12C37,,GREEN PART A,,,,0,0
CoA_ChromaScan,PHM37M,,IP LOCAL BR-02/121,,MILTOM LINHARES BLUE PART A,,,,0,0
CoA_ChromaScan,PHM404,,RAL6011,,RAL6011 RESEDA GREEN PART A,,,,0,0
CoA_ChromaScan,PHM41E,,MUNSELL N7.25,,LIGHT GREY PART A,,,,0,0
CoA_ChromaScan,PHM42H,,PANTONE 3015C,,BLUE PART A,,,,0,0
CoA_ChromaScan,PHM451,,RAL6025,,RAL6025 FERN GREEN PART A,,,,0,0
CoA_ChromaScan,PHM51A,,NCS S5040G50Y,,GREEN PART A,,,,0,0
CoA_ChromaScan,PHM51N,,SIGMA 4199,,YELLOW GREEN PART A,,,,0,0
CoA_ChromaScan,PHM55H,,MUNSELL N1,,BLACK PART A,,,,0,0
CoA_ChromaScan,PHM58Y,,MUNSELL 2.5GY7/2,,GREY GREEN PART A,,,,0,0
CoA_ChromaScan,PHM63K,,FEDERAL 14120,,YELLOW GREEN PART A,,,,0,0
CoA_ChromaScan,PHM64E,,MUNSELL 5PB3/4,,GREY BLUE PART A,,,,0,0
CoA_ChromaScan,PHM65G,,RAL4010,,RAL4010 TELEMAGENTA PART A,,,,0,0
CoA_ChromaScan,PHM65J,,OSHA SAFETY ORANGE,,SAFETY ORANGE PART A,,,,0,0
CoA_ChromaScan,PHM67R,,CHUGOKU CS-516,,DARK GREY PART A,,,,0,0
CoA_ChromaScan,PHM685,,JPMA 1007,,GREY PART A,,,,0,0
CoA_ChromaScan,PHM704,,RAL7037,,RAL7037 DUSTY GREY PART A,,,,0,0
CoA_ChromaScan,PHM71H,,FEDERAL 22563,,BEACH-SAND PART A,,,,0,0
CoA_ChromaScan,PHM724,,HEMPEL 1148,,GREY PART A,,,,0,0
CoA_ChromaScan,PHM745,,IP M745,,GREY PART A,,,,0,0
CoA_ChromaScan,PHM77T,,CARBOLINE C703,,MEDIUM GREY PART A,,,,0,0
CoA_ChromaScan,PHM785,,RAL7031,,RAL7031 BLUE GREY PART A,,,,0,0
CoA_ChromaScan,PHM81D,,PANTONE 376C,,YELLOW GREEN PART A,,,,0,0
CoA_ChromaScan,PHM82N,,KNS D 80680(MSL4.9BG6.7/0.2),,GREY PART A,,,,0,0
CoA_ChromaScan,PHM85B,,JPMA 635,,BLUE GREY PART A,,,,0,0
CoA_ChromaScan,PHM86T,,FEDERAL 27038,,BLACK PART A,,,,0,0
CoA_ChromaScan,PHM87X,,MUNSELL 10G4/10,,GREEN PART A,,,,0,0
CoA_ChromaScan,PHM92D,,MUNSELL 10G9/0.5,,GREY GREEN PART A,,,,0,0
CoA_ChromaScan,PHM94P,,NCS 2030G30Y,,LIGHT GREEN PART A,,,,0,0
CoA_ChromaScan,PHM96L,,MUNSELL 10YR8/14,,YELLOW PART A,,,,0,0
CoA_ChromaScan,PHN002,,RAL7033,,RAL7033 CEMENT GREY PART A,,,,0,0
CoA_ChromaScan,PHN005,,RAL6013,,REED GREEN PART A,,,,0,0
CoA_ChromaScan,PHN00K,,PANTONE 3272C,,BLUE GREEN PART A,,,,0,0
CoA_ChromaScan,PHN01H,,MUNSELL 10R2/6,,RED BROWN PART A,,,,0,0
CoA_ChromaScan,PHN03R,,PANTONE 124C,,YELLOW PART A,,,,0,0
CoA_ChromaScan,PHN08L,,MUNSELL 10YR9/2,,CREAM PART A,,,,0,0
CoA_ChromaScan,PHN16L,,MUNSELL 2.5B8/4,,LIGHT SKY BLUE PART A,,,,0,0
CoA_ChromaScan,PHN19Y,,JP MSL 10YR7.5/14,,YELLOW PART A,,,,0,0
CoA_ChromaScan,PHN211,,RAL8024,,RAL8024 BEIGE BROWN PART A,,,,0,0
CoA_ChromaScan,PHN21B,,MUNSELL 2.5PB5/10,,BLUE PART A,,,,0,0
CoA_ChromaScan,PHN231,,RAL8007,,RAL8007 FAWN BROWN PART A,,,,0,0
CoA_ChromaScan,PHN238,,KNS 18413,,BROWN PART A,,,,0,0
CoA_ChromaScan,PHN24G,,FEDERAL 17038,,BLACK PART A,,,,0,0
CoA_ChromaScan,PHN24P,,MUNSELL 5Y8.5/12,,YELLOW PART A,,,,0,0
CoA_ChromaScan,PHN290,,RAL3005,,RAL3005 WINE RED PART A,,,,0,0
CoA_ChromaScan,PHN29L,,BS381C 450,,DARK EARTH PART A,,,,0,0
CoA_ChromaScan,PHN34C,,SIGMA 3142,,AMBROSIA (3142) PART A,,,,0,0
CoA_ChromaScan,PHN37J,,MOBIL BEIGE,,BEIGE PART A,,,,0,0
CoA_ChromaScan,PHN43V,,MUNSELL 10GY7.5/4,,MID GREEN PART A,,,,0,0
CoA_ChromaScan,PHN44W,,KNS D-42661,,GREEN PART A,,,,0,0
CoA_ChromaScan,PHN51G,,IP N51G,,WHITE PART A,,,,0,0
CoA_ChromaScan,PHN520,,MUNSELL 2.5G4/4,,GREEN PART A,,,,0,0
CoA_ChromaScan,PHN541,,MUNSELL 2.5G3/4,,GREEN PART A,,,,0,0
CoA_ChromaScan,PHN570,,JP MUNSELL 7.5GY4.5/6,,YELLOW GREEN PART A,,,,0,0
CoA_ChromaScan,PHN60A,,SIGMA 5163,,LIGHT GREY PART A,,,,0,0
CoA_ChromaScan,PHN620,,RAL6012,,RAL6012 BLACK GREEN PART A,,,,0,0
CoA_ChromaScan,PHN64A,,FEDERAL 16307,,AUTUMN GREY PART A,,,,0,0
CoA_ChromaScan,PHN75V,,KNS40750(0.3G7.7/1.1),,LIGHT GREYISH GREEN PART A,,,,0,0
CoA_ChromaScan,PHN78N,,PANTONE 382C,,YELLOW GREEN PART A,,,,0,0
CoA_ChromaScan,PHN85A,,IP E 30891,,CREAM PART A,,,,0,0
CoA_ChromaScan,PHN85D,,MUNSELL 10BG5/2,,BLUE GREY PART A,,,,0,0
CoA_ChromaScan,PHN93M,,MUNSELL 5Y8/1,,LIGHT BEIGE PART A,,,,0,0
CoA_ChromaScan,PHN964,,RAL5008,,RAL5008 GREY BLUE PART A,,,,0,0
CoA_ChromaScan,PHO000,,MUNSELL 7.5R3/6,,RED PART A,,,,0,0
CoA_ChromaScan,PHO013,,MUNSELL 2.5Y8/2,,LIGHT BUFF PART A,,,,0,0
CoA_ChromaScan,PHO023,,MUNSELL 7.5GY7/4.5,,GREEN PART A,,,,0,0
CoA_ChromaScan,PHO038,,MUNSELL 10Y9/4,,PASTEL YELLOW PART A,,,,0,0
CoA_ChromaScan,PHO051,,MUNSELL 2.5G8/3,,LIGHT GREEN PART A,,,,0,0
CoA_ChromaScan,PHO077,,MUNSELL 2.5Y8.5/2,,LIGHT IVORY PART A,,,,0,0
CoA_ChromaScan,PHO101,,CHUGOKU CS-649,,NIGHT SKY PART A,,,,0,0
CoA_ChromaScan,PHO125,,MUNSELL 2.5PB5/6,,NIAGARA PART A,,,,0,0
CoA_ChromaScan,PHO181,,MUNSELL 5B6/4,,LIGHT BLUE PART A,,,,0,0
CoA_ChromaScan,PHO201,,IP O201,,BW GREEN PART A,,,,0,0
CoA_ChromaScan,PHO245,,JOTUN257(Approx.1.3G3.8/4.3),,GREEN PART A,,,,0,0
CoA_ChromaScan,PHO278,,MUNSELL 2.5G4/10,,GREEN PART A,,,,0,0
CoA_ChromaScan,PHO356,,MUNSELL 2.5Y8/4,,BEIGE PART A,,,,0,0
CoA_ChromaScan,PHO400,,CHUGOKU CS-511,,REDDISH BROWN PART A,,,,0,0
CoA_ChromaScan,PHO504,,MUNSELL 7.5R4/14,,RED PART A,,,,0,0
CoA_ChromaScan,PHO530,,SIGMA 6188,,RED PART A,,,,0,0
CoA_ChromaScan,PHO540,,MUNSELL 2.5YR6/13,,BRIGHT ORANGE PART A,,,,0,0
CoA_ChromaScan,PHO559,,MUNSELL 2.5YR7/6,,SALMON PINK PART A,,,,0,0
CoA_ChromaScan,PHO628,,MUNSELL 10Y7/1,,LIGHT GREY PART A,,,,0,0
CoA_ChromaScan,PHO639,,RAL7045,,RAL7045 TELEGREY  PART A,,,,0,0
CoA_ChromaScan,PHO641,,ANSI 70,,GREY PART A,,,,0,0
CoA_ChromaScan,PHO830,,BS5252 14D41,,SEA FOAM PART A,,,,0,0
CoA_ChromaScan,PHO835,,MUNSELL 7.5B7/2,,CLOUD BLUE PART A,,,,0,0
CoA_ChromaScan,PHO857,,MUNSELL 2.5G5.5/7,,GREEN PART A,,,,0,0
CoA_ChromaScan,PHO909,,MUNSELL 10BG6/4,,BLUE PART A,,,,0,0
CoA_ChromaScan,PHO922,,MUNSELL 10GY6/0.3,,SHADOW GREY PART A,,,,0,0
CoA_ChromaScan,PHO952,,MUNSELL N2,,RAVEN PART A,,,,0,0
CoA_ChromaScan,PHO962,,FEDERAL 36076,,DARK GREY PART A,,,,0,0
CoA_ChromaScan,PHO969,,MUNSELL 7.5BG5/2,,GREY GREEN PART A,,,,0,0
CoA_ChromaScan,PHP034,,CHROMASCAN III 71045,,PEARL GRAY PART A,,,,0,0
CoA_ChromaScan,PHP04Y,,MUNSELL N6.75,,GREY PART A,,,,0,0
CoA_ChromaScan,PHP08P,,JP MUNSELL 2.5PB6/1,,MEDIUM GREY PART A,,,,0,0
CoA_ChromaScan,PHP12H,,IP GM MUNSELL 5B4/10,,BLUE PART A,,,,0,0
CoA_ChromaScan,PHP12J,,KCC 5445,,BLUE PART A,,,,0,0
CoA_ChromaScan,PHP13F,,ANSI 24,,DARK GREY PART A,,,,0,0
CoA_ChromaScan,PHP17W,,IP P17W,,MID GREEN PART A,,,,0,0
CoA_ChromaScan,PHP192,,RAL8025,,RAL8025 PALE BROWN PART A,,,,0,0
CoA_ChromaScan,PHP19J,,JP MUNSELL 2.5G6/3,,DARK GREEN PART A,,,,0,0
CoA_ChromaScan,PHP22L,,MUNSELL 5G7/10,,LIGHT GREEN PART A,,,,0,0
CoA_ChromaScan,PHP275,,RAL8012,,RAL8012 RED BROWN PART A,,,,0,0
CoA_ChromaScan,PHP319,,RAL7005,,RAL7005 MOUSE GREY PART A,,,,0,0
CoA_ChromaScan,PHP36N,,BS4800 00E53,,BLACK PART A,,,,0,0
CoA_ChromaScan,PHP37V,,FEDERAL 36099,,DARK GREY PART A,,,,0,0
CoA_ChromaScan,PHP413,,BS4800 12D45,,FOLIAGE PART A,,,,0,0
CoA_ChromaScan,PHP41M,,MUNSELL 2.5Y9/2,,WHITE YELLOW PART A,,,,0,0
CoA_ChromaScan,PHP437,,BS381C 222,,LIGHT BRONZE GREEN PART A,,,,0,0
CoA_ChromaScan,PHP43A,,MUNSELL 7.5YR3/6,,MEDIUM BROWN PART A,,,,0,0
CoA_ChromaScan,PHP467,,IP LOCAL RG 74-180,,GREEN PART A,,,,0,0
CoA_ChromaScan,PHP49P,,MUNSELL 10B5/12,,BLUE PART A,,,,0,0
CoA_ChromaScan,PHP53C,,MUNSELL 5B8/2,,LIGHT BLUE PART A,,,,0,0
CoA_ChromaScan,PHP62J,,KNS E-19405,,BROWN PART A,,,,0,0
CoA_ChromaScan,PHP62X,,RAL3028,,RAL3028 PURE RED PART A,,,,0,0
CoA_ChromaScan,PHP63W,,JP MUNSELL 10B3/5,,BLUE PART A,,,,0,0
CoA_ChromaScan,PHP665,,IP P665,,GREY PART A,,,,0,0
CoA_ChromaScan,PHP66G,,MUNSELL 10Y8.5/4,,YELLOW BEIGE PART A,,,,0,0
CoA_ChromaScan,PHP685,,MUNSELL N5,,SLATE GREY PART A,,,,0,0
CoA_ChromaScan,PHP73V,,JPMA 162,,ORANGE PART A,,,,0,0
CoA_ChromaScan,PHP88A,,HEMPEL 30700,,BLUE PART A,,,,0,0
CoA_ChromaScan,PHP93H,,MUNSELL 2.5PB6/2,,GREY PART A,,,,0,0
CoA_ChromaScan,PHP99R,,IP 6035,,GREEN PART A,,,,0,0
CoA_ChromaScan,PHQ020,,BS4800 12B25,,DEEP GLADE PART A,,,,0,0
CoA_ChromaScan,PHQ16L,,FEDERAL STD 34090,,GREEN PART A,,,,0,0
CoA_ChromaScan,PHQ226,,RAL8002,,RAL8002 SIGNAL BROWN PART A,,,,0,0
CoA_ChromaScan,PHQ229,,BS4800 06C39,,CHESTNUT PART A,,,,0,0
CoA_ChromaScan,PHQ26P,,MUNSELL 10GY5/1,,DARK GREY PART A,,,,0,0
CoA_ChromaScan,PHQ275,,RAL8015,,RAL8015 CHESTNUT BROWN PART A,,,,0,0
CoA_ChromaScan,PHQ28H,,FEDERAL 16357,,GREY PART A,,,,0,0
CoA_ChromaScan,PHQ28K,,IP Q28K(APPROX 7.5BG5/4.5),,BLUE GREEN PART A,,,,0,0
CoA_ChromaScan,PHQ291,,RAL 3007,,RAL3007 BLACK RED PART A,,,,0,0
CoA_ChromaScan,PHQ29H,,HEMPEL 20300 - YELLOW,,YELLOW PART A,,,,0,0
CoA_ChromaScan,PHQ32X,,IP Q32X,,PRINCESS BLUE PART A,,,,0,0
CoA_ChromaScan,PHQ45B,,MUNSELL 5PB4/4,,GREY BLUE PART A,,,,0,0
CoA_ChromaScan,PHQ45Q,,MUNSELL 5B4/10,,BLUE PART A,,,,0,0
CoA_ChromaScan,PHQ516,,RAL6028,,RAL6028 PINE GREEN PART A,,,,0,0
CoA_ChromaScan,PHQ58Q,,MUNSELL 2.5G7.2/2.2,,GREEN PART A,,,,0,0
CoA_ChromaScan,PHQ58T,,MUNSELL 0.0N7.5/0.1,,GREY PART A,,,,0,0
CoA_ChromaScan,PHQ72H,,IP Q72H,,BLUED WHITE PART A,,,,0,0
CoA_ChromaScan,PHQ765,,RAL7011,,RAL7011 IRON GREY PART A,,,,0,0
CoA_ChromaScan,PHQ77D,,CHUGOKU CS-611,,LIGHT GREY PART A,,,,0,0
CoA_ChromaScan,PHQ808,,RAL7015,,RAL7015 SLATE GREY PART A,,,,0,0
CoA_ChromaScan,PHQ80C,,MUNSELL 5G 5.5/6,,LIGHT GREEN PART A,,,,0,0
CoA_ChromaScan,PHQ84N,,MUNSELL 2.5PB2/6,,DARK BLUE PART A,,,,0,0
CoA_ChromaScan,PHQ86J,,"MUNSELL	2.5YR5/5.5",,LIGHT BROWN PART A,,,,0,0
CoA_ChromaScan,PHQ879,,BS4800 14C39,,YEW PART A,,,,0,0
CoA_ChromaScan,PHQ92N,,MUNSELL 7.5B5/10,,BLUE PART A,,,,0,0
CoA_ChromaScan,PHQ99D,,KNS E15337,,RED PART A,,,,0,0
CoA_ChromaScan,PHR018,,RAL7039,,RAL7039 QUARTZ GREY PART A,,,,0,0
CoA_ChromaScan,PHR01J,,MUNSELL 5G6/8,,GREEN PART A,,,,0,0
CoA_ChromaScan,PHR04U,,MUNSELL 5BG8/3,,LIGHT GREEN PART A,,,,0,0
CoA_ChromaScan,PHR244,,IP LOCAL UF S87/047,,BROWN PART A,,,,0,0
CoA_ChromaScan,PHR25D,,IP R25D,,RED PART A,,,,0,0
CoA_ChromaScan,PHR300,,RAL7010,,TARPAULIN GREY PART A,,,,0,0
CoA_ChromaScan,PHR30F,,FEDERAL 30475,,RAWHIDE PART A,,,,0,0
CoA_ChromaScan,PHR41M,,JP MUNSELL 2.5PB3.5/10,,BLUE PART A,,,,0,0
CoA_ChromaScan,PHR57V,,FEDERAL 26440,,GREY PART A,,,,0,0
CoA_ChromaScan,PHR61G,,HEMPEL 30750,,BLUE GREEN PART A,,,,0,0
CoA_ChromaScan,PHR64C,,IP BLUE,,BLUE PART A,,,,0,0
CoA_ChromaScan,PHR64H,,MUNSELL 4.4PB5.5/5.6,,BLUE PART A,,,,0,0
CoA_ChromaScan,PHR66Q,,KNS D-80740 (0.5YR7.6/0.4),,LIGHT GREY PART A,,,,0,0
CoA_ChromaScan,PHR67X,,JP MUNSELL 2.5G3.5/1,,GREY PART A,,,,0,0
CoA_ChromaScan,PHR69X,,JP MUNSELL 10GY4/7,,GREEN PART A,,,,0,0
CoA_ChromaScan,PHR70A,,MUNSELL 2.5Y8/10.2,,YELLOW PART A,,,,0,0
CoA_ChromaScan,PHR71H,,MUNSELL 5YR7/4,,PINK PART A,,,,0,0
CoA_ChromaScan,PHR73X,,FEDERAL 16314,,GREY PART A,,,,0,0
CoA_ChromaScan,PHR744,,RAL7012,,RAL7012 BASALT GREY PART A,,,,0,0
CoA_ChromaScan,PHR75P,,KNS E-30833,,IVORY PART A,,,,0,0
CoA_ChromaScan,PHR764,,BS381C 632,,DARK ADMIRALTY GREY PART A,,,,0,0
CoA_ChromaScan,PHR76L,,JP MUNSELL 7.5R4.5/12,,REFLECTANCE VALUES PART A,,,,0,0
CoA_ChromaScan,PHR76M,,JP MUNSELL 10YR7.5/11,,ORANGE PART A,,,,0,0
CoA_ChromaScan,PHR784,,JOTUN 433,,GREY PART A,,,,0,0
CoA_ChromaScan,PHR786,,KNS 80410,,DARK GREY PART A,,,,0,0
CoA_ChromaScan,PHR807,,FEDERAL 26081,,DARK GREY PART A,,,,0,0
CoA_ChromaScan,PHR808,,RAL7024,,RAL7024 GRAPHITE GREY PART A,,,,0,0
CoA_ChromaScan,PHR81W,,FEDERAL 15450,,FALLS BLUE PART A,,,,0,0
CoA_ChromaScan,PHS041,,MUNSELL 7.5Y9/6,,YELLOW PART A,,,,0,0
CoA_ChromaScan,PHS089,,HEMPEL 2032,,CREAM PART A,,,,0,0
CoA_ChromaScan,PHS095,,RAL1018,,RAL1018 ZINC YELLOW PART A,,,,0,0
CoA_ChromaScan,PHS115,,BS5252 1E+56,,YELLOW PART A,,,,0,0
CoA_ChromaScan,PHS125,,JPMA 335,,CORN YELLOW PART A,,,,0,0
CoA_ChromaScan,PHS142,,BS5252 08D41,,BUFF PART A,,,,0,0
CoA_ChromaScan,PHS179,,RAL1017,,RAL1017 SAFFRON YELLOW PART A,,,,0,0
CoA_ChromaScan,PHS216,,RAL1028,,RAL1028 MELON YELLOW PART A,,,,0,0
CoA_ChromaScan,PHS226,,RAL 2011,,RAL2011 DEEP ORANGE PART A,,,,0,0
CoA_ChromaScan,PHS294,,KNS 14389,,RED PART A,,,,0,0
CoA_ChromaScan,PHS439,,BS5252 18D41,,LIGHT BLUE PART A,,,,0,0
CoA_ChromaScan,PHS461,,MUNSELL 7.5BG7/6,,AQUA BLUE PART A,,,,0,0
CoA_ChromaScan,PHS596,,RAL5021,,RAL5021 WATER BLUE PART A,,,,0,0
CoA_ChromaScan,PHS68Y,,JP MUNSELL 2.5G4.5/8,,GREEN PART A,,,,0,0
CoA_ChromaScan,PHS726,,KNS 53516,,LIGHT BLUE PART A,,,,0,0
CoA_ChromaScan,PHS72E,,MUNSELL 6.3G8.2/0.4,,LIGHT GREY PART A,,,,0,0
CoA_ChromaScan,PHS74V,,KNS E-38684,,LIGHT GREEN PART A,,,,0,0
CoA_ChromaScan,PHS82D,,JP MUNSELL 2.5PB7.5/6,,LIGHT BLUE PART A,,,,0,0
CoA_ChromaScan,PHS897,,MUNSELL 10B5/10,,LIGHT BLUE PART A,,,,0,0
CoA_ChromaScan,PHS89K,,SAMHWA A-1122,,LIGHT GREEN PART A,,,,0,0
CoA_ChromaScan,PHS951,,RAL5017,,RAL5017 TRAFFIC BLUE PART A,,,,0,0
CoA_ChromaScan,PHS95U,,KNS E-54293,,BLUE PART A,,,,0,0
CoA_ChromaScan,PHT000,,BS4800 10A07,,GLOAMING PART A,,,,0,0
CoA_ChromaScan,PHT227,,RAL8011,,RAL8011 NUT BROWN PART A,,,,0,0
CoA_ChromaScan,PHT229,,JPMA 254,,BROWN PART A,,,,0,0
CoA_ChromaScan,PHT260,,MUNSELL 2.5YR 2/4,,DARK BROWN PART A,,,,0,0
CoA_ChromaScan,PHT302,,RAL7009,,RAL7009 GREEN GREY PART A,,,,0,0
CoA_ChromaScan,PHT364,,JP MUNSELL 7.5GY5.5/1,,YELLOW GREY PART A,,,,0,0
CoA_ChromaScan,PHT685,,JPMA 1033,,MEDIUM GREY PART A,,,,0,0
CoA_ChromaScan,PHT806,,BS381C 671,,MIDDLE GRAPHITE PART A,,,,0,0
CoA_ChromaScan,PHU00D,,IP U00D,,RSN FRENCH GREY PART A,,,,0,0
CoA_ChromaScan,PHU00U,,CHUGOKU CS-625,,SIGNAL RED PART A,,,,0,0
CoA_ChromaScan,PHU07J,,MUNSELL 10YR8/2,,LIGHT SAND PART A,,,,0,0
CoA_ChromaScan,PHU07M,,FEDERAL 17925,,WHITE PART A,,,,0,0
CoA_ChromaScan,PHU089,,MUNSELL 2.5Y9/4,,CREAM PART A,,,,0,0
CoA_ChromaScan,PHU167,,MUNSELL 2.5Y8/16,,YELLOW PART A,,,,0,0
CoA_ChromaScan,PHU20G,,MUNSELL 2.5PB5/8,,BLUE PART A,,,,0,0
CoA_ChromaScan,PHU23Q,,MUNSELL 5BG8/2,,LIGHT GREEN PART A,,,,0,0
CoA_ChromaScan,PHU23T,,CHUGOKU CS-658,,BUFF PART A,,,,0,0
CoA_ChromaScan,PHU24T,,MUNSELL 7.5GY8/3,,DARK GREEN PART A,,,,0,0
CoA_ChromaScan,PHU36K,,MUNSELL 5Y8/14,,BRIGHT YELLOW PART A,,,,0,0
CoA_ChromaScan,PHU39U,,IP U39U,,YELLOW GREY PART A,,,,0,0
CoA_ChromaScan,PHU40Q,,MUNSELL N1.5,,BLACK PART A,,,,0,0
CoA_ChromaScan,PHU40Y,,JPMA 65-80B,,BLUE GREY PART A,,,,0,0
CoA_ChromaScan,PHU43D,,MUNSELL 5PB6/10,,LIGHT BLUE PART A,,,,0,0
CoA_ChromaScan,PHU44P,,MUNSELL 7.5R5/14,,RED PART A,,,,0,0
CoA_ChromaScan,PHU58N,,KNS E-26709,,YELLOW PART A,,,,0,0
CoA_ChromaScan,PHU64E,,RAL9006,,RAL9006 GREY PART A,,,,0,0
CoA_ChromaScan,PHU64Q,,NIPPON PAINT 1801.N,,POLICE GREY PART A,,,,0,0
CoA_ChromaScan,PHU65Q,,MUNSELL 5Y5/1,,BROWNISH GREY PART A,,,,0,0
CoA_ChromaScan,PHU69D,,MUNSELL 5BG7/0.4,,GREY PART A,,,,0,0
CoA_ChromaScan,PHU70T,,MUNSELL 2.5RP4.5/12,,PINK PART A,,,,0,0
CoA_ChromaScan,PHU78P,,MUNSELL 2.5Y8/1,,LIGHT GREY PART A,,,,0,0
CoA_ChromaScan,PHU80G,,MUNSELL 2.5G3/8,,GREEN PART A,,,,0,0
CoA_ChromaScan,PHU87D,,MUNSELL 5G 5/10,,GREEN PART A,,,,0,0
CoA_ChromaScan,PHU892,,RAL4006,,RAL4006 TRAFFIC PURPLE PART A,,,,0,0
CoA_ChromaScan,PHU96L,,MUNSELL 5G7/8,,GREEN PART A,,,,0,0
CoA_ChromaScan,PHV15B,,KNS D-28421,,BROWN PART A,,,,0,0
CoA_ChromaScan,PHV36B,,MUNSELL MUNSELL 10BG4.9/0.6,,GREY PART A,,,,0,0
CoA_ChromaScan,PHV388,,RAL6003,,RAL6003 OLIVE GREEN PART A,,,,0,0
CoA_ChromaScan,PHV526,,RAL6020,,RAL6020 CHROME GREEN PART A,,,,0,0
CoA_ChromaScan,PHV57G,,MUNSELL 2.5G7/6,,LIGHT GREEN PART A,,,,0,0
CoA_ChromaScan,PHV64A,,KCC 5000,,NAVY BLUE PART A,,,,0,0
CoA_ChromaScan,PHV64E,,US 88051,,GREY PART A,,,,0,0
CoA_ChromaScan,PHV68J,,KCC GK431(2.5G8.1/4.8),,GREEN PART A,,,,0,0
CoA_ChromaScan,PHV725,,MUNSELL N4,,DARK GREY PART A,,,,0,0
CoA_ChromaScan,PHV78X,,JP MUNSELL 5GY9/1,,CREAM PART A,,,,0,0
CoA_ChromaScan,PHV87A,,MUNSELL 7.5GY5/4,,APPLE GREEN PART A,,,,0,0
CoA_ChromaScan,PHV88X,,MUNSELL 2.5PB6/8,,BLUE PART A,,,,0,0
CoA_ChromaScan,PHV89V,,JP MUNSELL 5PB8/1,,LIGHT BLUE PART A,,,,0,0
CoA_ChromaScan,PHV99E,,BS5252(BS4800) 00E55,,WHITE PART A,,,,0,0
CoA_ChromaScan,PHW001,,RAL7022,,RAL7022 UMBRA GREY PART A,,,,0,0
CoA_ChromaScan,PHW01N,,MUNSELL 2.5G6/4,,GREEN PART A,,,,0,0
CoA_ChromaScan,PHW07V,,MUNSELL 7.5GY8/4,,LIGHT GREEN PART A,,,,0,0
CoA_ChromaScan,PHW17G,,MUNSELL 8B4.5/3.25,,BLUE PART A,,,,0,0
CoA_ChromaScan,PHW23Y,,MSL 1.1PB2.0/0.4,,BLACK PART A,,,,0,0
CoA_ChromaScan,PHW246,,RAL8016,,RAL8016 MAHOGANY BROWN PART A,,,,0,0
CoA_ChromaScan,PHW26A,,MUNSELL 6.6GY6.3/8.0,,YELLOW GREEN PART A,,,,0,0
CoA_ChromaScan,PHW36T,,JP MUNSELL 10B6/7,,BLUE PART A,,,,0,0
CoA_ChromaScan,PHW399,,RAL7043,,RAL7043 TRAFFIC GREY B PART A,,,,0,0
CoA_ChromaScan,PHW41T,,JP MUNSELL 2.5Y6/1.5,,GREY BEIGE PART A,,,,0,0
CoA_ChromaScan,PHW53P,,MUNSELL 2.5PB3/9,,BLUE PART A,,,,0,0
CoA_ChromaScan,PHW685,,MUNSELL N3.5,,DARK GREY PART A,,,,0,0
CoA_ChromaScan,PHW73X,,MUNSELL 10PB5/6,,VIOLET PART A,,,,0,0
CoA_ChromaScan,PHW79N,,CHROMASCAN III 71007,,SAFETY RED PART A,,,,0,0
CoA_ChromaScan,PHW846,,RAL7016,,RAL7016 ANTHRACITE GREY PART A,,,,0,0
CoA_ChromaScan,PHW897,,BS381C 633,,BLUE GREY PART A,,,,0,0
CoA_ChromaScan,PHW99X,,JP MUNSELL 2.5PB4.5/11,,BLUE PART A,,,,0,0
CoA_ChromaScan,PHX01D,,MUNSELL 7.5GY8/6,,LIME GREEN PART A,,,,0,0
CoA_ChromaScan,PHX01G,,MUNSELL 5Y9/2,,VANILLA PART A,,,,0,0
CoA_ChromaScan,PHX07R,,MUNSELL 2.5Y8.5/3,,SAND PART A,,,,0,0
CoA_ChromaScan,PHX10V,,OSHA SAFETY BLUE,,ALCAN BLUE PART A,,,,0,0
CoA_ChromaScan,PHX11X,,PANTONE PROCESS BLUE C,,BLUE PART A,,,,0,0
CoA_ChromaScan,PHX14Q,,PANTONE 300C,,BLUE PART A,,,,0,0
CoA_ChromaScan,PHX17J,,MUNSELL 2.5PB4/10,,BLUE PART A,,,,0,0
CoA_ChromaScan,PHX18Q,,MUNSELL 10B7/8,,SKY BLUE PART A,,,,0,0
CoA_ChromaScan,PHX21F,,PANTONE 072C,,BLUE PART A,,,,0,0
CoA_ChromaScan,PHX22L,,MUNSELL 5PB3/10,,PEACOCK BLUE PART A,,,,0,0
CoA_ChromaScan,PHX27B,,PANTONE 286C,,ROYAL BLUE PART A,,,,0,0
CoA_ChromaScan,PHX28Y,,CARBOLINE C705,,LIGHT GREY PART A,,,,0,0
CoA_ChromaScan,PHX29E,,PANTONE 300U,,BLUE PART A,,,,0,0
CoA_ChromaScan,PHX29V,,IP X29V,,CELEBRITY DARK BLUE PART A,,,,0,0
CoA_ChromaScan,PHX32W,,FEDERAL 13711,,BUFF PART A,,,,0,0
CoA_ChromaScan,PHX34Z,,CHROMASCAN III 71038,,SAFETY YELLOW PART A,,,,0,0
CoA_ChromaScan,PHX35A,,PANTONE YELLOW C,,YELLOW PART A,,,,0,0
CoA_ChromaScan,PHX40V,,MUNSELL 2.5G5/10,,GREEN PART A,,,,0,0
CoA_ChromaScan,PHX41C,,BS381C 320,,LIGHT BROWN PART A,,,,0,0
CoA_ChromaScan,PHX45B,,MUNSELL 7.5YR5/6,,BROWN PART A,,,,0,0
CoA_ChromaScan,PHX48L,,INDIAN (IS 5) 410,,LIGHT BROWN PART A,,,,0,0
CoA_ChromaScan,PHX49A,,MUNSELL 2.5PB7/6,,LIGHT BLUE PART A,,,,0,0
CoA_ChromaScan,PHX51Z,,MUNSELL 7.5R4/16,,RED PART A,,,,0,0
CoA_ChromaScan,PHX54U,,FEDERAL 11120,,RED PART A,,,,0,0
CoA_ChromaScan,PHX58F,,RAL2000,,RAL2000 YELLOW ORANGE PART A,,,,0,0
CoA_ChromaScan,PHX59F,,RAL3000,,RAL3000 FLAME RED PART A,,,,0,0
CoA_ChromaScan,PHX61M,,FEDERAL 16440,,AUTUMN GREY PART A,,,,0,0
CoA_ChromaScan,PHX61W,,FEDERAL 16492,,AUTUMN GREY PART A,,,,0,0
CoA_ChromaScan,PHX64A,,ANSI 61,,GREY PART A,,,,0,0
CoA_ChromaScan,PHX65H,,RAL7046,,RAL7046 TELEGREY PART A,,,,0,0
CoA_ChromaScan,PHX67A,,BS5252 00A07,,GREY PART A,,,,0,0
CoA_ChromaScan,PHX67H,,RAL7047,,RAL7047 TELEGREY PART A,,,,0,0
CoA_ChromaScan,PHX67N,,IP X67N,,LIGHT SEA GREY PART A,,,,0,0
CoA_ChromaScan,PHX67R,,MUNSELL 5G8.5/0.5,,LIGHT BLUE PART A,,,,0,0
CoA_ChromaScan,PHX69D,,MUNSELL 5PB6/1,,GREY PART A,,,,0,0
CoA_ChromaScan,PHX69T,,MUNSELL 10Y8/1,,CHAPEL GREY PART A,,,,0,0
CoA_ChromaScan,PHX69W,,MUNSELL 10Y8.5/1,,GREY WHITE PART A,,,,0,0
CoA_ChromaScan,PHX77R,,FEDERAL 16076,,DARK GREY PART A,,,,0,0
CoA_ChromaScan,PHX78K,,MUNSELL 5PB7/6,,LIGHT BLUE PART A,,,,0,0
CoA_ChromaScan,PHX83B,,7.5GY4.5/8,,GREEN PART A,,,,0,0
CoA_ChromaScan,PHX85Z,,MUNSELL 10BG3/4,,DEEP TURQUOISE PART A,,,,0,0
CoA_ChromaScan,PHX87F,,MUNSELL 2.5G6/2,,GREEN PART A,,,,0,0
CoA_ChromaScan,PHX89Y,,PANTONE 354C,,BRIGHT GREEN PART A,,,,0,0
CoA_ChromaScan,PHX93L,,MUNSELL 5BG9/2,,PEPPERMINT PART A,,,,0,0
CoA_ChromaScan,PHX94X,,RAL1037,,RAL1037 SUN YELLOW PART A,,,,0,0
CoA_ChromaScan,PHX95E,,MUNSELL 2.5GY4/6,,GREEN PART A,,,,0,0
CoA_ChromaScan,PHX97B,,MUNSELL 10GY6.5/3,,GREEN PART A,,,,0,0
CoA_ChromaScan,PHX97K,,MUNSELL 7.5GY6/2,,DUSKY GREEN PART A,,,,0,0
CoA_ChromaScan,PHX97M,,FEDERAL 14062,,GREEN PART A,,,,0,0
CoA_ChromaScan,PHXB13,,AS2700 B13,,NAVY BLUE PART A,,,,0,0
CoA_ChromaScan,PHXB44,,AS2700 B44,,LIGHT GREY BLUE PART A,,,,0,0
CoA_ChromaScan,PHXG13,,AS2700 G13,,EMERALD PART A,,,,0,0
CoA_ChromaScan,PHXG65,,AS2700 G65,,TI-TREE PART A,,,,0,0
CoA_ChromaScan,PHXN32,,AS2700 N32,,GREEN GREY PART A,,,,0,0
CoA_ChromaScan,PHXN33,,AS2700 N33,,LIGHTBOX GREY PART A,,,,0,0
CoA_ChromaScan,PHXN35,,AS2700 N35,,LIGHT GREY PART A,,,,0,0
CoA_ChromaScan,PHXN42,,AS2700 N42,,STORM GREY PART A,,,,0,0
CoA_ChromaScan,PHXN61,,AS2700 N61,,BLACK PART A,,,,0,0
CoA_ChromaScan,PHXX42,,AS2700 X42,,BISCUIT PART A,,,,0,0
CoA_ChromaScan,PHXX55,,AS2700 X55,,NUT BROWN PART A,,,,0,0
CoA_ChromaScan,PHXY44,,AS2700 Y44,,SAND PART A,,,,0,0
CoA_ChromaScan,PHXY55,,AS2700 Y55,,DEEP STONE PART A,,,,0,0
CoA_ChromaScan,PHY04C,,NCS S1000N,,LIGHT GREY PART A,,,,0,0
CoA_ChromaScan,PHY05D,,MUNSELL N9.5,,WHITE PART A,,,,0,0
CoA_ChromaScan,PHY09M,,FEDERAL 24158,,HORIZON GREY PART A,,,,0,0
CoA_ChromaScan,PHY09R,,MUNSELL 5R4/13,,RED PART A,,,,0,0
CoA_ChromaScan,PHY10L,,INDIAN (IS 5) 631,,LIGHT GREY PART A,,,,0,0
CoA_ChromaScan,PHY10N,,INDIAN (IS 5) 217,,SEA GREEN PART A,,,,0,0
CoA_ChromaScan,PHY10P,,INDIAN (IS 5) 101,,SKY BLUE PART A,,,,0,0
CoA_ChromaScan,PHY10R,,INDIAN (IS 5) 536,,FIRE RED PART A,,,,0,0
CoA_ChromaScan,PHY11M,,MUNSELL 7.5B7/8,,LIGHT BLUE PART A,,,,0,0
CoA_ChromaScan,PHY13T,,KNS D-39484,,YELLOW GREEN PART A,,,,0,0
CoA_ChromaScan,PHY14C,,NCS S3065R90B,,DEEP BLUE PART A,,,,0,0
CoA_ChromaScan,PHY14R,,KNS D-50590,,GREY PART A,,,,0,0
CoA_ChromaScan,PHY154,,RAL8019,,RAL8019 GREY BROWN PART A,,,,0,0
CoA_ChromaScan,PHY16H,,NCS S4020B,,BLUE PART A,,,,0,0
CoA_ChromaScan,PHY17D,,NCS S0530R80B,,BLUE PART A,,,,0,0
CoA_ChromaScan,PHY17N,,MUNSELL 10R5/14,,ORANGE PART A,,,,0,0
CoA_ChromaScan,PHY21E,,NCS S6030R80B,,DARK BLUE PART A,,,,0,0
CoA_ChromaScan,PHY23J,,MUNSELL 2.5BG7/2,,BLUE GREEN PART A,,,,0,0
CoA_ChromaScan,PHY24B,,MUNSELL 2.5PB5/8.5,,BLUE PART A,,,,0,0
CoA_ChromaScan,PHY26E,,NCS S3560R80B,,BLUE PART A,,,,0,0
CoA_ChromaScan,PHY26T,,SIGMA 3149,,ORANGE PART A,,,,0,0
CoA_ChromaScan,PHY299,,RAL8022,,RAL8022 BLACK BROWN PART A,,,,0,0
CoA_ChromaScan,PHY29N,,CARBOLINE 6666,,YELLOW PART A,,,,0,0
CoA_ChromaScan,PHY33X,,MUNSELL 7.5GY8/2,,GREEN GREY PART A,,,,0,0
CoA_ChromaScan,PHY34W,,MUNSELL 5B7/4,,LIGHT BLUE PART A,,,,0,0
CoA_ChromaScan,PHY41Y,,MUNSELL 5BG5/2,,BLUE GREY PART A,,,,0,0
CoA_ChromaScan,PHY46H,,MUNSELL 10YR7/6,,BEIGE PART A,,,,0,0
CoA_ChromaScan,PHY47B,,NCS S5010Y50R,,LIGHT BROWN PART A,,,,0,0
CoA_ChromaScan,PHY47G,,NCS S4010Y30R,,BRUN PART A,,,,0,0
CoA_ChromaScan,PHY55W,,NCS S2020R80B,,GREY BLUE PART A,,,,0,0
CoA_ChromaScan,PHY56H,,PANTONE WARM GREY 2C,,WARM GREY PART A,,,,0,0
CoA_ChromaScan,PHY63M,,INDIAN (IS 5) 356,,GOLDEN YELLOW PART A,,,,0,0
CoA_ChromaScan,PHY65B,,PANTONE 423C,,GREY PART A,,,,0,0
CoA_ChromaScan,PHY68H,,MUNSELL 10B3.8/1,,GREY PART A,,,,0,0
CoA_ChromaScan,PHY70J,,MUNSELL 7.5B4/4,,BLUE PART A,,,,0,0
CoA_ChromaScan,PHY71K,,IP Y71K,,ORANGE PART A,,,,0,0
CoA_ChromaScan,PHY71L,,MUNSELL 10GY6/4,,GREEN PART A,,,,0,0
CoA_ChromaScan,PHY81K,,MUNSELL 7 5GY5/4,,GREEN PART A,,,,0,0
CoA_ChromaScan,PHY81W,,MUNSELL 2.5B7/6,,SKYLINE BLUE PART A,,,,0,0
CoA_ChromaScan,PHY85E,,NCS S2070G20Y,,GREEN PART A,,,,0,0
CoA_ChromaScan,PHY899,,RAL7021,,RAL7021 BLACK GREY PART A,,,,0,0
CoA_ChromaScan,PHY89M,,BYUCKSAN BC-318011,,YELLOW PART A,,,,0,0
CoA_ChromaScan,PHY97R,,BYUCKSAN BC-308013,,YELLOW PART A,,,,0,0
CoA_ChromaScan,PHY992,,RAL9011,,RAL9011 GRAPHITE BLACK PART A,,,,0,0
CoA_ChromaScan,PHY998,,BS381C 642,,NIGHT PART A,,,,0,0
CoA_ChromaScan,PHZ007,,RAL9010,,RAL9010 PURE WHITE PART A,,,,0,0
CoA_ChromaScan,PHZ016,,RAL9016,,RAL9016 TRAFFIC WHITE PART A,,,,0,0
CoA_ChromaScan,PHZ028,,RAL9003,,RAL9003 SIGNAL WHITE PART A,,,,0,0
CoA_ChromaScan,PHZ084,,MUNSELL 10YR8/12,,SUN PART A,,,,0,0
CoA_ChromaScan,PHZ090,,IP Z090,,QATAR GAS LNG YELLOW PART A,,,,0,0
CoA_ChromaScan,PHZ187,,PANTONE 540,,DARK BLUE PART A,,,,0,0
CoA_ChromaScan,PHZ196,,PANTONE 288C,,DARK BLUE PART A,,,,0,0
CoA_ChromaScan,PHZ204,,MUNSELL 10GY8/4,,LIGHT GREEN PART A,,,,0,0
CoA_ChromaScan,PHZ207,,PANTONE 348C,,MEADOW GREEN PART A,,,,0,0
CoA_ChromaScan,PHZ249,,JOTUN 137,,GREEN PART A,,,,0,0
CoA_ChromaScan,PHZ293,,MUNSELL 7.5GY7/4,,LIGHT GREEN PART A,,,,0,0
CoA_ChromaScan,PHZ297,,MUNSELL 7.5GY7/2,,GREEN PART A,,,,0,0
CoA_ChromaScan,PHZ437,,BS381C 365,,VELLUM PART A,,,,0,0
CoA_ChromaScan,PHZ460,,RAL3031,,RAL3031 ORIENT RED PART A,,,,0,0
CoA_ChromaScan,PHZ461,,HEMPEL 5063/50630,,TILE RED PART A,,,,0,0
CoA_ChromaScan,PHZ554,,RAL2010,,RAL2010 SIGNAL ORANGE PART A,,,,0,0
CoA_ChromaScan,PHZ625,,RAL7042,,RAL7042 TRAFFIC GREY  PART A,,,,0,0
CoA_ChromaScan,PHZ628,,BS4800 18B25,,DARK GREY PART A,,,,0,0
CoA_ChromaScan,PHZ638,,MUNSELL N7.0,,GREY PART A,,,,0,0
CoA_ChromaScan,PHZ643,,NCS 4502B,,GREY PART A,,,,0,0
CoA_ChromaScan,PHZ648,,NCS S0502Y,,TURTLE DOVE GREY PART A,,,,0,0
CoA_ChromaScan,PHZ651,,RAL7040,,RAL7040 WINDOW GREY PART A,,,,0,0
CoA_ChromaScan,PHZ655,,SIGMA 5198,,DARK GREY PART A,,,,0,0
CoA_ChromaScan,PHZ666,,NCS S2000N,,GREY PART A,,,,0,0
CoA_ChromaScan,PHZ681,,RAL7044,,RAL7044 SILK GREY PART A,,,,0,0
CoA_ChromaScan,PHZ684,,BS381C 676,,LT W'WORK GREY PART A,,,,0,0
CoA_ChromaScan,PHZ725,,NCS 2040R80B,,BLUE PART A,,,,0,0
CoA_ChromaScan,PHZ771,,RAL6034,,RAL6034 PASTEL TURQUOISE PART A,,,,0,0
CoA_ChromaScan,PHZ802,,HEMPEL 20380,,CREAM PART A,,,,0,0
CoA_ChromaScan,PHZ820,,A.P.MOELLER CREAM,,CREAM (2032) PART A,,,,0,0
CoA_ChromaScan,PHZ858,,MUNSELL 7.5GY7/4,,LIGHT GREEN PART A,,,,0,0
CoA_ChromaScan,PHZ876,,RAL6033,,RAL6033 MINT TURQUOISE PART A,,,,0,0
CoA_ChromaScan,PHZ877,,HEMPEL 4090,,SIGNAL GREEN PART A,,,,0,0
CoA_ChromaScan,PHZ899,,MUNSELL 10GY5/4,,GREEN PART A,,,,0,0
CoA_ChromaScan,PHZ901,,RAL9017,,RAL9017 TRAFFIC BLACK PART A,,,,0,0
CoA_ChromaScan,PHZ903,,RAL9004,,RAL9004 SIGNAL BLACK PART A,,,,0,0
CoA_ChromaScan,PHZ912,,RAL7038,,RAL7038 AGATE GREY PART A,,,,0,0
CoA_ChromaScan,PHZ916,,RAL5024,,RAL5024 PASTEL BLUE PART A,,,,0,0
CoA_ChromaScan,PHZ919,,MUNSELL N5.5,,GREY PART A,,,,0,0
CoA_ChromaScan,PHZ939,,MUNSELL 7.5GY6.5/5,,GREEN PART A,,,,0,0
CoA_ChromaScan,PHZ945,,JOTUN 38,,SEA GREY PART A,,,,0,0
CoA_ChromaScan,PMX61M,,FEDERAL 16440,,AUTUMN GREY PART A,,,,0,0
CoA_ChromaScan,RUB011,,RAL1016,,RAL1016 SULFUR YELLOW PART A,,,,0,0
CoA_ChromaScan,RUB034,,KNS 80940,,OFF WHITE PART A,,,,0,0
CoA_ChromaScan,RUB071,,BS4800 10C31,,MANILLA PART A,,,,0,0
CoA_ChromaScan,RUB09G,,MUNSELL 9.4B5.3/8.2,,BLUE PART A,,,,0,0
CoA_ChromaScan,RUB117,,RAL1021,,RAL1021 YELLOW PART A,,,,0,0
CoA_ChromaScan,RUB132,,RAL1023,,RAL1023 TRAFFIC YELLOW PART A,,,,0,0
CoA_ChromaScan,RUB134,,IP B134,,YELLOW PART A,,,,0,0
CoA_ChromaScan,RUB168,,RAL1003,,RAL1003 SIGNAL YELLOW PART A,,,,0,0
CoA_ChromaScan,RUB169,,BS4800 08E51,,GOLDEN YELLOW PART A,,,,0,0
CoA_ChromaScan,RUB183,,BS381C 356,,GOLDEN YELLOW PART A,,,,0,0
CoA_ChromaScan,RUB219,,,,RED PART A,,,,0,0
CoA_ChromaScan,RUB291,,MUNSELL 5R4/14,,RED PART A,,,,0,0
CoA_ChromaScan,RUB299,,RAL3020,,RAL3020 TRAFFIC RED PART A,,,,0,0
CoA_ChromaScan,RUB592,,BS381C 107,,CHINESE BLUE PART A,,,,0,0
CoA_ChromaScan,RUB67V,,"PANTONE	7731C",,GREEN PART A,,,,0,0
CoA_ChromaScan,RUB69J,,JP MUNSELL 10GY8/1,,LIGHT BLUE PART A,,,,0,0
CoA_ChromaScan,RUB879,,BS4800 20E51,,DRESDEN BLUE PART A,,,,0,0
CoA_ChromaScan,RUB890,,RAL4008,,RAL4008 SIGNAL VIOLET PART A,,,,0,0
CoA_ChromaScan,RUB898,,RAL5012,,RAL5012 LIGHT BLUE PART A,,,,0,0
CoA_ChromaScan,RUB915,,RAL5015,,RAL5015 SKY BLUE PART A,,,,0,0
CoA_ChromaScan,RUB921,,MUNSELL 5PB3/9,,BLUE PART A,,,,0,0
CoA_ChromaScan,RUB953,,RAL5005,,RAL5005 SIGNAL BLUE PART A,,,,0,0
CoA_ChromaScan,RUC018,,RAL9001,,RAL9001 CREAM PART A,,,,0,0
CoA_ChromaScan,RUC067,,MUNSELL 5Y8/12,,YELLOW PART A,,,,0,0
CoA_ChromaScan,RUC152,,MUNSELL 2.5Y8/12,,YELLOW PART A,,,,0,0
CoA_ChromaScan,RUC244,,MUNSELL 2.5YR6/14,,ORANGE PART A,,,,0,0
CoA_ChromaScan,RUC287,,IP C287,,SIGNAL RED PART A,,,,0,0
CoA_ChromaScan,RUC296,,RAL3002,,RAL3002 CARMINE RED PART A,,,,0,0
CoA_ChromaScan,RUC603,,RAL6016,,TURQUOISE GREEN PART A,,,,0,0
CoA_ChromaScan,RUC633,,RAL5009,,RAL5009 AZURE BLUE PART A,,,,0,0
CoA_ChromaScan,RUC641,,RAL6004,,RAL6004 BLUE GREEN PART A,,,,0,0
CoA_ChromaScan,RUC765,,JP MUNSELL 2.5PB8/3,,LIGHT BLUE PART A,,,,0,0
CoA_ChromaScan,RUC85D,,IP C85D,,TELEMAGENTA PART A,,,,0,0
CoA_ChromaScan,RUC919,,JPMA 837,,BLUE PART A,,,,0,0
CoA_ChromaScan,RUC921,,BS381C 166,,FRENCH BLUE PART A,,,,0,0
CoA_ChromaScan,RUC922,,RAL5002,,RAL5002 ULTRAMARINE BLUE PARTA,,,,0,0
CoA_ChromaScan,RUC924,,RAL5022,,RAL5022 NIGHT BLUE PART A,,,,0,0
CoA_ChromaScan,RUC935,,IP C935,,CARIBBEAN BLUE PARTA,,,,0,0
CoA_ChromaScan,RUC938,,RAL5010,,RAL5010 GENTIAN BLUE PART A,,,,0,0
CoA_ChromaScan,RUD001,,MUNSELL N9,,OFF WHITE PART A,,,,0,0
CoA_ChromaScan,RUD053,,IP LOCAL UF S79/029,,STONE PART A,,,,0,0
CoA_ChromaScan,RUD087,,RAL1015,,RAL1015 LIGHT IVORY PART A,,,,0,0
CoA_ChromaScan,RUD227,,RAL2003,,RAL2003 PASTEL ORANGE PART A,,,,0,0
CoA_ChromaScan,RUD243,,BS381C 557,,LIGHT ORANGE PART A,,,,0,0
CoA_ChromaScan,RUD259,,RAL2004,,RAL2004 PURE ORANGE PART A,,,,0,0
CoA_ChromaScan,RUD441,,IP LOCAL UF S79/025,,TROPICAL BLUE PART A,,,,0,0
CoA_ChromaScan,RUD44P,,MUNSELL 9.5B7.5/0.4,,GREY PART A,,,,0,0
CoA_ChromaScan,RUD459,,JP MUNSELL 5B7.5/4,,LIGHT BLUE PART A,,,,0,0
CoA_ChromaScan,RUD48H,,MUNSELL 2.5Y7/10,,YELLOW PART A,,,,0,0
CoA_ChromaScan,RUD531,,BS4800 18E 51,,LAGOON PART A,,,,0,0
CoA_ChromaScan,RUD562,,RAL6024,,RAL6024 TRAFFIC GREEN PART A,,,,0,0
CoA_ChromaScan,RUD704,,RAL7035,,RAL7035 LIGHT GREY PART A,,,,0,0
CoA_ChromaScan,RUE000,,BS4800 00A01,,DAWN GREY PART A,,,,0,0
CoA_ChromaScan,RUE017,,RAL9002,,RAL9002 GREY WHITE PART A,,,,0,0
CoA_ChromaScan,RUE019,,RAL1013,,RAL1013 OYSTER WHITE PART A,,,,0,0
CoA_ChromaScan,RUE067,,JP MUNSELL 5Y8/13,,YELLOW PART A,,,,0,0
CoA_ChromaScan,RUE113,,RAL1012,,RAL1012 LEMON YELLOW PART A,,,,0,0
CoA_ChromaScan,RUE229,,IP E229,,ORANGE PART A,,,,0,0
CoA_ChromaScan,RUE244,,JP MUNSELL 2.5YR5.5/14,,ORANGE PART A,,,,0,0
CoA_ChromaScan,RUE298,,RAL3001,,RAL3001 SIGNAL RED PART A,,,,0,0
CoA_ChromaScan,RUE299,,FEDERAL STD 11105,,RED PART A,,,,0,0
CoA_ChromaScan,RUE322,,RAL6019,,RAL6019 PASTEL GREEN PART A,,,,0,0
CoA_ChromaScan,RUE35K,,PANTONE 2738C,,BLUE PART A,,,,0,0
CoA_ChromaScan,RUE533,,RAL5018,,RAL5018 TURQUOISE BLUE PART A,,,,0,0
CoA_ChromaScan,RUE563,,RAL6032,,RAL6032 SIGNAL GREEN PART A,,,,0,0
CoA_ChromaScan,RUE589,,RAL6001,,RAL6001 EMERALD GREEN PART A,,,,0,0
CoA_ChromaScan,RUE65T,,IP C932 KOREAN SAMPLE,,BLUE PART A,,,,0,0
CoA_ChromaScan,RUE918,,RAL5019,,RAL5019 CAPRI BLUE PART A,,,,0,0
CoA_ChromaScan,RUE970,,RAL5003,,RAL5003 SAPPHIRE BLUE PART A,,,,0,0
CoA_ChromaScan,RUE971,,RAL5013,,RAL5013 COBALT BLUE PART A,,,,0,0
CoA_ChromaScan,RUE992,,IP LOCAL UF S91/035,,OCEAN BLUE PART A,,,,0,0
CoA_ChromaScan,RUF000,,BS4800 10A03,,MIST GREY PART A,,,,0,0
CoA_ChromaScan,RUF001,,HEMPEL 1217,,LIGHT GREY PART A,,,,0,0
CoA_ChromaScan,RUF07F,,PANTONE 802C,,GREEN PART A,,,,0,0
CoA_ChromaScan,RUF14J,,METSO SAMPLE,,METSO BEIGE PART A,,,,0,0
CoA_ChromaScan,RUF191,,BS381C 447,,SALMON PINK PART A,,,,0,0
CoA_ChromaScan,RUF259,,RAL2001,,RAL2001 RED ORANGE PART A,,,,0,0
CoA_ChromaScan,RUF273,,RAL2002,,RAL2002 POPPY PARTA,,,,0,0
CoA_ChromaScan,RUF287,,IP F287(RAL3000),,RAL3000 RED PART A,,,,0,0
CoA_ChromaScan,RUF295,,RAL3003,,RAL3003 RUBY RED PART A,,,,0,0
CoA_ChromaScan,RUF321,,MUNSELL 2.5G7/2,,LIGHT GREEN PART A,,,,0,0
CoA_ChromaScan,RUF384,,BS381C 216,,EAU-DE-NIL PART A,,,,0,0
CoA_ChromaScan,RUF526,,RAL6018,,RAL6018 YELLOW GREEN PART A,,,,0,0
CoA_ChromaScan,RUF52G,,RAL DESIGN 160 50 55,,GREEN PART A,,,,0,0
CoA_ChromaScan,RUF63G,,IP F63G,,APRICOT PART A,,,,0,0
CoA_ChromaScan,RUF684,,IP F684,,SURF GREY PART A,,,,0,0
CoA_ChromaScan,RUF84K,,PANTONE 316C,,DARK GREEN PART A,,,,0,0
CoA_ChromaScan,RUF93Y,,RAL DESIGN 130 80 30,,PASTEL GREEN PART A,,,,0,0
CoA_ChromaScan,RUG135,,RAL1004,,GOLDEN YELLOW PART A,,,,0,0
CoA_ChromaScan,RUG360,,MUNSELL 7.5BG7/2,,AQUAMIST BLUE PART A,,,,0,0
CoA_ChromaScan,RUG52V,,KCC 4437,,LIGHT GREEN PART A,,,,0,0
CoA_ChromaScan,RUG590,,RAL6002,,RAL6002 LEAF GREEN PART A,,,,0,0
CoA_ChromaScan,RUG609,,BS381C 267,,DEEP CHROME GREEN PART A,,,,0,0
CoA_ChromaScan,RUG89A,,MUNSELL 10R6.5/11,,ORANGE PART A,,,,0,0
CoA_ChromaScan,RUG900,,RAL5007,,RAL5007 BRILLIANT BLUE PART A,,,,0,0
CoA_ChromaScan,RUG920,,RAL5000,,VIOLET BLUE PART A,,,,0,0
CoA_ChromaScan,RUH000,,BS4800 00A05,,FLOTILLA PART A,,,,0,0
CoA_ChromaScan,RUH10T,,KCC NC162(Approx. 5.5N5.5/0.1),,GREY PART A,,,,0,0
CoA_ChromaScan,RUH685,,JPMA 1004(N7.0),,LIGHT GREY PART A,,,,0,0
CoA_ChromaScan,RUI144,,PANTONE 279C,,ODIN BLUE PART A,,,,0,0
CoA_ChromaScan,RUI196,,SIGMA 1199,,BLUE PART A,,,,0,0
CoA_ChromaScan,RUI436,,MUNSELL 10BG4/2,,GREY GREEN PART A,,,,0,0
CoA_ChromaScan,RUI443,,MUNSELL 2.5Y8/14,,YELLOW PART A,,,,0,0
CoA_ChromaScan,RUI605,,RAL9005,,RAL9005 JET BLACK PART A,,,,0,0
CoA_ChromaScan,RUI615,,MUNSELL 10BG6/1,,BLUE GREY PART A,,,,0,0
CoA_ChromaScan,RUI622,,JOTUN 403,,GREY PART A,,,,0,0
CoA_ChromaScan,RUI744,,N8.5,,SEASHELL GREY PART A,,,,0,0
CoA_ChromaScan,RUI747,,MUNSELL 5Y7/1,,MUSHROOM PART A,,,,0,0
CoA_ChromaScan,RUI849,,MUNSELL N7.5,,STONE GREY PART A,,,,0,0
CoA_ChromaScan,RUJ019,,RAL7032,,RAL7032 PEBBLE GREY PART A,,,,0,0
CoA_ChromaScan,RUJ105,,RAL1019,,RAL1019 GREY BEIGE PART A,,,,0,0
CoA_ChromaScan,RUJ226,,RAL8023,,RAL8023 ORANGE BROWN PART A,,,,0,0
CoA_ChromaScan,RUJ42Q,,KCC 2000,,BRIGHT RED PARTA,,,,0,0
CoA_ChromaScan,RUJ42R,,KCC 3000,,ORANGE YELLOW PART A,,,,0,0
CoA_ChromaScan,RUJ43P,,PANTONE PROCESS CYAN BLUE,,PROCESS CYAN BLUE PARTA,,,,0,0
CoA_ChromaScan,RUJ605,,KCC 4440,,DARK GREEN PART A,,,,0,0
CoA_ChromaScan,RUJ684,,MUNSELL N6.5,,GREY PART A,,,,0,0
CoA_ChromaScan,RUK214,,RAL8001,,RAL8001 OCHRE BROWN PART A,,,,0,0
CoA_ChromaScan,RUK363,,RAL6021,,RAL6021 PALE GREEN PART A,,,,0,0
CoA_ChromaScan,RUK665,,RAL7036,,RAL7036 PLATINUM GREY PART A,,,,0,0
CoA_ChromaScan,RUK705,,FEDERAL 26270,,HAZE GREY PART A,,,,0,0
CoA_ChromaScan,RUK724,,IP K724,,STORM GREY PART A,,,,0,0
CoA_ChromaScan,RUK766,,RAL7001,,RAL7001 SILVER GREY PART A,,,,0,0
CoA_ChromaScan,RUL288,,JOTUN 49,,RED PART A,,,,0,0
CoA_ChromaScan,RUL547,,RAL6010,,RAL6010 GRASS GREEN PART A,,,,0,0
CoA_ChromaScan,RUL549,,RAL6010,,RAL6010 GRASS GREEN PART A,,,,0,0
CoA_ChromaScan,RUL685,,MUNSELL N6.0,,GREY PART A,,,,0,0
CoA_ChromaScan,RUM0051,,RAL7004,,RAL7004 SIGNAL GREY PART A,,,,0,0
CoA_ChromaScan,RUM051,,RAL7004,,RAL7004 SIGNAL GREY PART A,,,,0,0
CoA_ChromaScan,RUM054,,RAL7002,,RAL7002 OLIVE GREY PART A,,,,0,0
CoA_ChromaScan,RUM242,,RAL8004,,RAL8004 COPPER BROWN PART A,,,,0,0
CoA_ChromaScan,RUM272,,RAL3009,,RAL3009 OXIDE RED PART A,,,,0,0
CoA_ChromaScan,RUM404,,RAL6011,,RAL6011 RESEDA GREEN PART A,,,,0,0
CoA_ChromaScan,RUM451,,RAL6025,,RAL6025 FERN GREEN PART A,,,,0,0
CoA_ChromaScan,RUM55H,,MUNSELL N1,,BLACK PART A,,,,0,0
CoA_ChromaScan,RUM63L,,KCC 3332,,CREAM PARTA,,,,0,0
CoA_ChromaScan,RUM704,,RAL7037,,RAL7037 DUSTY GREY PART A,,,,0,0
CoA_ChromaScan,RUM785,,RAL7031,,RAL7031 BLUE GREY PART A,,,,0,0
CoA_ChromaScan,RUM96L,,MUNSELL 10YR8/14,,YELLOW PART A,,,,0,0
CoA_ChromaScan,RUN43V,,MUNSELL 10GY7.5/4,,MID GREEN PART A,,,,0,0
CoA_ChromaScan,RUN570,,JP MUNSELL 7.5GY4.5/6,,YELLOW GREEN PART A,,,,0,0
CoA_ChromaScan,RUN64A,,FEDERAL 16307,,AUTUMN GREY PART A,,,,0,0
CoA_ChromaScan,RUN93M,,MUNSELL 5Y8/1,,LIGHT BEIGE PART A,,,,0,0
CoA_ChromaScan,RUN964,,RAL5008,,RAL5008 GREY BLUE PART A,,,,0,0
CoA_ChromaScan,RUO000,,MUNSELL 7.5R3/6,,RED PART A,,,,0,0
CoA_ChromaScan,RUO033,,MUNSELL 10BG8/2,,CHALK BLUE PART A,,,,0,0
CoA_ChromaScan,RUO125,,MUNSELL 2.5PB5/6,,NIAGARA PART A,,,,0,0
CoA_ChromaScan,RUO245,,JOTUN257(Approx.1.3G3.8/4.3),,GREEN PART A,,,,0,0
CoA_ChromaScan,RUO400,,CHUGOKU CS-511,,REDDISH BROWN PART A,,,,0,0
CoA_ChromaScan,RUO504,,MUNSELL 7.5R4/14,,RED PART A,,,,0,0
CoA_ChromaScan,RUO540,,MUNSELL 2.5YR6/13,,BRIGHT ORANGE PART A,,,,0,0
CoA_ChromaScan,RUP08P,,JP MUNSELL 2.5PB6/1,,MEDIUM GREY PART A,,,,0,0
CoA_ChromaScan,RUP22Q,,IP F-475007,,GREEN PART A,,,,0,0
CoA_ChromaScan,RUP37D,,RAL6037,,RAL6037 PURE GREEN PART A,,,,0,0
CoA_ChromaScan,RUP41M,,MUNSELL 2.5Y9/2,,WHITE YELLOW PART A,,,,0,0
CoA_ChromaScan,RUP99Q,,PANTONE 287C,,BRIGHT BLUE PART A,,,,0,0
CoA_ChromaScan,RUQ226,,RAL8002,,RAL8002 SIGNAL BROWN PART A,,,,0,0
CoA_ChromaScan,RUQ291,,RAL3007,,RAL3007 BLACK RED PART A,,,,0,0
CoA_ChromaScan,RUQ47L,,"PANTONE	560C",,DARK GREEN PART A,,,,0,0
CoA_ChromaScan,RUQ516,,RAL6028,,RAL6028 PINE GREEN PART A,,,,0,0
CoA_ChromaScan,RUQ58Q,,MUNSELL 2.5G7.2/2.2,,GREEN PART A,,,,0,0
CoA_ChromaScan,RUQ70W,,PANTONE 631C,,LIGHT BLUE PART A,,,,0,0
CoA_ChromaScan,RUQ765,,RAL7011,,RAL7011 IRON GREY PART A,,,,0,0
CoA_ChromaScan,RUQ808,,RAL7015,,RAL7015 SLATE GREY PART A,,,,0,0
CoA_ChromaScan,RUR01J,,MUNSELL 5G6/8,,GREEN PART A,,,,0,0
CoA_ChromaScan,RUR04U,,MUNSELL 5BG8/3,,LIGHT GREEN PART A,,,,0,0
CoA_ChromaScan,RUR300,,RAL7010,,TARPAULIN GREY PART A,,,,0,0
CoA_ChromaScan,RUR41M,,MSL 2.5PB3.5/10,,BLUE PART A,,,,0,0
CoA_ChromaScan,RUR61G,,HEMPEL 30750,,BLUE GREEN PART A,,,,0,0
CoA_ChromaScan,RUR66Q,,KNS D-80740 (0.5YR7.6/0.4),,LIGHT GREY PART A,,,,0,0
CoA_ChromaScan,RUR69X,,JP MUNSELL 10GY4/7,,GREEN PART A,,,,0,0
CoA_ChromaScan,RUR744,,RAL7012,,RAL7012 BASALT GREY PART A,,,,0,0
CoA_ChromaScan,RUR76L,,JP MUNSELL 7.5R4.5/12,,REFLECTANCE VALUES PART A,,,,0,0
CoA_ChromaScan,RUS089,,HEMPEL 2032,,CREAM PARTA,,,,0,0
CoA_ChromaScan,RUS095,,RAL1018,,RAL1018 ZINC YELLOW PART A,,,,0,0
CoA_ChromaScan,RUS216,,RAL1028,,RAL1028 MELON YELLOW PART A,,,,0,0
CoA_ChromaScan,RUS657,,RAL5020,,OCEAN BLUE PART A,,,,0,0
CoA_ChromaScan,RUS717,,RAL4003,,RAL4003 HEATHER VIOLET PART A,,,,0,0
CoA_ChromaScan,RUS951,,RAL5017,,RAL5017 TRAFFIC BLUE PART A,,,,0,0
CoA_ChromaScan,RUT000,,BS4800 10A07,,GLOAMING PART A,,,,0,0
CoA_ChromaScan,RUT364,,JP MUNSELL 7.5GY5.5/1,,YELLOW GREY PART A,,,,0,0
CoA_ChromaScan,RUU40Q,,MUNSELL N1.5,,BLACK PART A,,,,0,0
CoA_ChromaScan,RUU58N,,KNS E-26709,,YELLOW PART A,,,,0,0
CoA_ChromaScan,RUU64E,,RAL9006 NON-METALLIC,,GREY PART A,,,,0,0
CoA_ChromaScan,RUU87D,,MUNSELL 5G 5/10,,GREEN PART A,,,,0,0
CoA_ChromaScan,RUU892,,RAL4006,,RAL4006 TRAFFIC PURPLE PART A,,,,0,0
CoA_ChromaScan,RUV725,,MUNSELL N4,,DARK GREY PART A,,,,0,0
CoA_ChromaScan,RUV87A,,MUNSELL 7.5GY5/4,,APPLE GREEN PART A,,,,0,0
CoA_ChromaScan,RUV92D,,"PANTONE	2738C",,BLUE PART A,,,,0,0
CoA_ChromaScan,RUV94K,,"PANTONE	165C",,ORANGE PART A,,,,0,0
CoA_ChromaScan,RUV99E,,BS5252 00E55,,White PART A,,,,0,0
CoA_ChromaScan,RUW03W,,PANTONE 144C,,ORANGE PART A,,,,0,0
CoA_ChromaScan,RUW30M,,PANTONE 2756C,,DARK BLUE PART A,,,,0,0
CoA_ChromaScan,RUW58A,,MUNSELL 7.5BG5/4.5,,BLUE GREEN PART A,,,,0,0
CoA_ChromaScan,RUX09P,,FEDERAL 17875,,OFF WHITE PART A,,,,0,0
CoA_ChromaScan,RUX14Q,,"PANTONE	300C",,BLUE PART A,,,,0,0
CoA_ChromaScan,RUX21F,,PANTONE 072C,,BLUE PARTA,,,,0,0
CoA_ChromaScan,RUX39A,,JOTUN 258,,YELLOW PART A,,,,0,0
CoA_ChromaScan,RUX45B,,MUNSELL 7.5YR5/6,,BROWN PART A,,,,0,0
CoA_ChromaScan,RUX57F,,BS381C 592,,INTERNATIONAL ORANGE PART A,,,,0,0
CoA_ChromaScan,RUX58F,,RAL2000,,RAL2000 YELLOW ORANGE PART A,,,,0,0
CoA_ChromaScan,RUX59F,,RAL3000,,RAL3000 FLAME RED PART A,,,,0,0
CoA_ChromaScan,RUX61M,,FEDERAL 16440,,AUTUMN GREY PART A,,,,0,0
CoA_ChromaScan,RUX62F,,MUNSELL 4.9B6.7/0.2,,GREY PART A,,,,0,0
CoA_ChromaScan,RUX65H,,RAL7046,,RAL7046 TELEGREY PART A,,,,0,0
CoA_ChromaScan,RUX67A,,BS5252 00A07,,GREY PART A,,,,0,0
CoA_ChromaScan,RUX67H,,RAL7047,,RAL7047 TELEGREY 4 PART A,,,,0,0
CoA_ChromaScan,RUX85Z,,MUNSELL 10BG3/4,,DEEP TURQUOISE PART A,,,,0,0
CoA_ChromaScan,RUX89Y,,PANTONE 354C,,BRIGHT GREEN PART A,,,,0,0
CoA_ChromaScan,RUX95R,,PANTONE 346C,,MINT PART A,,,,0,0
CoA_ChromaScan,RUX97B,,MUNSELL 10GY6.5/3,,GREEN PART A,,,,0,0
CoA_ChromaScan,RUY05D,,N9.5,,WHITE PART A,,,,0,0
CoA_ChromaScan,RUY154,,RAL8019,,RAL8019 GREY BROWN PART A,,,,0,0
CoA_ChromaScan,RUY17N,,MUNSELL 10R5/14,,ORANGE PART A,,,,0,0
CoA_ChromaScan,RUY29N,,CARBOLINE 6666,,YELLOW PART A,,,,0,0
CoA_ChromaScan,RUY58G,,CHUGOKU CS-643,,BLUE PART A,,,,0,0
CoA_ChromaScan,RUY74R,,"MUNSELL	9.5R5/15",,FUNNEL ORANGE PTA,,,,0,0
CoA_ChromaScan,RUY992,,RAL9011,,RAL9011 GRAPHITE BLACK PART A,,,,0,0
CoA_ChromaScan,RUY999,,IP Y999,,BLACK PART A,,,,0,0
CoA_ChromaScan,RUZ007,,RAL9010,,RAL9010 PURE WHITE PART A,,,,0,0
CoA_ChromaScan,RUZ016,,RAL9016,,RAL9016 TRAFFIC WHITE PART A,,,,0,0
CoA_ChromaScan,RUZ028,,RAL9003,,RAL9003 SIGNAL WHITE PART A,,,,0,0
CoA_ChromaScan,RUZ204,,MUNSELL 10GY8/4,,LIGHT GREEN PART A,,,,0,0
CoA_ChromaScan,RUZ207,,PANTONE 348C,,MEADOW GREEN PART A,,,,0,0
CoA_ChromaScan,RUZ554,,RAL2010,,RAL2010 SIGNAL ORANGE PART A,,,,0,0
CoA_ChromaScan,RUZ625,,RAL7042,,RAL7042 TRAFFIC GREY A PART A,,,,0,0
CoA_ChromaScan,RUZ638,,MUNSELL N7.0,,GREY PART A,,,,0,0
CoA_ChromaScan,RUZ651,,RAL7040,,RAL7040 WINDOW GREY PART A,,,,0,0
CoA_ChromaScan,RUZ858,,MUNSELL 7.5GY7/4,,LIGHT GREEN PART A,,,,0,0
CoA_ChromaScan,RUZ877,,HEMPEL 4090,,SIGNAL GREEN PART A,,,,0,0
CoA_ChromaScan,RUZ903,,RAL9004,,RAL9004 SIGNAL BLACK,,,,0,0
CoA_ChromaScan,RUZ912,,RAL7038,,RAL7038 AGATE GREY PART A,,,,0,0
CoA_ChromaScan,RUZ916,,RAL5024,,RAL5024 PASTEL BLUE PART A,,,,0,0
CoA_Customer,1,,(주)테스트,TEST,TEST Name,,,,0,0
CoA_Customer,2,,111,4321,1234,,,,0,0
CoA_Customer,3,,우리집,4001,석호진,,,,0,0
CoA_Customer,4,,하나페인트,,,,,,0,0
CoA_Customer,5,,대우조선해양 (주),,,,,,0,0
CoA_Customer,6,,Doosan Heavy Industries Vietnam Co. Ltd,,,,,,0,0
CoA_Customer,7,,(주)페인트나라,,,,,,0,0
CoA_Customer,8,,제이앤에프,,,,,,0,0
CoA_Customer,9,,효성중공업(주)창원3공장,,,,,,0,0
CoA_Customer,10,,남강도료(주),,아벤틱스_NGHI SON2#1 2,,,,0,0
CoA_Customer,11,,Akzo Nobel Paints (Thailand) Limited,,,,,,0,0
CoA_Customer,12,,코텍,,,,,,0,0
CoA_Customer,13,,(주)동국S&C,,,,,,0,0
CoA_Customer,14,,JJJJJJ,,,,,,0,0
CoA_Customer,15,,Doosan Heavy Industry Veitnam.Co.LTD,,,,,,0,0
CoA_Customer,16,,에스엔피씨(주),,,,,,0,0
CoA_Customer,17,,IPR,,,,,,0,0
CoA_Customer,18,,TEST1,,1234,,,,0,0
CoA_Customer,19,,㈜성진,,강릉안인 #1 2호기 BUCKSTAY,,,,0,0
CoA_Customer,20,,대진상사(주),,,,,,0,0
CoA_Customer,21,,세화기업,,,,,,0,0
CoA_Customer,22,,월드상사,,,,,,0,0
CoA_Customer,23,,㈜ 인터네셔널코팅,,,,,,0,0
CoA_Customer,24,,반도케미칼(주),,,,,,0,0
CoA_Customer,25,,현대중공업(주),,KING'S QUAY,,,,0,0
CoA_Customer,26,,제이앤에프(J&F),,,,,,0,0
CoA_Customer,27,,창해산업㈜,,,,,,0,0
CoA_Customer,28,,지우코리아,,,,,,0,0
CoA_Customer,29,,킴에스앤피,,,,,,0,0
CoA_Customer,30,,신광,,,,,,0,0
CoA_Customer,31,,Chungwon Chemical,,,,,,0,0
CoA_Customer,32,,현대일렉트릭앤에너지시스템,,,,,,0,0
CoA_Customer,33,,에스에이치엠,,,,,,0,0
CoA_Customer,34,,대주중공업(주),,,,,,0,0
CoA_Customer,35,,㈜페인트나라,,,,,,0,0
CoA_Customer,36,,(주)광야쇼트,,,,,,0,0
CoA_Customer,37,,성호금속,,,,,,0,0
CoA_Customer,38,,제이앤케이상사㈜,,Repair Ship project,,,,0,0
CoA_Customer,39,,test,,test03.20,,,,0,0
CoA_Customer,40,,에이스상사,,,,,,0,0
CoA_Customer,41,,충원케미칼㈜,,,,,,0,0
CoA_Customer,42,,효성굿스프링스,,,,,,0,0
CoA_Customer,43,,HTM조선,,,,,,0,0
CoA_Customer,44,,International Paint (East Russia) Limited,,,,,,0,0
CoA_Customer,45,,현대중공업터보기계 주식회사,,,,,,0,0
CoA_Customer,46,,에스엔피씨㈜,,,,,,0,0
CoA_Customer,47,,S-OIL(주)온산공장,,,,,,0,0
CoA_Customer,48,,대우조선해양 ㈜,,,,,,0,0
CoA_Customer,49,,고려상사,,,,,,0,0
CoA_Customer,50,,두산중공업㈜,,두산중공업 프로젝트 공통,,,,0,0
CoA_Customer,51,,반도케미칼㈜,,,,,,0,0
CoA_Customer,52,,대성상사㈜,,,,,,0,0
CoA_Customer,53,,㈜ 성진,,,,,,0,0
CoA_Customer,54,,신우시앤시코리아,,,,,,0,0
CoA_Customer,55,,성실도장,,,,,,0,0
CoA_Customer,56,,(주)세기,,,,,,0,0
CoA_Customer,57,,대주중공업㈜,,,,,,0,0
CoA_Customer,58,,엘케이월드,,,,,,0,0
CoA_Customer,59,,남강도료㈜,,,,,,0,0
CoA_Customer,60,,삼성중공업(주),,,,,,0,0
CoA_Customer,61,,㈜지에스중공업,,,,,,0,0
CoA_Customer,62,,㈜씨유피,,,,,,0,0
CoA_Customer,63,,가빈상사,,,,,,0,0
CoA_Customer,64,,비피테크,,,,,,0,0
CoA_Customer,65,,㈜비투엘글로벌,,,,,,0,0
CoA_Customer,66,,동주산업,,,,,,0,0
CoA_Customer,67,,AkzoNobel Coatings Vietnam Limited,,,,,,0,0
CoA_Customer,68,,1111,,,,,,0,0
CoA_Customer,69,,International Paint Singapore Pte Ltd,,,,,,0,0
CoA_Customer,70,,(주)페인트나라 Vietnam Limited,,,,,,0,0
CoA_Customer,71,,DONG KUK S&C,,,,,,0,0
CoA_Customer,72,,㈜대운,,,,,,0,0
CoA_Customer,73,,UNISON,,UNISON/JAPAN GOTO TOWER,,,,0,0
CoA_Customer,74,,삼성중공업㈜,,,,,,0,0
CoA_Customer,75,,DSME,,,,,,0,0
CoA_Customer,76,,Hyesung Bluetec,,,,,,0,0
CoA_Customer,77,,성화산업㈜,,,,,,0,0
CoA_Customer,78,,1234,,,,,,0,0
CoA_Customer,79,,㈜유선,,,,,,0,0
CoA_Customer,80,,대진상사㈜,,,,,,0,0
CoA_Customer,81,,대성상사(주),,,,,,0,0
CoA_Customer,82,,유한상사,,,,,,0,0
CoA_Customer,83,,청우상사,,,,,,0,0
CoA_Customer,84,,International Paint Shanghai,,,,,,0,0
CoA_Customer,85,,㈜ 신광,,,,,,0,0
CoA_Customer,86,,경성산업,,,,,,0,0
CoA_Customer,87,,㈜ 한국도장,,,,,,0,0
CoA_Customer,88,,누리상사,,,,,,0,0
CoA_Customer,89,,현대중공업㈜,,,,,,0,0
CoA_Customer,90,,정주상사,,,,,,0,0
CoA_Customer,91,,케이엘코리아(주),,,,,,0,0
CoA_Customer,92,,㈜ 비투엘글로벌,,,,,,0,0
CoA_Customer,93,,두산중공업(주),,,,,,0,0
CoA_Customer,94,,덕영,,,,,,0,0
CoA_Customer,95,,성화산업(주),,,,,,0,0
CoA_Customer,96,,(주)강남코팅,,,,,,0,0
CoA_Customer,97,,Singapore,,,,,,0,0
CoA_Customer,98,,광희도장,,,,,,0,0
CoA_Customer,99,,Win&P,,GOLDWIND,,,,0,0
CoA_Customer,100,,㈜인우,,,,,,0,0
CoA_Customer,101,,피케이밸브,,,,,,0,0
CoA_Customer,102,,엔알텍,,,,,,0,0
CoA_Customer,103,,시그마코팅,,,,,,0,0
CoA_Customer,104,,대성파워텍,,,,,,0,0
CoA_Customer,105,,현대스틸산업주식회사,,CQT,,,,0,0
CoA_Customer,106,,(주)대운,,,,,,0,0
CoA_Customer,107,,HCMC branch of Akzo Nobel Coatings,,,,,,0,0
CoA_Customer,108,,두나씨앤씨,,,,,,0,0
CoA_Customer,109,,에스엔피씨,,,,,,0,0
CoA_Customer,110,,인터네셔널코팅,,,,,,0,0
CoA_Customer,111,,성원기업,,,,,,0,0
CoA_Customer,112,,다나코팅스,,,,,,0,0
CoA_Customer,113,,(주)성진,,강릉안인#1 2호기?BUCKSTAY,,,,0,0
CoA_Customer,114,,상우상사,,,,,,0,0
CoA_Customer,115,,(주)티피앤씨,,,,,,0,0
CoA_Customer,116,,삼강엠엔티,,JDN,,,,0,0
CoA_Customer,117,,NC페인트,,,,,,0,0
CoA_Customer,118,,Akzo Nobel UAE Paints LLC,,,,,,0,0
CoA_Customer,119,,㈜SHM,,,,,,0,0
CoA_Customer,120,,지에스칼텍스(주)여수공장,,,,,,0,0
CoA_Customer,121,,SS페인트,,,,,,0,0
CoA_Customer,122,,9064003440,,,,,,0,0
CoA_Customer,123,,에스앤엠㈜,,,,,,0,0
CoA_Customer,124,,㈜인터네셔널코팅,,,,,,0,0
CoA_Customer,125,,동양철관,,,,,,0,0
CoA_Customer,126,,동일상사,,,,,,0,0
CoA_Customer,127,,케이피케미칼,,,,,,0,0
CoA_Customer,128,,케이피케미컬,,,,,,0,0
CoA_Customer,129,,그린에스앤피,,,,,,0,0
CoA_Customer,130,,제이엔에프㈜,,,,,,0,0
CoA_Customer,131,,피에스산업,,,,,,0,0
CoA_Customer,132,,㈜비피테크,,,,,,0,0
CoA_Customer,133,,광야쇼트,,,,,,0,0
CoA_Customer,134,,㈜에스에이치엠,,,,,,0,0
CoA_Customer,135,,Chungwon cemical,,,,,,0,0
CoA_Customer,136,,(주)성일에스아이엠,,,,,,0,0
CoA_Customer,137,,International Paint Suzhou,,,,,,0,0
CoA_Customer,138,,성진산업,,,,,,0,0
CoA_Customer,139,,현대스틸산업식회사,,,,,,0,0
CoA_Customer,140,,티피엔씨,,,,,,0,0
CoA_Customer,141,,고려P&C,,,,,,0,0
CoA_Customer,142,,㈜ 유선,,,,,,0,0
CoA_Customer,143,,㈜세기,,,,,,0,0
CoA_Customer,144,,(주) 킴에스앤피,,,,,,0,0
CoA_Customer,145,,유니슨,,,,,,0,0
CoA_Customer,146,,MV SEA ESPIRITO SANTO,,,,,,0,0
CoA_Customer,147,,Chungrwon cemical,,,,,,0,0
CoA_Customer,148,,제이앤케이상사(주),,상상인-DMC PJT,,,,0,0
CoA_Customer,149,,수진주식회사,,,,,,0,0
CoA_Customer,150,,삼강엠앤티(주),,JDN,,,,0,0
CoA_Customer,151,,한맥기계,,,,,,0,0
CoA_Customer,152,,비투엘글로벌,,,,,,0,0
CoA_Customer,153,,DOOSAN Heavy Industries & Construction Co. LTD,,두산중공업 프로젝트 공통,,,,0,0
CoA_Customer,154,,뉴젠빌,,,,,,0,0
CoA_Customer,155,,신원상사,,,,,,0,0
CoA_Customer,156,,(주) 지에스 중공업,,,,,,0,0
CoA_Customer,157,,(주)킴에스앤피,,,,,,0,0
CoA_Customer,158,,(주)두나씨앤씨,,,,,,0,0
CoA_Customer,159,,에스앤엠,,,,,,0,0
CoA_Customer,160,,International Paint Ltd Felling,,,,,,0,0
CoA_Customer,161,,대운상사,,,,,,0,0
CoA_Customer,162,,GS Caltex,,,,,,0,0
CoA_Customer,163,,영신상사,,,,,,0,0
CoA_Customer,164,,　,,,,,,0,0
CoA_Customer,165,,㈜마이텍,,HYOSUNG PP Project,,,,0,0
CoA_Customer,166,,두산중공업,,두산중공업 프로젝트 공통,,,,0,0
CoA_Customer,167,,성일에스아이엠,,,,,,0,0
CoA_Customer,168,,페인트나라,,,,,,0,0
CoA_Customer,169,,Hye Sung Blue Tec Co. Ltd .,,,,,,0,0
CoA_Customer,170,,효성중공업(주)창원1공장,,,,,,0,0
CoA_Customer,171,,동국S&C,,,,,,0,0
CoA_Customer,172,,SEGI,,,,,,0,0
CoA_Customer,173,,에스앤피씨,,,,,,0,0
CoA_Customer,174,,ABC케미칼,,,,,,0,0
CoA_Customer,175,,지에스엔텍,,,,,,0,0
CoA_Customer,176,,AKZO NOBEL COATINGS LLC Branch office in Moscow,,,,,,0,0
CoA_Customer,177,,GMA112,,,,,,0,0
CoA_Customer,178,,DAESUNG,,,,,,0,0
CoA_Customer,179,,충원케미칼(주),,,,,,0,0
CoA_Customer,180,,비에스글로벌,,,,,,0,0
CoA_Customer,181,,세원셀론텍(주),,,,,,0,0
CoA_Customer,182,,COSCO QIDONG,,,,,,0,0
CoA_Customer,183,,Akzo Nobel (wilawong),,,,,,0,0
CoA_Customer,184,,에이치제이산업,,비에스글로벌,,,,0,0
CoA_Customer,185,,유니슨(주),,,,,,0,0
CoA_Customer,186,,에이치엘씨,,,,,,0,0
CoA_Customer,187,,케이엘코리아㈜,,,,,,0,0
CoA_Customer,188,,SHI-TEST,,,,,,0,0
CoA_Customer,189,,(주)엘케이월드,,,,,,0,0
CoA_Customer,190,,효성중공업,,,,,,0,0
CoA_Customer,191,,(주)유선,,,,,,0,0
CoA_Customer,192,,HHI,,,,,,0,0
CoA_Customer,193,,씨유피,,,,,,0,0
CoA_Customer,194,,엔알텍㈜,,,,,,0,0
CoA_Customer,195,,R&D,,,,,,0,0
CoA_Customer,196,,㈜엘케이월드,,,,,,0,0
CoA_Customer,197,,㈜ 지에스중공업,,,,,,0,0
CoA_Customer,198,,페인트나라㈜,,,,,,0,0
CoA_Customer,199,,강오도장,,,,,,0,0
CoA_Customer,200,,씨유피㈜,,,,,,0,0
CoA_Customer,201,,홍익산업,,,,,,0,0
CoA_Customer,202,,JNK상사,,,,,,0,0
CoA_Customer,203,,JSC&P,,,,,,0,0
CoA_Customer,204,,KOREA INDUSTRY,,,,,,0,0
CoA_Customer,205,,Noya International logistic company,,,,,,0,0
CoA_Customer,206,,성화산업,,,,,,0,0
CoA_Customer,207,,성실기공,,,,,,0,0
CoA_Customer,208,,(주)혜성블루텍,,,,,,0,0
CoA_Customer,209,,혜성블루텍 ㈜,,,,,,0,0
CoA_Customer,210,,㈜ 혜성블루텍,,,,,,0,0
CoA_Customer,211,,㈜혜성블루텍,,,,,,0,0
CoA_Customer,212,,Doosan Heavy industry veitnam.CO. LTD,,,,,,0,0
CoA_Customer,213,,Qingdao McDermott Wuchuan Offshore Engineering Co. Ltd,,,,,,0,0
CoA_Customer,214,,오성페인트,,,,,,0,0
CoA_Customer,215,,경신에스피,,,,,,0,0
CoA_Customer,216,,혜성블루텍(주),,,,,,0,0
CoA_Customer,217,,주식회사 신광,,,,,,0,0
CoA_Customer,218,,감사참고용,,,,,,0,0
CoA_Customer,219,,하이에어코리아의장,,,,,,0,0
CoA_Customer,220,,강남코팅,,,,,,0,0
CoA_Customer,221,,고려페인트,,,,,,0,0
CoA_Customer,222,,혜성블루텍,,,,,,0,0
CoA_Customer,223,,STP & I Public Co.  Ltd,,,,,,0,0
CoA_Customer,224,,BJC Heavy Industries Public,,,,,,0,0
CoA_Customer,225,,신성도료,,,,,,0,0
CoA_Customer,226,,Cungwon cemical,,,,,,0,0
CoA_Customer,227,,유진테크,,유진테크PJT,,,,0,0
CoA_Customer,228,,동재공업,,,,,,0,0
CoA_Customer,229,,금강페인텍,,,,,,0,0
CoA_Customer,230,,고려케미칼,,,,,,0,0
CoA_Customer,231,,대진상사,,,,,,0,0
CoA_Customer,232,,㈜에스에스페인트,,,,,,0,0
CoA_Customer,233,,현대스틸산업㈜,,,,,,0,0
CoA_Customer,234,,세화중공업,,Y2C PJT,,,,0,0
CoA_Customer,235,,Akzo Nobel LLC state of QATAR,,,,,,0,0
CoA_Customer,236,,International Paint Taiwan Ltd,,,,,,0,0
CoA_Customer,237,,남강도료,,,,,,0,0
CoA_Customer,238,,위더스상사,,,,,,0,0
CoA_Customer,239,,씨앤디엔지니어링,,,,,,0,0
CoA_Customer,240,,㈜한국도장,,,,,,0,0
CoA_Customer,241,,동국에스앤씨,,NORDEX,,,,0,0
CoA_Customer,242,,케이지스틸,,,,,,0,0
CoA_Customer,243,,세광페인트,,Y2C PJT,,,,0,0
CoA_Customer,244,,세기㈜,,,,,,0,0
CoA_Customer,245,,조일인더스트리,,,,,,0,0
CoA_Customer,246,,"지우코리아	",,,,,,0,0
CoA_Customer,247,,9064973092,,강릉안인 #1 2,,,,0,0
CoA_Customer,248,,기술연구소,,,,,,0,0
CoA_Customer,249,,㈜두나씨앤씨,,,,,,0,0
CoA_Customer,250,,유진,,,,,,0,0
CoA_Customer,251,,(주)마이텍,,Hyosung PP project,,,,0,0
CoA_Customer,252,,㈜조일기업,,,,,,0,0
CoA_Customer,253,,대원이엔지,,,,,,0,0
CoA_Customer,254,,현대중공업,,NASR 2,,,,0,0
CoA_Customer,255,,Offshore Oil Engineering (Qingdao) Co.  Ltd,,,,,,0,0
CoA_Customer,256,,양지페인트,,,,,,0,0
CoA_Customer,257,,현대삼호중공업,,,,,,0,0
CoA_Customer,258,,금강밸브,,,,,,0,0
CoA_Customer,259,,세아제강,,상상인-Canada LNG Pippe,,,,0,0
CoA_Customer,260,,㈜광성,,,,,,0,0
CoA_Customer,261,,GK,,,,,,0,0
CoA_Customer,262,,CUP,,,,,,0,0
CoA_Customer,263,,에스엔피시㈜,,,,,,0,0
CoA_Customer,264,,"International Paint (East Russia) Limited	",,,,,,0,0
CoA_Customer,265,,신성사,,,,,,0,0
CoA_Customer,266,,IPJ,,,,,,0,0
CoA_Customer,267,,동주상사,,,,,,0,0
CoA_Customer,268,,에스에스페인트,,,,,,0,0
CoA_Customer,269,,Akzo Nobel India Limited,,,,,,0,0
CoA_Customer,270,,㈜강남코팅,,,,,,0,0
CoA_Customer,271,,신명기공,,,,,,0,0
CoA_Customer,272,,피에스산업㈜,,,,,,0,0
CoA_Customer,273,,㈜신광,,,,,,0,0
CoA_Customer,274,,㈜ 비피테크,,,,,,0,0
CoA_Customer,275,,㈜피케이밸브,,,,,,0,0
CoA_Customer,276,,Chungwon chemicla,,,,,,0,0
CoA_Customer,277,,피에스산업(주),,,,,,0,0
CoA_Customer,278,,(KM1D) MPY Hong Kong Distribution,,,,,,0,0
CoA_Customer,279,,페인트나라 ㈜,,,,,,0,0
CoA_Customer,280,,영남산업,,,,,,0,0
CoA_Customer,281,,제이앤케이상사,,유진테크 PJT,,,,0,0
CoA_Customer,282,,ACE ENTERPRISE,,,,,,0,0
CoA_Customer,283,,대성상사,,,,,,0,0
CoA_Customer,284,,㈜두산중공업,,,,,,0,0
CoA_Customer,285,,에스앤피씨(주),,,,,,0,0
CoA_Customer,286,,에스앤엠(주),,,,,,0,0
CoA_Customer,287,,"Doosan Heavy Industries Vietnam Co. Ltd	",,,,,,0,0
CoA_Customer,288,,에스앤피씨㈜,,,,,,0,0
CoA_Customer,289,,아텍,,,,,,0,0
CoA_Customer,290,,한국마이콤,,,,,,0,0
CoA_Customer,291,,강서톨마트,,,,,,0,0
CoA_Customer,292,,HYUNDAI-VINASHINE SHIPYARD CO.  LTD,,,,,,0,0
CoA_Customer,293,,SJ테크,,,,,,0,0
CoA_Customer,294,,페인트나라(주),,,,,,0,0
CoA_Customer,295,,(주)SHM,,,,,,0,0
CoA_Customer,296,,오성페인트㈜,,,,,,0,0
CoA_Customer,297,,성일테크,,,,,,0,0
CoA_Customer,298,,대한상사,,,,,,0,0
CoA_Customer,299,,(주)에스에스페인트,,,,,,0,0
CoA_Customer,300,,씨이엠,,,,,,0,0
CoA_Customer,301,,PS산업,,,,,,0,0
CoA_Customer,302,,㈜광야쇼트,,,,,,0,0
CoA_Customer,303,,㈜태진상사,,충남 장곡 방산탑PJT,,,,0,0
CoA_Customer,304,,삼호상사,,,,,,0,0
CoA_Customer,305,,(주)세강,,,,,,0,0
CoA_Customer,306,,Offshore Oil Engineering Co.  Ltd,,,,,,0,0
CoA_Customer,307,,"월드상사	",,,,,,0,0
CoA_Customer,308,,성산,,,,,,0,0
CoA_Customer,309,,Akzonobel International Paint Suzhou,,,,,,0,0
CoA_Customer,310,,AKZO NOBEL COATINGS VIETNAM LIMITED,,,,,,0,0
CoA_Customer,311,,RMRS 감사 참고용,,,,,,0,0
CoA_Customer,312,,"International Paint Singapore Pte Ltd	",,,,,,0,0
CoA_Customer,313,,일진MTS,,,,,,0,0
CoA_Customer,314,,참고용,,,,,,0,0
CoA_Customer,315,,피케이월드,,,,,,0,0
CoA_Customer,316,,창원상사,,,,,,0,0
CoA_Customer,317,,대경중공업,,,,,,0,0
CoA_Customer,318,,대우조선해양㈜,,,,,,0,0
CoA_Customer,319,,티엑스글로벌,,,,,,0,0
CoA_Customer,320,,원주노루,,,,,,0,0
CoA_Customer,321,,주식회사 대운,,,,,,0,0
CoA_Customer,322,,Qingdao McDermott Wuchuan Offshore Engineering Co. Lt,,,,,,0,0
CoA_Customer,323,,승주기업,,,,,,0,0
CoA_Customer,324,,페인트뱅크,,,,,,0,0
CoA_Customer,325,,1,,,,,,0,0
CoA_Customer,326,,(주)코리아디앤티,,,,,,0,0
CoA_Customer,327,,명신사,,,,,,0,0
CoA_Customer,328,,효성중공업(주)창원2공장,,,,,,0,0
CoA_Customer,329,,Chungwom chemical,,,,,,0,0
CoA_Customer,330,,세기,,,,,,0,0
CoA_Customer,331,,화진기업㈜,,,,,,0,0
CoA_Customer,332,,비제이테크,,BS GLOBAL PJT,,,,0,0
CoA_Customer,333,,이더블유케이,,,,,,0,0
CoA_Customer,334,,KING'S QUAY,,,,,,0,0
CoA_Customer,335,,효성중공업창원2공장,,,,,,0,0
CoA_Customer,336,,희망상사,,,,,,0,0
CoA_Customer,337,,"신성도료	",,,,,,0,0
CoA_Customer,338,,KOREA NAVY,,,,,,0,0
CoA_Customer,339,,International Paint Sdn Bhd,,,,,,0,0
CoA_Customer,340,,삼감엠엔티,,,,,,0,0
CoA_Customer,341,,대운,,,,,,0,0
CoA_Customer,342,,GE Power,,,,,,0,0
CoA_Customer,343,,International Paint Indonesia,,,,,,0,0
CoA_Customer,344,,KCOTEC,,,,,,0,0
CoA_Customer,345,,(주)신광,,,,,,0,0
CoA_Customer,346,,KIMS&P,,,,,,0,0
CoA_Customer,347,,㈜동국S&C,,GE 2MW_01 40Sets,,,,0,0
CoA_Customer,348,,지케이인터네셔날,,,,,,0,0
CoA_Customer,349,,유니슨㈜,,,,,,0,0
CoA_Customer,350,,"㈜광성		",,,,,,0,0
CoA_Customer,351,,코리아디앤티,,,,,,0,0
CoA_Customer,352,,(주) 유선,,,,,,0,0
CoA_Customer,353,,"Akzonobel International Paint Suzhou	",,,,,,0,0
CoA_Customer,354,,제일테크,,,,,,0,0
CoA_Customer,355,,삼강엔앤티㈜,,BLADT,,,,0,0
CoA_Customer,356,,유창상사,,,,,,0,0
CoA_Customer,357,,대성스틸,,,,,,0,0
CoA_Customer,358,,대주중공업,,,,,,0,0
CoA_Customer,359,,태림에스엔피,,,,,,0,0
CoA_Customer,360,,제이앤에프㈜,,,,,,0,0
CoA_Customer,361,,반도케미칼,,,,,,0,0
CoA_Customer,362,,제이원테크,,,,,,0,0
CoA_Customer,363,,HMT조선,,,,,,0,0
CoA_Customer,364,,KTR TEST,,,,,,0,0
CoA_Customer,365,,화승네트웍스,,,,,,0,0
CoA_Customer,366,,하이에어의장,,,,,,0,0
CoA_Customer,367,,제이엔에프(주),,,,,,0,0
CoA_Customer,368,,MS ENG,,,,,,0,0
CoA_Customer,369,,명성산업,,세아제강 캐나다 LNG PJT,,,,0,0
CoA_Customer,370,,씨유피(주),,대림 PETRON MALAYSIA ULSANDO PJT,,,,0,0
CoA_Customer,371,,(주)인터네셔널코팅,,,,,,0,0
CoA_Customer,372,,(주)비피테크,,,,,,0,0
CoA_Customer,373,,코리아스틸,,,,,,0,0
CoA_Customer,374,,㈜코리아디앤티,,,,,,0,0
CoA_Customer,375,,고려 페인트(녹산),,,,,,0,0
CoA_Customer,376,,해군,,,,,,0,0
CoA_Customer,377,,한국선급,,,,,,0,0
CoA_Customer,378,,태림에스앤피,,,,,,0,0
CoA_Customer,379,,"에이스상사	",,,,,,0,0
CoA_Customer,380,,(주)광성,,,,,,0,0
CoA_Customer,381,,티피앤씨,,,,,,0,0
CoA_Customer,382,,"Qingdao McDermott Wuchuan Offshore Engineering Co. Lt	",,,,,,0,0
CoA_Customer,383,,"IPK R&D		",,,,,,0,0
CoA_Customer,384,,IPK R&D,,,,,,0,0
CoA_Customer,385,,㈜동산테크,,,,,,0,0
CoA_Customer,386,,KIM S&P,,,,,,0,0
CoA_Customer,387,,케이씨씨상사,,,,,,0,0
CoA_Customer,388,,"5551025	KK50304004	1",,,,,,0,0
CoA_Customer,389,,"5542632	KK50260066	4",,,,,,0,0
CoA_Customer,390,,일진엠티에스,,,,,,0,0
CoA_Customer,391,,Chungeon chemical,,,,,,0,0
CoA_Customer,392,,KRS TEST,,,,,,0,0
CoA_Customer,393,,하이에어코리아㈜,,,,,,0,0
CoA_Customer,394,,하이에어코리아(주),,,,,,0,0
CoA_Customer,395,,피엔에스,,,,,,0,0
CoA_Customer,396,,International Paint Singapore,,,,,,0,0
CoA_Customer,397,,효성중공업(주),,,,,,0,0
CoA_Customer,398,,세원셀론텍㈜,,,,,,0,0
CoA_Customer,399,,인프로이엔씨주식회사,,,,,,0,0
CoA_Customer,400,,RMRS 선급,,,,,,0,0
CoA_Customer,401,,㈜ 화진기업,,신고리 #6 SEAL OIL SYTEM,,,,0,0
CoA_Customer,402,,(주)일신밸브,,,,,,0,0
CoA_Customer,403,,효성중공업㈜,,,,,,0,0
CoA_Customer,404,,큐로,,,,,,0,0
CoA_Customer,405,,미래중공업,,,,,,0,0
CoA_Customer,406,,미림피앤씨,,,,,,0,0
CoA_Customer,407,,Chubgwon chemical,,,,,,0,0
CoA_Customer,408,,"HMT조선	",,,,,,0,0
CoA_Customer,409,,Chungwon chemcial,,,,,,0,0
CoA_Customer,410,,인프로이엔씨 주식회사,,,,,,0,0
CoA_Customer,411,,㈜옥련케미칼,,,,,,0,0
CoA_Customer,412,,Moscow,,,,,,0,0
CoA_Customer,413,,고려 P&C,,,,,,0,0
CoA_Customer,414,,동성조선,,ST-1,,,,0,0
CoA_Customer,415,,"세화기업	",,,,,,0,0
CoA_Customer,416,,IP Vietnam,,,,,,0,0
CoA_Customer,417,,감사용,,,,,,0,0
CoA_Customer,418,,MV Glovis Chorus,,,,,,0,0
CoA_Customer,419,,세기케미칼,,,,,,0,0
CoA_Customer,420,,케이엘코리아,,,,,,0,0
CoA_Customer,421,,㈜대진상사,,,,,,0,0
CoA_Customer,422,,"녹산고려페인트	",,,,,,0,0
CoA_Customer,423,,비에스산업,,BS GLOBAL PJT,,,,0,0
CoA_Customer,424,,"신명기공	",,,,,,0,0
CoA_Customer,425,,페인트메카,,,,,,0,0
CoA_Customer,426,,유진기공산업,,,,,,0,0
CoA_Customer,427,,원테크,,,,,,0,0
CoA_Customer,428,,코리아에스앤피,,,,,,0,0
CoA_Customer,429,,COA TEST,,,,,,0,0
CoA_Customer,430,,삼강엠엔티㈜,,BLADT PJT,,,,0,0
CoA_Customer,431,,유승산업,,,,,,0,0
CoA_Customer,432,,삼왕주철,,,,,,0,0
CoA_Customer,433,,동일페인트,,,,,,0,0
CoA_Customer,434,,㈜케이씨씨 상사,,,,,,0,0
CoA_Customer,435,,오성페인트(주)거제지점,,,,,,0,0
CoA_Customer,436,,㈜성일에스아이엠,,GE_DANIA BEACH PJT,,,,0,0
CoA_Customer,437,,KR선급용,,,,,,0,0
CoA_Customer,438,,원주노루페인트,,,,,,0,0
CoA_Customer,439,,"5540767	KK50365044	5",,,,,,0,0
CoA_Customer,440,,경남기업,,,,,,0,0
CoA_Customer,441,,혜성블루텍 (주),,,,,,0,0
CoA_Customer,442,,해양패밀리,,,,,,0,0
CoA_Customer,443,,세림,,,,,,0,0
CoA_Customer,444,,케이엠에스(주),,,,,,0,0
CoA_Customer,445,,미림건설,,,,,,0,0
CoA_Customer,446,,MV Glovis Sun,,,,,,0,0
CoA_Customer,447,,지씨엠,,,,,,0,0
CoA_Customer,448,,경민실업,,,,,,0,0
CoA_Customer,449,,IPK,,,,,,0,0
CoA_Customer,450,,도호산업,,,,,,0,0
CoA_Customer,451,,㈜세성,,,,,,0,0
CoA_Customer,452,,부경이앤지,,,,,,0,0
CoA_Customer,453,,Akzo Nobel Pty Limited,,,,,,0,0
CoA_Customer,454,,페인트 나라,,,,,,0,0
CoA_Customer,455,,㈜엔알텍,,,,,,0,0
CoA_Customer,456,,PT. INTERNATIONAL PAINT INDONESIA,,,,,,0,0
CoA_Customer,457,,MV Glovis Stella,,,,,,0,0
CoA_Customer,458,,㈜금성이엔씨,,하동화력 저탄장 PJT,,,,0,0
CoA_Customer,459,,㈜ 금성이엔씨,,하동화력 저탄장 PJT,,,,0,0
CoA_Customer,460,,두산중공업 프로젝트 공통,,,,,,0,0
CoA_Customer,461,,(주) 대아엔지니어링,,,,,,0,0
CoA_Customer,462,,피앤에스,,,,,,0,0
CoA_Customer,463,,Vietnam,,,,,,0,0
CoA_Customer,464,,동명기업,,,,,,0,0
CoA_Customer,465,,현대일렉트릭앤에너지,,,,,,0,0
CoA_Customer,466,,마이텍,,,,,,0,0
CoA_Customer,467,,(주)옥련케미칼,,,,,,0,0
CoA_Customer,468,,광성정밀도장,,,,,,0,0
CoA_Customer,469,,티에스산업,,부산신항 두산중공업 PJT,,,,0,0
CoA_Customer,470,,에스에이치테크,,,,,,0,0
CoA_Customer,471,,삼강엠앤티㈜,,BLADT(M&T),,,,0,0
CoA_Customer,472,,가온페인트,,,,,,0,0
CoA_Customer,473,,녹산고려페인트,,,,,,0,0
CoA_Customer,474,,두성중공업,,삼청 화력발전소 PJT,,,,0,0
CoA_Customer,475,,Chungwin chemical,,,,,,0,0
CoA_Customer,476,,㈜서브원,,,,,,0,0
CoA_Customer,477,,삼성중공업㈜ --해양 도선기업,,,,,,0,0
CoA_Customer,478,,성우상사,,,,,,0,0
CoA_Customer,479,,MV Glovis Gondor,,,,,,0,0
CoA_Customer,480,,(유)에스지이앤지,,,,,,0,0
CoA_Customer,481,,서륭,,,,,,0,0
CoA_Customer,482,,한진중공업,,,,,,0,0
CoA_Customer,483,,알제리 namma,,,,,,0,0
CoA_Customer,484,,㈜ 페인트나라,,,,,,0,0
CoA_Customer,485,,화진기업(주),,,,,,0,0
CoA_Customer,486,,로이드 MED 감사,,,,,,0,0
CoA_Customer,487,,MED,,,,,,0,0
CoA_Customer,488,,㈜이천에스앤피,,,,,,0,0
CoA_Customer,489,,화진기업 (주),,,,,,0,0
CoA_Customer,490,,유)에스지이앤지,,,,,,0,0
CoA_Customer,491,,유) 에스지이앤지,,,,,,0,0
CoA_Customer,492,,보성공업,,,,,,0,0
CoA_Customer,493,,현대스틸산업,,,,,,0,0
CoA_Customer,494,,제이에프코리아,,,,,,0,0
CoA_Customer,495,,(유) 에스지이앤지,,,,,,0,0
CoA_Customer,496,,㈜호승기업,,,,,,0,0
CoA_Customer,497,,㈜ 에스앤피씨,,,,,,0,0
CoA_Customer,498,,D,,,,,,0,0
CoA_Customer,499,,IPER,,,,,,0,0
CoA_Customer,500,,(주)이앤에스페인트,,,,,,0,0
CoA_Customer,501,,MV Glovis Sirius,,,,,,0,0
CoA_Customer,502,,Malaysia,,,,,,0,0
CoA_Customer,503,,㈜ 대진상사,,,,,,0,0
CoA_Customer,504,,㈜경남레이저산업,,,,,,0,0
CoA_Customer,505,,삼성엔지니어링(주),,DOS BOCAS NEW REFINERY,,,,0,0
CoA_Customer,506,,Thailand,,,,,,0,0
CoA_Customer,507,,이천산업,,,,,,0,0
CoA_Customer,508,,광성,,,,,,0,0
CoA_Customer,509,,대아엔지니어링,,,,,,0,0
CoA_Customer,510,,주식회사 서륭,,,,,,0,0
CoA_Customer,511,,㈜ 이천 에스앤피,,,,,,0,0
CoA_Customer,512,,와이에스플랜트,,,,,,0,0
CoA_Customer,513,,㈜아이엠씨,,,,,,0,0
CoA_Customer,514,,Russia,,,,,,0,0
CoA_Customer,515,,"International Paint Shanghai	",,,,,,0,0
CoA_Customer,516,,123,,,,,,0,0
CoA_Customer,517,,에너지엔,,,,,,0,0
CoA_Customer,518,,CNOOC International Freight Agency CO. Ltd Tianjin Branch,,,,,,0,0
CoA_Customer,519,,AUSTRALIA,,,,,,0,0
CoA_Customer,520,,"피에스산업㈜	",,,,,,0,0
CoA_Customer,521,,"KMS	",,,,,,0,0
CoA_Customer,522,,광진페인트,,,,,,0,0
CoA_Customer,523,,현대페인텍,,,,,,0,0
CoA_Customer,524,,대륭도장,,,,,,0,0
CoA_Customer,525,,효성중공업㈜창원3공장,,,,,,0,0
CoA_Customer,526,,유진엠씨,,,,,,0,0
CoA_Customer,527,,㈜인프로이엔씨,,영광 두산푸어셀 PJT,,,,0,0
CoA_Customer,528,,(주)피엔에스,,,,,,0,0
CoA_Customer,529,,삼성엔지니어링,,,,,,0,0
CoA_Customer,530,,신신중공업,,,,,,0,0
CoA_Customer,531,,페인트마트,,,,,,0,0
CoA_Customer,532,,㈜이천 에스앤피,,,,,,0,0
CoA_Customer,533,,MV HL PRIDE,,,,,,0,0
CoA_Customer,534,,교육,,,,,,0,0
CoA_Customer,535,,China,,,,,,0,0
CoA_Customer,536,,㈜항남,,,,,,0,0
CoA_Customer,537,,㈜삼왕주철,,,,,,0,0
CoA_Customer,538,,Indonesia,,,,,,0,0
CoA_Customer,539,,-,,,,,,0,0
CoA_Customer,540,,"MV HL PRIDE	",,,,,,0,0
CoA_Customer,541,,㈜ 유진,,,,,,0,0
CoA_Customer,542,,유진MC,,,,,,0,0
CoA_Customer,543,,"5550990	KK51097033	4",,,,,,0,0
CoA_Customer,544,,㈜금성이앤씨,,하동화력 저탄장 PJT,,,,0,0
CoA_Customer,545,,㈜ 강남코팅,,,,,,0,0
CoA_Customer,546,,유선,,,,,,0,0
CoA_Customer,547,,삼성엔지니어링㈜,,,,,,0,0
CoA_Customer,548,,Doosan Heavy Industries,,,,,,0,0
CoA_Customer,549,,제이엔에프,,,,,,0,0
CoA_Customer,550,,주식회사 태림에스앤피,,,,,,0,0
CoA_Customer,551,,㈜대불페인트,,,,,,0,0
CoA_Customer,552,,㈜신화철강,,,,,,0,0
CoA_Customer,553,,International Paint Singapor,,,,,,0,0
CoA_Customer,554,,한국스틸,,,,,,0,0
CoA_Customer,555,,극동호이스트 주식회사,,,,,,0,0
CoA_Customer,556,,㈜창원상사,,,,,,0,0
CoA_Customer,557,,대진산업,,,,,,0,0
CoA_Customer,558,,스틸산업,,,,,,0,0
CoA_Customer,559,,(주)강남코팅　,,,,,,0,0
CoA_Customer,560,,㈜ 덕지산업,,,,,,0,0
CoA_Customer,561,,㈜유진,,,,,,0,0
CoA_Customer,562,,선우산업,,,,,,0,0
CoA_Customer,563,,거화,,,,,,0,0
CoA_Customer,564,,SL중공업,,하동화력 저탄장 PJT,,,,0,0
CoA_Customer,565,,신화철강㈜,,,,,,0,0
CoA_Customer,566,,은다승,,,,,,0,0
CoA_Customer,567,,"삼성엔지니어링		",,,,,,0,0
CoA_Customer,568,,TK PIPING CO. LTD,,,,,,0,0
CoA_Customer,569,,현대삼호중공업(주),,,,,,0,0
CoA_Customer,570,,(주)한성이엔티,,,,,,0,0
CoA_Customer,571,,(주)태림에스앤피,,,,,,0,0
CoA_Customer,572,,Doosan Heavy Industries Vietnam,,,,,,0,0
CoA_Customer,573,,협동대형열처리,,,,,,0,0
CoA_Customer,574,,Shanghai,,,,,,0,0
CoA_Customer,575,,고려카라텍,,,,,,0,0
CoA_Customer,576,,고려칼라텍,,,,,,0,0
CoA_Customer,577,,Akzo Nobel Coatings Ltd,,,,,,0,0
CoA_Customer,578,,성도밸브(주),,,,,,0,0
CoA_Customer,579,,AKZO NOBEL COATINGS LLC,,,,,,0,0
CoA_Customer,580,,DOOSAN HEAVY INDUSTRIES VIETNAM HAIPHONG CO.  LTD,,,,,,0,0
CoA_Customer,581,,LG서브원,,,,,,0,0
CoA_Customer,582,,(주)인프로이엔씨,,영광 두산퓨어셀 PJT,,,,0,0
CoA_Customer,583,,㈜ 제일특수,,,,,,0,0
CoA_Customer,584,,㈜인터내셔널코팅,,,,,,0,0
CoA_Customer,585,,㈜ 성도밸브,,,,,,0,0
CoA_Customer,586,,(주) 제일특수,,,,,,0,0
CoA_Customer,587,,International Paint (Hong Kong) Ltd.,,,,,,0,0
CoA_Customer,588,,조일기업,,,,,,0,0
CoA_Customer,589,,"AkzoNobel Coatings Vietnam Limited	",,,,,,0,0
CoA_Customer,590,,켐텍스코리아,,,,,,0,0
CoA_Customer,591,,S&T에너지,,S&T에너지,,,,0,0
CoA_Customer,592,,금하네하이벌텍,,,,,,0,0
CoA_Customer,593,,㈜코스코,,,,,,0,0
CoA_Customer,594,,(주)성도밸브,,,,,,0,0
CoA_Customer,595,,(주)서륭,,,,,,0,0
CoA_Customer,596,,DAEWOO NIGERIA LTD,,,,,,0,0
CoA_Customer,597,,"DAEWOO NIGERIA LTD	",,,,,,0,0
CoA_Customer,598,,DAEWON ENG,,,,,,0,0
CoA_Customer,599,,"Qingdao McDermott Wuchuan Offshore Engineering Co. Ltd	",,,,,,0,0
CoA_Customer,600,,"피에스산업	",,삼성중공업 H2333,,,,0,0
CoA_Customer,601,,광희,,,,,,0,0
CoA_Customer,602,,EWK,,,,,,0,0
CoA_Customer,603,,하이덱스,,,,,,0,0
CoA_Customer,604,,Samsung Engineering Co.  Ltd,,,,,,0,0
CoA_Customer,605,,한창엔지니어링,,,,,,0,0
CoA_Customer,606,,주식회사 광성정밀도장,,,,,,0,0
CoA_Customer,607,,삼부정밀,,,,,,0,0
CoA_Customer,608,,금성이앤씨,,하동화력 저탄장PJT,,,,0,0
CoA_Customer,609,,11111,,,,,,0,0
CoA_Customer,610,,주)강남코팅,,,,,,0,0
CoA_Customer,611,,"International Paint Indonesia	",,,,,,0,0
CoA_Customer,612,,태진상사,,ILIJAN LNG REGAS MODULE PJT,,,,0,0
CoA_Customer,613,,"	주식회사 광성정밀도장",,,,,,0,0
CoA_Customer,614,,한맥중공업,,,,,,0,0
CoA_Customer,615,,㈜ 대성상사,,,,,,0,0
CoA_Customer,616,,ILSEUNG,,,,,,0,0
CoA_Customer,617,,㈜대주중공업,,,,,,0,0
CoA_Customer,618,,"DOOSAN HEAVY INDUSTRIES VIETNAM HAIPHONG CO.  LTD	",,,,,,0,0
CoA_Customer,619,,세원이앤씨㈜,,,,,,0,0
CoA_Customer,620,,Beerenberg DSL Ltd,,,,,,0,0
CoA_Customer,621,,미전테크(주,,,,,,0,0
CoA_Customer,622,,SR MARINE OFFSHORE PTE LTD,,,,,,0,0
CoA_Customer,623,,미전테크㈜,,,,,,0,0
CoA_Customer,624,,YOUNGJIN MACHINERY CO.,,,,,,0,0
CoA_Customer,625,,한매중공업㈜,,,,,,0,0
CoA_Customer,626,,페인트만트,,,,,,0,0
CoA_Customer,627,,㈜ 항남,,,,,,0,0
CoA_Customer,628,,Zvezda Shipbuilding Complex LLC,,,,,,0,0
CoA_Customer,629,,해승케이피피,,,,,,0,0
CoA_Customer,630,,미전테크(주),,,,,,0,0
CoA_Customer,631,,삼일C&S,,,,,,0,0
CoA_Customer,632,,SL 중공업,,,,,,0,0
CoA_Customer,633,,THE DAESUNG CO.LTD,,,,,,0,0
CoA_Customer,634,,이앤에스,,,,,,0,0
CoA_Customer,635,,(주)성호금속 경주공장,,,,,,0,0
CoA_Customer,636,,화인코팅스,,,,,,0,0
CoA_Customer,637,,혜성블루택㈜,,,,,,0,0
CoA_Customer,638,,㈜ 남강도료,,,,,,0,0
CoA_Customer,639,,Suzhou,,,,,,0,0
CoA_Customer,640,,주식회사 창원상사,,,,,,0,0
CoA_Customer,641,,"AKZO NOBEL COATINGS VIETNAM LIMITED	",,,,,,0,0
CoA_Customer,642,,(주) 덕지산업,,,,,,0,0
CoA_Customer,643,,인터내셔널코팅,,,,,,0,0
CoA_Customer,644,,㈜성산,,,,,,0,0
CoA_Customer,645,,"Samsung Engineering Co.  Ltd	",,,,,,0,0
CoA_Customer,646,,동영종합상사,,,,,,0,0
CoA_Customer,647,,THE DAESUNG CO. LTD,,,,,,0,0
CoA_Customer,648,,대주기계,,,,,,0,0
CoA_Customer,649,,SH산업,,,,,,0,0
CoA_Customer,650,,㈜성도밸브,,,,,,0,0
CoA_Customer,651,,삼일 C&S,,,,,,0,0
CoA_Customer,652,,HLB POWER CO. LTD.,,Naepo New City CHPP,,,,0,0
CoA_Customer,653,,와이케이에스㈜,,,,,,0,0
CoA_Customer,654,,(주)인프로이앤씨,,영광두산푸어셀,,,,0,0
CoA_Customer,655,,삼광지에스,,,,,,0,0
CoA_Customer,656,,현대인프라솔루션주식회사,,,,,,0,0
CoA_Customer,657,,"Zvezda Shipbuilding Complex LLC	",,,,,,0,0
CoA_Customer,658,,성진,,부산신항PJT,,,,0,0
CoA_Customer,659,,한맥중공업㈜,,,,,,0,0
CoA_Customer,660,,명보도장공업(주),,,,,,0,0
CoA_Customer,661,,(주)페인트나,,,,,,0,0
CoA_Customer,662,,"International Paint Sdn Bhd	",,,,,,0,0
CoA_Customer,663,,대성스틸 주식회사,,,,,,0,0
CoA_Customer,664,,삼일c&s,,,,,,0,0
CoA_Customer,665,,(주) 항남,,,,,,0,0
CoA_Customer,666,,(주)엘케이월,,,,,,0,0
CoA_Customer,667,,주식회사 광성정밀 도장,,,,,,0,0
CoA_Customer,668,,㈜  유선,,,,,,0,0
CoA_Customer,669,,㈜ 옥련케미칼,,,,,,0,0
CoA_Customer,670,,인프로이앤씨,,,,,,0,0
CoA_Customer,671,,F,,,,,,0,0
CoA_Customer,672,,㈜덕지산업,,,,,,0,0
CoA_Customer,673,,기술부,,,,,,0,0
CoA_Customer,674,,"Akzo Nobel Paints (Thailand) Limited 	",,,,,,0,0
CoA_Customer,675,,HLB POWER CO. LTD,,보령#4 환경설비 개선공사,,,,0,0
CoA_Customer,676,,신우시앤시코리아㈜,,,,,,0,0
CoA_Customer,677,,위더스,,,,,,0,0
CoA_Customer,678,,대성파워텍(주),,,,,,0,0
CoA_Customer,679,,도남씨앤아이,,,,,,0,0
CoA_Customer,680,,극동호이스트,,,,,,0,0
CoA_Customer,681,,(주) 삼원이앤비,,,,,,0,0
CoA_Customer,682,,대성파워텍㈜,,,,,,0,0
CoA_Customer,683,,(주)비투엘글로벌,,,,,,0,0
CoA_Customer,684,,신한정공,,,,,,0,0
CoA_Customer,685,,Chungwon che,,,,,,0,0
CoA_Customer,686,,㈜ 덕영,,,,,,0,0
CoA_Customer,687,,Akzo Nobel International Paint (Suzhou),,,,,,0,0
CoA_Customer,688,,한성이엔티,,,,,,0,0
CoA_Customer,689,,ABC 케미칼,,,,,,0,0
CoA_Customer,690,,합동상사,,,,,,0,0
CoA_Customer,691,,(주) 대진상사,,,,,,0,0
CoA_Customer,692,,에스엔피시,,,,,,0,0
CoA_Customer,693,,미전테크,,,,,,0,0
CoA_Customer,694,,㈜에스앤피씨,,,,,,0,0
CoA_Customer,695,,㈜ 미전테크,,,,,,0,0
CoA_Customer,696,,나우하이텍,,,,,,0,0
CoA_Customer,697,,코리아디엔티,,,,,,0,0
CoA_Customer,698,,㈜ 에이스티피,,,,,,0,0
CoA_Customer,699,,㈜ 태림에스엔피,,,,,,0,0
CoA_Customer,700,,신동상사,,,,,,0,0
CoA_Customer,701,,HLB POWER CO. LTD. ,,보령#4 환경설비 개선공사,,,,0,0
CoA_Customer,702,,㈜에이스티피,,,,,,0,0
CoA_Customer,703,,성도밸브,,,,,,0,0
CoA_Customer,704,,CHUNGWONCHEMICAL,,,,,,0,0
CoA_Customer,705,,정진페인트,,,,,,0,0
CoA_Customer,706,,㈜태양전기,,,,,,0,0
CoA_Customer,707,,"DSSC	",,,,,,0,0
CoA_Customer,708,,덕지산업,,,,,,0,0
CoA_Customer,709,,러시아 선급,,,,,,0,0
CoA_Customer,710,,(주) 태림에스앤피,,,,,,0,0
CoA_Customer,711,,"Akzo Nobel UAE Paints L.L.C.	",,,,,,0,0
CoA_Customer,712,,주식회사 덕영,,,,,,0,0
CoA_Customer,713,,태성후렉시블,,,,,,0,0
CoA_Customer,714,,주식회사 한맥기계,,,,,,0,0
CoA_Customer,715,,반도케미칼 ㈜,,,,,,0,0
CoA_Customer,716,,(주) 대성파워텍,,,,,,0,0
CoA_Customer,717,,우주산업플랜트 (주),,,,,,0,0
CoA_Customer,718,,㈜동해,,,,,,0,0
CoA_Customer,719,,지에스칼텍스㈜,,,,,,0,0
CoA_Customer,720,,현대엔지니어링,,,,,,0,0
CoA_Customer,721,,Dubai,,,,,,0,0
CoA_Customer,722,,충원케미칼,,,,,,0,0
CoA_Customer,723,,dd,,,,,,0,0
CoA_Customer,724,,경성기업,,,,,,0,0
CoA_Customer,725,,킴에스엔피,,,,,,0,0
CoA_Customer,726,,대성상사 (주),,,,,,0,0
CoA_Customer,727,,대성상사 ㈜,,,,,,0,0
CoA_Customer,728,,한맥중공업(주),,,,,,0,0
CoA_Customer,729,,㈜ 코리아디엔티,,,,,,0,0
CoA_Customer,730,,경민실업㈜,,,,,,0,0
CoA_Customer,731,,현대해양,, NASR 2 Platform,,,,0,0
CoA_Customer,732,,한성ENG,,,,,,0,0
CoA_Customer,733,,신광㈜,,,,,,0,0
CoA_Customer,734,,㈜유성,,,,,,0,0
CoA_Customer,735,,에스엔엠,,,,,,0,0
CoA_Customer,736,,씨에이치산업개발,,,,,,0,0
CoA_Customer,737,,CIMC-2차,,,,,,0,0
CoA_Customer,738,,CIMC-1차,,,,,,0,0
CoA_Customer,739,,"CIMC-1차	",,,,,,0,0
CoA_Customer,740,,CIMC-3차,,,,,,0,0
CoA_Customer,741,,"CIMC-4차	",,,,,,0,0
CoA_Customer,742,,삼화,,,,,,0,0
CoA_Customer,743,,이영플랜트,,,,,,0,0
CoA_Customer,744,,두산중공업 베트남 (DAP 2022.04.01),,,,,,0,0
CoA_Customer,745,,서울 S&P,,,,,,0,0
CoA_Customer,746,,Akzonobel L.L.C state of Qatar,,,,,,0,0
CoA_Customer,747,,India,,,,,,0,0
CoA_Customer,748,,"두산비나	",,,,,,0,0
CoA_Customer,749,,"현대중공업 (CIMC-1차)	",,,,,,0,0
CoA_Customer,750,,현대중공업 (CIMC-1차),,P-78 FPSO,,,,0,0
CoA_Customer,751,,현대중공업 (CIMC-2차),,P-78 FPSO,,,,0,0
CoA_Customer,752,,현대중공업 (CIMC-3차),,P-78 FPSO,,,,0,0
CoA_Customer,753,,삼성물산,,,,,,0,0
CoA_Customer,754,,현대중공업 (CIMC-4차),,P-78 FPSO,,,,0,0
CoA_Customer,755,,넬레스코리아,,,,,,0,0
CoA_Customer,756,,삼성 맥시코,,,,,,0,0
CoA_Customer,757,,(주)중앙트레이드앤코팅스,,,,,,0,0
CoA_Customer,758,,덕승상사,,,,,,0,0
CoA_Customer,759,,에이스티피,,,,,,0,0
CoA_Customer,760,,SVC,,,,,,0,0
CoA_Customer,761,,애이스상사,,,,,,0,0
CoA_Customer,762,,㈜은다승,,,,,,0,0
CoA_Customer,763,,"5544065	KK51340008	1",,,,,,0,0
CoA_Customer,764,,㈜유진엠씨,,,,,,0,0
CoA_Customer,765,,MED 심사용,,,,,,0,0
CoA_Customer,766,,지원케미칼,,,,,,0,0
CoA_Customer,767,,무지개피앤피,,,,,,0,0
CoA_Customer,768,,태우기계,,,,,,0,0
CoA_Customer,769,,㈜한진엔지니어링,,,,,,0,0
CoA_Customer,770,,명전우,,,,,,0,0
CoA_Customer,771,,대덕,,,,,,0,0
CoA_Customer,772,,대성에스엔피,,,,,,0,0
CoA_Customer,773,,신흥도료상사,,,,,,0,0
CoA_Customer,774,,효림,,,,,,0,0
CoA_Customer,775,,유알피,,,,,,0,0
CoA_Customer,776,,유진페인트,,,,,,0,0
CoA_Customer,777,,비더블유티,,,,,,0,0
CoA_Customer,778,,현대중공업 (CIMC-PFP),,P-78 FPSO,,,,0,0
CoA_Customer,779,,동남이앤티,,,,,,0,0
CoA_Customer,780,,KTR,,,,,,0,0
CoA_Customer,781,,현대중공업 (CIMC-5차) Yantai,,P-78 FPSO,,,,0,0
CoA_Customer,782,,현대중공업 (CIMC-5차) Haiyang,,P-78 FPSO,,,,0,0
CoA_Customer,783,,"Doosan Heavy Industries Vietnam Co. Ltd		",,,,,,0,0
CoA_Customer,784,,디앤에이,,,,,,0,0
CoA_Customer,785,,매트릭스,,,,,,0,0
CoA_Customer,786,,태양전기,,,,,,0,0
CoA_Customer,787,,호성,,,,,,0,0
CoA_Customer,788,,서울S&P,,,,,,0,0
CoA_Customer,789,,한화,,,,,,0,0
CoA_Customer,790,,"현대중공업 (CIMC-6차) Yantai	",,P-78 FPSO,,,,0,0
CoA_Customer,791,,"현대중공업 (CIMC-6차) Haiyang	",,,,,,0,0
CoA_Customer,792,,제이엔에프　,,,,,,0,0
CoA_Customer,793,,(주)태양전기,,,,,,0,0
CoA_Customer,794,,남성기계,,,,,,0,0
CoA_Customer,795,,㈜유진밸브,,,,,,0,0
CoA_Customer,796,,남성기계　,,,,,,0,0
CoA_Customer,797,,"PT. INTERNATIONAL PAINT INDONESIA	",,,,,,0,0
CoA_Customer,798,,피에스,,,,,,0,0
CoA_Customer,799,,KL KOREA,,,,,,0,0
CoA_Customer,800,,웅진에스엔피,,,,,,0,0
CoA_Customer,801,,현대중공업 (CIMC-6차) Haiyang,,P-78 FPSO,,,,0,0
CoA_Customer,802,,아성산업,,,,,,0,0
CoA_Customer,803,,Chain,,,,,,0,0
CoA_Customer,804,,에너지앤,,,,,,0,0
CoA_Customer,805,,광희도장광희도장,,,,,,0,0
CoA_Customer,806,,Doosan Enerbility Vietnam Co. Ltd,,,,,,0,0
CoA_Customer,807,,AkzoNobel India Limited,,,,,,0,0
CoA_Customer,808,,중부쇼트,,,,,,0,0
CoA_Customer,809,,AkzoNobel Paints(Thailand) Limited,,,,,,0,0
CoA_Customer,810,,AKZONOBEL PTY LIMITED,,,,,,0,0
CoA_Customer,811,,AKZO NOBEL LTDA. (MC/WC -SANTO-ANDRE),,,,,,0,0
CoA_Customer,812,,정화폴리텍,,,,,,0,0
CoA_Customer,813,,진영스페셜코팅,,test,,,,0,0
CoA_Customer,814,,웅진에스앤씨,,,,,,0,0
CoA_Customer,815,,성광,,,,,,0,0
CoA_Customer,816,,진성에스앤피,,,,,,0,0
CoA_Customer,817,,에스케이해운,,C. EMPEROR,,,,0,0
CoA_Customer,818,,"International Paint (East Russia) Limited		",,,,,,0,0
CoA_Customer,819,,"DOOSAN HEAVY INDUSTRIES VIETNAM HAIPHONG CO.  LTD		",,,,,,0,0
CoA_Customer,820,,KLKOREA,,,,,,0,0
CoA_Customer,821,,(주) 코리아디앤티,,,,,,0,0
CoA_Customer,822,,남강,,,,,,0,0
CoA_Customer,823,,㈜ 성산,,보령화력저탄장PJT,,,,0,0
CoA_Customer,824,,현대중공업 (CIMC-8차) Yantai,,P-78 FPSO,,,,0,0
CoA_Customer,825,,현대중공업 (CIMC-8차) Haiyang,,P-78 FPSO,,,,0,0
CoA_Customer,826,,현대중공업 (CIMC-LQ 2항차),,P-78 FPSO,,,,0,0
CoA_Customer,827,,인프로이엔씨,,,,,,0,0
CoA_Customer,828,,두산에너빌리티 (주),,JAWA#9 10,,,,0,0
CoA_Customer,829,,성진기업,,,,,,0,0
CoA_Customer,830,,제이에스테크노스,,,,,,0,0
CoA_Customer,831,,(주)유진엠씨,,,,,,0,0
CoA_Customer,832,,현대미포조선,,,,,,0,0
CoA_Customer,833,,"AkzoNobel Paints(Thailand) Limited		",,,,,,0,0
CoA_Customer,834,,디비,,,,,,0,0
CoA_Customer,835,,IP THAILAND,,,,,,0,0
CoA_Customer,836,,"Doosan Enerbility Vietnam Co. Ltd		",,,,,,0,0
CoA_Customer,837,,에스더블아이,,,,,,0,0
CoA_Customer,838,,현대중공업터보기계,,,,,,0,0
CoA_Customer,839,,대진사업,,,,,,0,0
CoA_Customer,840,,주식회사 티에스넥스젠,,알제리 Naama CCPP PJT Diverter Damper Blade&Others,,,,0,0
CoA_Customer,841,,"International Paint Shanghai		",,,,,,0,0
CoA_Customer,842,,"현대중공업 (CIMC-LQ 1항차)	",,,,,,0,0
CoA_Customer,843,,"현대중공업 (CIMC-7차) Haiyang	",,,,,,0,0
CoA_Customer,844,,"현대중공업 (CIMC-7차) Yantai	",,P-78 FPSO,,,,0,0
CoA_Customer,845,,ZHUHAI JUTAL OFFSHORE OIL SERVICES LIMITED,,,,,,0,0
CoA_Customer,846,,"현대중공업 (CIMC-9차) Haiyang	",,P-78 FPSO,,,,0,0
CoA_Customer,847,,"현대중공업 (CIMC-9차) Yantai	",,P-78 FPSO,,,,0,0
CoA_Customer,848,,코로텍,,,,,,0,0
CoA_Customer,849,,(주)거맥에스엔피,,,,,,0,0
CoA_Customer,850,,두산에너빌리티,,두산중공업 프로젝트 공통,,,,0,0
CoA_Customer,851,,두산에너빌리티㈜,,삼척화력,,,,0,0
CoA_Customer,852,,대성스틸산업,,,,,,0,0
CoA_Customer,853,,Master of MV Sea Coen,,,,,,0,0
CoA_Customer,854,,한국차폐기술,,,,,,0,0
CoA_Customer,855,,International Paint (East Russia) L,,,,,,0,0
CoA_Customer,856,,"현대중공업 (CIMC-PFP)	",,P-78 FPSO,,,,0,0
CoA_Customer,857,,"현대중공업 (CIMC-10-1차) Yantai		",,P-78 FPSO,,,,0,0
CoA_Customer,858,,"현대중공업 (CIMC-10-1차) Haiyang		",,P-78 FPSO,,,,0,0
CoA_Customer,859,,International Paint (Hong Kong) Limited,,,,,,0,0
CoA_Customer,860,,위드플랜트,,,,,,0,0
CoA_Customer,861,,DOOSAN HEAVY INDUSTRIES VIETNAM HAIPHONG CO.  LTD.,,,,,,0,0
CoA_Customer,862,,aaa,,,,,,0,0
CoA_Customer,863,,MS 이엔지,,,,,,0,0
CoA_Customer,864,,㈜ MS 이엔지,,,,,,0,0
CoA_Customer,865,,㈜MS이엔지,,,,,,0,0
CoA_Customer,866,,"현대중공업 (CIMC-10-2차) Yantai		",,P-78 FPSO,,,,0,0
CoA_Customer,867,,"현대중공업 (CIMC-10-3차) Haiyang		",,P-78 FPSO,,,,0,0
CoA_Customer,868,,"현대중공업 (CIMC-LQ 3항차)		",,P-78 FPSO,,,,0,0
CoA_Customer,869,,중국 C'7,,,,,,0,0
CoA_Customer,870,,현대중공업 (CIMC-10-2차) Haiyang,,P-78 FPSO,,,,0,0
CoA_Customer,871,,기술부참고용,,,,,,0,0
CoA_Customer,872,,태국 C'7 Beerenberg - 11차,,,,,,0,0
CoA_Customer,873,,이엠이엔지,,,,,,0,0
CoA_Customer,874,,에스지도장,,,,,,0,0
CoA_Customer,875,,현대중공업 (CIMC-13차) Yantai,,P-78 FPSO,,,,0,0
CoA_Customer,876,,현대중공업 (CIMC-11차) Haiyang,,P-78 FPSO,,,,0,0
CoA_Customer,877,,현대중공업 (CIMC-12-1차) Haiyang,,P-78 FPSO,,,,0,0
CoA_Customer,878,,현대중공업 (CIMC-13-1차) Haiyang,,P-78 FPSO,,,,0,0
CoA_Customer,879,,현대중공업 (CIMC-11차) Yantai,,P-78 FPSO,,,,0,0
CoA_Customer,880,,현대중공업 (CIMC-13-1차) Yantai,,P-78 FPSO,,,,0,0
CoA_Customer,881,,현대중공업 (CIMC-12차) Haiyang,,,,,,0,0
CoA_Customer,882,,현대중공업 (CIMC-13차) Haiyang,,P-78 FPSO,,,,0,0
CoA_Customer,883,,현대중공업 (CIMC-12차) Yantai,,P-78 FPSO,,,,0,0
CoA_Customer,884,,현대중공업 (CIMC-LQ 4항차),,P-78 FPSO,,,,0,0
CoA_Customer,885,,old test,,test,,,,0,0
CoA_Customer,886,,항남,,,,,,0,0
CoA_Customer,887,,금광중공업,,,,,,0,0
CoA_Customer,888,,㈜와이케이에스,,,,,,0,0
CoA_Customer,889,,우성피엔에프㈜,,,,,,0,0
CoA_Customer,890,,㈜성광,,,,,,0,0
CoA_Customer,891,,에이치엠티조선,,,,,,0,0
CoA_Customer,892,,JHK,,,,,,0,0
CoA_Customer,893,,태국 C'7,,,,,,0,0
CoA_Customer,894,,대아앤지니어링,,,,,,0,0
CoA_Customer,895,,인도네시아,,,,,,0,0
CoA_Customer,896,,(주)대진상사,,,,,,0,0
CoA_Customer,897,,싱가포르 po.4511404839,,,,,,0,0
CoA_Customer,898,,대영종합상사,,,,,,0,0
CoA_Customer,899,,성은,,,,,,0,0
CoA_Customer,900,,YS플랜트,,,,,,0,0
CoA_Customer,901,,SAIPEM SA SENEGAL BRANCH,,,,,,0,0
CoA_Customer,902,,(주)융진,,,,,,0,0
CoA_Customer,903,,에이스상사　,,,,,,0,0
CoA_Customer,904,,"현대중공업 (CIMC-14차) Yantai (1)		",,P-78 FPSO,,,,0,0
CoA_Customer,905,,"현대중공업 (CIMC-14차) Haiyang		",,P-78 FPSO,,,,0,0
CoA_Customer,906,,㈜ 조일기업,,,,,,0,0
CoA_Customer,907,,현대중공업 (CIMC-14차) Yantai (2),,P-78 FPSO,,,,0,0
CoA_Customer,908,,옥련케미칼,,,,,,0,0
CoA_Customer,909,," Akzo Nobel Vietnam Ltd		",,,,,,0,0
CoA_Customer,910,,고려피앤씨,,,,,,0,0
CoA_Customer,911,,현대중공업 (CIMC-LQ 5항차),,P-78 FPSO,,,,0,0
CoA_Customer,912,,신화기업,,,,,,0,0
CoA_Customer,913,,싱가폴 KUA & C'1620,,,,,,0,0
CoA_Customer,914,,㈜융진,,,,,,0,0
CoA_Customer,915,,"싱가폴 KUA & C'1620		",,,,,,0,0
CoA_Customer,916,,SR밸브,,,,,,0,0
CoA_Customer,917,,HJ중공업,,,,,,0,0
CoA_Customer,918,,현재중공업터보기계㈜,,,,,,0,0
CoA_Customer,919,,벽방이엔지,,,,,,0,0
CoA_Customer,920,,태국 C'7 Beerenberg 13차,,,,,,0,0
CoA_Customer,921,,미국Guam HRSG Diverter Damper,,,,,,0,0
CoA_Customer,922,,두산비나,,,,,,0,0
CoA_Customer,923,,대우조선해양,,,,,,0,0
CoA_Customer,924,,"Win&P		",,"SHWE 3 PJT		",,,,0,0
CoA_Customer,925,,Beerenberg Korea Ltd,,,,,,0,0
CoA_Customer,926,,'현대중공업 (CIMC-15차) Yantai,,P-78 FPSO,,,,0,0
CoA_Customer,927,,현대중공업 (CIMC-15차) Haiyang,,P-78 FPSO,,,,0,0
CoA_Customer,928,,현대중공업 (CIMC-LQ 7항차),,P-78 FPSO,,,,0,0
CoA_Customer,929,,남강아이엔씨,,,,,,0,0
CoA_Customer,930,,두산에너빌리티 ㈜,,두산중공업 프로젝트 공통,,,,0,0
CoA_Customer,931,,'중국 C'2218 (PO 4511805453),,,,,,0,0
CoA_Customer,932,,싱가폴 Putty (PO.4511850299),,,,,,0,0
CoA_Customer,933,,기술참고용,,,,,,0,0
CoA_Customer,934,,'Doosan Enerbility Vietnam Co. Ltd,,,,,,0,0
CoA_Customer,935,,TTT,,TT,,,,0,0
CoA_Customer,936,,'인도C'7 _ PO.4511751873 - 9081353303,,,,,,0,0
CoA_Customer,937,,미래페인트,,,,,,0,0
CoA_Customer,938,,유진티엠씨,,,,,,0,0
CoA_Customer,939,,유진TMC,,,,,,0,0
CoA_Customer,940,,'두산에너빌리티 ㈜,,두산중공업 프로젝트 공통,,,,0,0
CoA_Customer,941,,"두산 하이퐁		",,,,,,0,0
CoA_Customer,942,,"""두산하이퐁 (3155260)",,"DOOSAN HEAVY INDUSTRIES VIETNAM HAIPHONG CO.  LTD.		",,,,0,0
CoA_Customer,943,,현대중공업 (CIMC-14차) Haiyang,,P-78 FPSO,,,,0,0
CoA_Customer,944,,현대중공업 (CIMC-14차) Yantai (1),,P-78 FPSO,,,,0,0
CoA_Customer,945,,상해 putty,,,,,,0,0
CoA_Customer,946,,베트남,,"AkzoNobel Coatings Vietnam Limited		",,,,0,0
CoA_Customer,947,,"현대중공업㈜		",,"Petrobras P-78		",,,,0,0
CoA_Customer,948,,KRF,,,,,,0,0
CoA_Customer,949,,'현대중공업㈜,,SHWE 3 PJT,,,,0,0
CoA_Customer,950,,'인도네시아 C' (new PO.4511885484),,,,,,0,0
CoA_Customer,951,,'베트남 PO.4511754639 4511888085,,,,,,0,0
CoA_Customer,952,,"	혜성블루텍	",,"	",,,,0,0
CoA_Customer,953,,'효성중공업,,,,,,0,0
CoA_Customer,954,,'두산에너빌리티㈜,,두산중공업 프로젝트 공통,,,,0,0
CoA_Customer,955,,'Indonesia,,,,,,0,0
CoA_Customer,956,,'현대중공업,,Petrobras P-78,,,,0,0
CoA_Customer,957,,KM4D,,,,,,0,0
CoA_Customer,958,,성도밸브㈜,,,,,,0,0
CoA_Customer,959,,1034097145 - 9081658008,,"International Paint Singapore Pte Ltd		",,,,0,0
CoA_Customer,960,,'현대일렉트릭앤에너지시스템,,,,,,0,0
CoA_Customer,961,,1034101703 - 9081627282,,DOOSAN HEAVY INDUSTRIES VIETNAM HAIPHONG CO.  LTD.,,,,0,0
CoA_Customer,962,,승산기업,,,,,,0,0
CoA_Customer,963,,우창페인트,,,,,,0,0
CoA_Customer,964,,㈜선화,,,,,,0,0
CoA_Customer,965,,'필리핀,,,,,,0,0
CoA_Customer,966,,해양생태기술연구소,,,,,,0,0
CoA_Customer,967,,"""4511485250",,International Paint Shanghai,,,,0,0
CoA_Customer,968,,미림페인트,,,,,,0,0
CoA_Customer,969,,싱가폴,,,,,,0,0
CoA_Customer,970,,태우기계㈜,,,,,,0,0
CoA_Customer,971,,중국 Putty,,,,,,0,0
CoA_Customer,972,,'현대중공업 (CIMC-17차) Yantai,,P-78 FPSO,,,,0,0
CoA_Customer,973,,'현대중공업 (CIMC-17차) Haiyang,,P-78 FPSO,,,,0,0
CoA_Customer,974,,현대중공업 (CIMC-LQ 8항차),,P-78 FPSO,,,,0,0
CoA_Customer,975,,강오도장산업,,,,,,0,0
CoA_Customer,976,,씨엔디엔지니어링,,,,,,0,0
CoA_Customer,977,,성진　,,,,,,0,0
CoA_Customer,978,,4511889270 - 9081990220,,Akzo Nobel Paints (Thailand) Limited,,,,0,0
CoA_Customer,979,,'효성중공업㈜,,,,,,0,0
CoA_Customer,980,,금동산업,,,,,,0,0
CoA_Customer,981,,'싱가폴,,,,,,0,0
CoA_Customer,982,,4511635036 - 9082157608,,International Paint Shanghai,,,,0,0
CoA_Customer,983,,거맥,,,,,,0,0
CoA_Customer,984,,'효성중공업(주)창원3공장,,Petrobras P-78,,,,0,0
CoA_Customer,985,,현대일렉트리앤에너지시스템,,,,,,0,0
CoA_Customer,986,,"효성중공업(주)창원3공장		",,"Petrobras P-78		",,,,0,0
CoA_Customer,987,,주식회사 썬프티즌,,,,,,0,0
CoA_Customer,988,,"현대중공업㈜		Petrobras P-78		",,"Petrobras P-78		",,,,0,0
CoA_Customer,989,,현대중공업 (CIMC-18차) Yantai,,P-78 FPSO,,,,0,0
CoA_Customer,990,,현대중공업 (CIMC-18차) Haiyang,,P-78 FPSO,,,,0,0
CoA_Customer,991,,현대중공업 (CIMC-LQ 9항차),,P-78 FPSO,,,,0,0
CoA_Customer,992,,아이앤아이테크,,,,,,0,0
CoA_Customer,993,,"두산에너빌리티 ㈜		",,"JAWA #9 10		",,,,0,0
CoA_Customer,994,,대리점- TEST,,현대 TEST,,,,0,0
CoA_Customer,995,,싱가포르 PO.4511745565 4511829572,,,,,,0,0
CoA_Customer,996,,현대중공업터보기계㈜,,,,,,0,0
CoA_Customer,997,,영국해상,,,,,,0,0
CoA_Customer,998,,말레이시아,,,,,,0,0
CoA_Customer,999,,"현대중공업 (CIMC-LQ 10항차)		",,"P-78 FPSO		",,,,0,0
CoA_Customer,1000,,Kaefer,,,,,,0,0
CoA_Customer,1001,,삼성중공업,,SN2333,,,,0,0
CoA_Customer,1002,,에스앤엠　,,보령화력 PJT　,,,,0,0
CoA_Customer,1003,,IP BRAZIL,,,,,,0,0
CoA_Customer,1004,,(주) 썬프리시즌,,,,,,0,0
CoA_Customer,1005,,'DSSC,,,,,,0,0
CoA_Customer,1006,,'두산에너빌리티 베트남,,,,,,0,0
CoA_Customer,1007,,"Doosan Enerbility Vietnam		",,,,,,0,0
CoA_Customer,1008,,"Doosan Vina Haiphong		",,,,,,0,0
CoA_Customer,1009,,'현대중공업 (Cosco 1-1 항차),,'HHI Shenandoah Project,,,,0,0
CoA_Customer,1010,,(주) 성도밸브,,,,,,0,0
CoA_Customer,1011,,유진기공㈜,,,,,,0,0
CoA_Customer,1012,,씨엠중공업,,당진화력 저탄장 PJT,,,,0,0
CoA_Customer,1013,,(주)썬프리시즌,,,,,,0,0
CoA_Customer,1014,,'싱가포르 PO.4511745565 4511829572,,,,,,0,0
CoA_Customer,1015,,중국 C'7 수출 건,,,,,,0,0
CoA_Customer,1016,,중국,,,,,,0,0
CoA_Customer,1017,,'현대중공업터보기계 주식회사,,,,,,0,0
CoA_Customer,1018,,'대우조선해양 ㈜,,,,,,0,0
CoA_Customer,1019,,'현대중공업 (CIMC-LQ 11항차),,P-78 FPSO,,,,0,0
CoA_Customer,1020,,'Doosan Enerbility Vietnam,,,,,,0,0
CoA_Customer,1021,,"현대중공업 (Cosco 1-2 항차)		",,"HHI Shenandoah Project		",,,,0,0
CoA_Customer,1022,,"현대일렉트릭앤에너지시스템		",,"	",,,,0,0
CoA_Customer,1023,,"International Paint of Shanghai Company Limited		",,,,,,0,0
CoA_Customer,1024,,Akzo Nobel International Paint (Suzhou) Co.  LTD,,,,,,0,0
CoA_Customer,1025,,CHINA MERCHANTS HEAVY INDUSTRY (JIANGSU)CO. LTD,,,,,,0,0
CoA_Customer,1026,,헤성블루텍,,,,,,0,0
CoA_Customer,1027,,해민중공업,,,,,,0,0
CoA_Customer,1028,,'Win&P,,CANADA,,,,0,0
CoA_Customer,1029,,Akzo Nobel Paints (Thailand) Limited Coatings?Chonburi?Branch,,,,,,0,0
CoA_Customer,1030,,'International Paint Singapore Pte Ltd,,싱가포르 PO.4512007907  4511823538  4512130073  4512111470  4512091569,,,,0,0
CoA_Customer,1031,,동성종합상사,,,,,,0,0
CoA_Customer,1032,,(주) 동성종합상사,,,,,,0,0
CoA_Customer,1033,,Akzo Nobel International Paint,,,,,,0,0
CoA_Customer,1034,,'DOOSAN HEAVY INDUSTRIES VIETNAM HAIPHONG CO.  LTD.,,,,,,0,0
CoA_Customer,1035,,lndonesia,,,,,,0,0
CoA_Customer,1036,,'COSCO SHIPPING HEAVY INDUSTRY (ZHOUSHAN) CO.  LTD,,2023년 1월 5일 HHI Shenandoah project 2,,,,0,0
CoA_Customer,1037,,"  DSME SHANDONG CO.  LTD. 		",,,,,,0,0
CoA_Customer,1038,,'현대중공업 (Cosco 2 항차),,'HHI Shenandoah Project,,,,0,0
CoA_Customer,1039,,Akzo Nobel Paints,,,,,,0,0
CoA_Customer,1040,,"현대중공업㈜				",,"SHWE 3 PJT			",,,,0,0
CoA_Customer,1041,,INSULTEC DURAGATE SDN.BHD,,,,,,0,0
CoA_Customer,1042,,서울에스앤피,,,,,,0,0
CoA_Customer,1043,,'현대중공업 (Cosco 3 항차),,'HHI Shenandoah Project,,,,0,0
CoA_Customer,1044,,㈜에스앤엠,,,,,,0,0
CoA_Customer,1045,,금성이엔씨,,,,,,0,0
CoA_Customer,1046,,한국씨스코㈜,,,,,,0,0
CoA_Customer,1047,,"5348844	KK52361065	1",,,,,,0,0
CoA_Customer,1048,,한국복합소재㈜,,,,,,0,0
CoA_Customer,1049,,'International Paint of Shanghai Company Limited,,,,,,0,0
CoA_Customer,1050,,코텍　,,,,,,0,0
CoA_Customer,1051,,㈜피에스산업,,,,,,0,0
CoA_Customer,1052,,'Beeremberg(Thailand) Co. Ltd,,,,,,0,0
CoA_Customer,1053,,고려호이스트,,,,,,0,0
CoA_Customer,1054,,조아해양산업,,,,,,0,0
CoA_Customer,1055,,PMS,,,,,,0,0
CoA_Customer,1056,,'DSME SHANDONG CO.  LTD.,,,,,,0,0
CoA_Customer,1057,,Masaaki Hatori,,,,,,0,0
CoA_Customer,1058,,(주)성현,,,,,,0,0
CoA_Customer,1059,,세원이앤씨,,,,,,0,0
CoA_Customer,1060,,(주)조일기업,,,,,,0,0
CoA_Customer,1061,,KS금상,,,,,,0,0
CoA_Customer,1062,,HYDRA ADMIRAL SDN BHD,,,,,,0,0
CoA_Customer,1063,,(즈)썬프리즌,,,,,,0,0
CoA_Customer,1064,,㈜성일에서아이엠,,,,,,0,0
CoA_Customer,1065,,'(주)동국S&C,,두산중공업/5.56MW,,,,0,0
CoA_Customer,1066,,'현대중공업(주),,Petrobras P-78,,,,0,0
CoA_Customer,1067,,티에이치중공업,,,,,,0,0
CoA_Customer,1068,,푸른에스앤피,,,,,,0,0
CoA_Customer,1069,,"현대중공업(주)		",," SHWE 3 PJT		",,,,0,0
CoA_Customer,1070,,Akzo Nobel International Paint Suzhou,,,,,,0,0
CoA_Customer,1071,,오성에스엔피,,,,,,0,0
CoA_Customer,1072,,선구산업,,,,,,0,0
CoA_Customer,1073,,AKZO NOBEL PTY LTD,,,,,,0,0
CoA_Customer,1074,,Akzo Nobel Paints (Thailand),,,,,,0,0
CoA_Customer,1075,,               (주)오성에스엔피,,,,,,0,0
CoA_Customer,1076,,                   (주) 유선,,,,,,0,0
CoA_Customer,1077,,(주)금성이앤씨,,하동화력저탄장,,,,0,0
CoA_Customer,1078,,(주) 신한정공,,,,,,0,0
CoA_Customer,1079,,High Flux PFP,,,,,,0,0
CoA_Customer,1080,,ABS 감사용,,,,,,0,0
CoA_Customer,1081,,현대중공업터보기계 ㈜,,,,,,0,0
CoA_Customer,1082,,㈜ 해광기업,,,,,,0,0
CoA_Customer,1083,,"현대중공업 (Cosco 4 항차)		",,"HHI Shenandoah Project		",,,,0,0
CoA_Customer,1084,,"IPJ		",,,,,,0,0
CoA_Customer,1085,,Akzonobel International Paint,,,,,,0,0
CoA_Customer,1086,,"International Paint Singapore Pte Ltd		",,"9083877032  9083877033  9083877034		",,,,0,0
CoA_Customer,1087,,COSCO (QINGDAO) SHIPS SUPPLY,,,,,,0,0
CoA_Customer,1088,,Brasil,,,,,,0,0
CoA_Customer,1089,,Beerenberg (Thailand) CO.  Ltd.,,,,,,0,0
CoA_Customer,1090,,Australasia,,,,,,0,0
CoA_Customer,1091,,가원도장,,,,,,0,0
CoA_Customer,1092,,"두산에너빌리티㈜		",,"Jawahapur FGD 3항차 	",,,,0,0
CoA_Customer,1093,,대성에스앤피,,,,,,0,0
CoA_Customer,1094,,CHINA MERCHANTS HEAVY INDUSTRY,,,,,,0,0
CoA_Customer,1095,,"International Paint (Hong Kong) Ltd.		",,,,,,0,0
CoA_Customer,1096,,에스더블유아이,,,,,,0,0
CoA_Customer,1097,,'International Paint (Hong Kong) Ltd.,,9084251544,,,,0,0
CoA_Customer,1098,,'현대중공업 (Cosco 5 항차),,'HHI Shenandoah Project,,,,0,0
CoA_Customer,1099,,케이엠씨밸브,,,,,,0,0
CoA_Customer,1100,,제이엔케이상사,,,,,,0,0
CoA_Customer,1101,,AKZO NOBEL VIETNAM LTD?,,,,,,0,0
CoA_Customer,1102,,(주) 조일기업,,,,,,0,0
CoA_Customer,1103,,승훈테크,,,,,,0,0
CoA_Customer,1104,,K.C.LTD,,,,,,0,0
CoA_Customer,1105,,"International Paint of Shanghai Company Limited	",,,,,,0,0
CoA_Customer,1106,,금호열처리,,,,,,0,0
CoA_Customer,1107,,세라,,,,,,0,0
CoA_Customer,1108,,(주)동성종합상사,,,,,,0,0
CoA_Customer,1109,,영광플랜트,,,,,,0,0
CoA_Customer,1110,,경인산업,,,,,,0,0
CoA_Customer,1111,,'에이치디현대중공업 주식회사,,Petrobras P-78,,,,0,0
CoA_Customer,1112,,케이씨,,,,,,0,0
CoA_Customer,1113,,AkzoNobel Vietnam Ltd,,,,,,0,0
CoA_Customer,1114,,"에이치디현대중공업 주식회사		",,"SHWE 3 PJT		",,,,0,0
CoA_Customer,1115,,서원상사,,,,,,0,0
CoA_Customer,1116,,케이앤씨,,,,,,0,0
CoA_Customer,1117,,"현대중공업 (CIMC-증치세 반영 건)		",,"P-78 FPSO		",,,,0,0
CoA_Customer,1118,,한국도장,,,,,,0,0
CoA_Customer,1119,,PT. BESTINDO UTAMA,,,,,,0,0
CoA_Customer,1120,,서울에스엔피,,,,,,0,0
CoA_Customer,1121,,"두산에너빌리티 ㈜		두산중공업 프로젝트 공통		",,"두산중공업 프로젝트 공통		",,,,0,0
CoA_Customer,1122,,"AKZO NOBEL VIETNAM LTD?		",,,,,,0,0
CoA_Customer,1123,,Chevron,,,,,,0,0
CoA_Customer,1124,,에이치디현대중공업 주식회사,,Petrobras P-78,,,,0,0
CoA_Customer,1125,,삼화기업,,,,,,0,0
CoA_Customer,1126,,'AKZO NOBEL PTY LTD,,,,,,0,0
CoA_Customer,1127,,대오씨앤씨,,,,,,0,0
CoA_Customer,1128,,Taiwan,,,,,,0,0
CoA_Customer,1129,,'Akzo Nobel International Paint (Suzhou) Co.  LTD,,,,,,0,0
CoA_Customer,1130,,주식회사 아주,,,,,,0,0
CoA_Customer,1131,,"Bumhan Vina Heavy Industries Company Limited.		",,,,,,0,0
CoA_Customer,1132,,COSCO Shipping Qidong Offshore Co. Ltd,,,,,,0,0
CoA_Customer,1133,,㈜ 유진엠씨,,,,,,0,0
CoA_Customer,1134,,알팟글로벌,,,,,,0,0
CoA_Customer,1135,,BJC HEAVY INDUSTRIES PUBLIC COMPANY LIMITED,,,,,,0,0
CoA_Customer,1136,,칸플랜트2공장,,,,,,0,0
CoA_Customer,1137,,SHI VOC,,,,,,0,0
CoA_Customer,1138,,우성기업,,,,,,0,0
CoA_Customer,1139,,아산,,,,,,0,0
CoA_Customer,1140,,코오롱데트컴퍼지트,,,,,,0,0
CoA_Customer,1141,,(주)오성에스앤피,,,,,,0,0
CoA_Customer,1142,,"두산중공업 (삼척 화력 FGD)		",,,,,,0,0
CoA_Customer,1143,,효두,,,,,,0,0
CoA_Customer,1144,,㈜ 아산,,,,,,0,0
CoA_Customer,1145,,이엠씨밸브,,,,,,0,0
CoA_Customer,1146,,동산토탈코팅,,,,,,0,0
CoA_Customer,1147,,㈜ 에스에스페인트,,,,,,0,0
CoA_Customer,1148,,㈜ 동성화인텍,,,,,,0,0
CoA_Customer,1149,,International Paint of Shanghai Company Limited,,,,,,0,0
CoA_Customer,1150,,현대중공업 (Cosco 6 항차),,HHI Shenandoah Project,,,,0,0
CoA_Customer,1151,,'PT. INTERNATIONAL PAINT INDONESIA,,,,,,0,0
CoA_Customer,1152,,광원중공업,,,,,,0,0
CoA_Customer,1153,,엑스테라,,,,,,0,0
CoA_Customer,1154,,웅진에스엔씨,,,,,,0,0
CoA_Customer,1155,,㈜썬프리시즌,,,,,,0,0
CoA_Customer,1156,,동성화인텍,,,,,,0,0
CoA_Customer,1157,,"현대일렉트릭		",,,,,,0,0
CoA_Customer,1158,,'Bumhan Vina Heavy Industries Company Limited.,,,,,,0,0
CoA_Customer,1159,,하이플럭스,,,,,,0,0
CoA_Customer,1160,,유진밸브,,,,,,0,0
CoA_Customer,1161,,레이어시스템,,,,,,0,0
CoA_Customer,1162,,수현산업,,,,,,0,0
CoA_Customer,1163,,㈜ 코리아디앤티,,,,,,0,0
CoA_Customer,1164,,Japan,,,,,,0,0
CoA_Customer,1165,,화승,,,,,,0,0
CoA_Customer,1166,,㈜ 썬프리시즌,,,,,,0,0
CoA_Customer,1167,,금화산업개발,,,,,,0,0
CoA_Customer,1168,,"(주)동국S&C				",,"두산중공업/5.56MW		",,,,0,0
CoA_Customer,1169,,Doosan Enerbility Vietnam,,,,,,0,0
CoA_Customer,1170,,㈜아산,,,,,,0,0
CoA_Customer,1171,,켐코페인트,,,,,,0,0
CoA_Customer,1172,,성현,,,,,,0,0
CoA_Customer,1173,,(자) 융신기업,,,,,,0,0
CoA_Customer,1174,,유신쇼트,,,,,,0,0
CoA_Customer,1175,,중원공사,,,,,,0,0
CoA_Customer,1176,,대오씨엔씨,,,,,,0,0
CoA_Customer,1177,,(자)융신기업,,,,,,0,0
CoA_Customer,1178,,SUNG DO VALVE,,,,,,0,0
CoA_Customer,1179,,남해상사,,,,,,0,0
CoA_Customer,1180,,Selangor,,,,,,0,0
CoA_Customer,1181,,"삼강엠앤티㈜		",,"BW BAROSSA		",,,,0,0
CoA_Customer,1182,,동서화인텍,,,,,,0,0
CoA_Customer,1183,,Qingdao,,,,,,0,0
CoA_Customer,1184,,JIANGSU,,,,,,0,0
CoA_Customer,1185,,"삼강엠엔티㈜		",,,,,,0,0
CoA_Customer,1186,,DAEUN Co.  Ltd.,,,,,,0,0
CoA_Customer,1187,,Bumhan Vina Heavy Industries Company Limited.,,,,,,0,0
CoA_Customer,1188,,"삼강엠엔티㈜ 		",,"BW BAROSSA		",,,,0,0
CoA_Customer,1189,,썬프리시즌,,,,,,0,0
CoA_Customer,1190,,피엠,,영흥화력PJT,,,,0,0
CoA_Customer,1191,,성하산업,,,,,,0,0
CoA_Customer,1192,,대아탱크터미널,,,,,,0,0
CoA_Customer,1193,,칸플랜트,,,,,,0,0
CoA_Customer,1194,,J&F,,,,,,0,0
CoA_Customer,1195,,"UNISON		",,"UNISON / U4-PLATFORM PMSG 5기		",,,,0,0
CoA_Customer,1196,,"현대중공업터보기계 주식회사		",,,,,,0,0
CoA_Customer,1197,,"PT. International Paint Indonesia		",,,,,,0,0
CoA_Customer,1198,,무진기연,,,,,,0,0
CoA_Customer,1199,,에스케이오션플랜트㈜,,BW BAROSSA,,,,0,0
CoA_Customer,1200,,LK월드,,,,,,0,0
CoA_Customer,1201,,"Akzo Nobel India Limited		",,,,,,0,0
CoA_Customer,1202,,제일HSP,,,,,,0,0
CoA_Customer,1203,,유성이엔지,,,,,,0,0
CoA_Customer,1204,,(주)우영이엔지,,,,,,0,0
CoA_Customer,1205,,(주) 옥련케미칼,,,,,,0,0
CoA_Customer,1206,,PT. Mdermott Indonesia,,,,,,0,0
CoA_Customer,1207,,COSCO Shipping Qidong Offshore,,,,,,0,0
CoA_Customer,1208,,국대해양,,,,,,0,0
CoA_Customer,1209,,피엠에스,,,,,,0,0
CoA_Customer,1210,,(주)아산,,,,,,0,0
CoA_Customer,1211,,"Akzo Nobel International Paint (Suzhou) Co.  LTD		",,,,,,0,0
CoA_Customer,1212,,SHI,,Petronas FLNG,,,,0,0
CoA_Customer,1213,,( 주) 아산,,,,,,0,0
CoA_Customer,1214,,남강도료 주식회사,,,,,,0,0
CoA_Customer,1215,,서울기계공업,,,,,,0,0
CoA_Customer,1216,,Hanwha Ocean,,NOC Gallaf,,,,0,0
CoA_Customer,1217,,진원하이드로릭,,,,,,0,0
CoA_Customer,1218,,대흥쿨러,,,,,,0,0
CoA_Customer,1219,,(주)티에스넥스젠,,　 알제리 AMOS Touch-up Paint,,,,0,0
CoA_Customer,1220,,Offshore Oil Engineering (Qingdao),,,,,,0,0
CoA_Customer,1221,,피엔피,,,,,,0,0
CoA_Customer,1222,,유진도료,,,,,,0,0
CoA_Customer,1223,,"Atlantic Gulf and Pacific Company of Manila  Inc.		",,,,,,0,0
CoA_Customer,1224,,서진페인트상사,,,,,,0,0
CoA_Customer,1225,,한영산업,,Hapag-Lloyd (H4372  Hanwha Ocean),,,,0,0
CoA_Customer,1226,,'Beerenberg (Thailand),,,,,,0,0
CoA_Customer,1227,,STP & I PUBLIC CO.  LTD.,,,,,,0,0
CoA_Customer,1228,,'STP & I PUBLIC,,,,,,0,0
CoA_Customer,1229,,"5552890	KK53255003	4",,,,,,0,0
CoA_Customer,1230,,에스케이오션플랜트,,BW BAROSSA,,,,0,0
CoA_Customer,1231,,Atlantic Gulf and Pacific Company of Manila  Inc.,,,,,,0,0
CoA_Customer,1232,,양산사무실,,,,,,0,0
CoA_Customer,1233,,신신폴리테크,,,,,,0,0
CoA_Customer,1234,,㈜오성에스앤피,,,,,,0,0
CoA_Customer,1235,,켐코,,,,,,0,0
CoA_Customer,1236,,"현대미포조선	",,NB4208,,,,0,0
CoA_Customer,1237,," INSULTEC DURAGATE SDN.BHD.		",,,,,,0,0
CoA_Customer,1238,,"Offshore Oil Engineering (Qingdao) Co.  Ltd		",,,,,,0,0
CoA_Customer,1239,,'Atlantic Gulf and Pacific Company of Manila  Inc.,,,,,,0,0
CoA_Customer,1240,,화성메탈㈜,,,,,,0,0
CoA_Customer,1241,,신영산업,,,,,,0,0
CoA_Customer,1242,,엘케에월드,,,,,,0,0
CoA_Customer,1243,,'International Paint Sdn Bhd,,,,,,0,0
CoA_Customer,1244,,하이플럭스 ㈜,,,,,,0,0
CoA_Customer,1245,,(주)아리울상사,,,,,,0,0
CoA_Customer,1246,,'Akzo Nobel India Limited,,,,,,0,0
CoA_Customer,1247,,SUNG DO VLAVE,,,,,,0,0
CoA_Customer,1248,,서원풍력기계,,,,,,0,0
CoA_Customer,1249,,"(주)동국S&C		",,"ENERCON/E70		",,,,0,0
CoA_Customer,1250,,수광산업㈜,,,,,,0,0
CoA_Customer,1251,,신영이앤씨㈜,,,,,,0,0
CoA_Customer,1252,,우연마린,,,,,,0,0
CoA_Customer,1253,,당진화력PJT,,,,,,0,0
CoA_Customer,1254,,와이케이에스,,,,,,0,0
CoA_Customer,1255,,오성에스앤피,,,,,,0,0
CoA_Customer,1256,,"SAMSUNG CNT		",,,,,,0,0
CoA_Customer,1257,,에이치제이중공업,,,,,,0,0
CoA_Customer,1258,,영풍정밀,,,,,,0,0
CoA_Customer,1259,,'COSCO Shipping Qidong Offshore Co. Ltd,,,,,,0,0
CoA_Customer,1260,,(주)이앤에스피,,,,,,0,0
CoA_Customer,1261,,㈜ 일신밸브,,,,,,0,0
CoA_Customer,1262,,"(주) 썬프리시즌 	Project Name",,,,,,0,0
CoA_Customer,1263,,㈜지에스코퍼레이션,,,,,,0,0
CoA_Customer,1264,,"(주)동국S&C		(주)동국S&C		",,"ENERCON/E82		",,,,0,0
CoA_Customer,1265,,"Akzo Nobel Paints (Thailand) Limited		",,,,,,0,0
CoA_Customer,1266,,미조페인트,,,,,,0,0
CoA_Customer,1267,,"(주)두나씨앤씨		",,,,,,0,0
CoA_Customer,1268,,"두산에너빌리티 (주)		",,"두산중공업 프로젝트 공통		",,,,0,0
CoA_Customer,1269,,'AKZONOBEL UAE PAINTS LLC,,,,,,0,0
CoA_Customer,1270,,㈜지에스코프레이션,,,,,,0,0
CoA_Customer,1271,,㈜삼신,,,,,,0,0
CoA_Customer,1272,,"성화산업㈜		",,,,,,0,0
CoA_Customer,1273,,다산씨앤피,,,,,,0,0
CoA_Customer,1274,,(주) 태양전기,,,,,,0,0
CoA_Customer,1275,,율성,,,,,,0,0
CoA_Customer,1276,,㈜ 남해상사,,,,,,0,0
CoA_Customer,1277,,'Beerenberg (Thailand) Co.  Ltd.,,,,,,0,0
CoA_Customer,1278,,보경테크,,,,,,0,0
CoA_Customer,1279,,화성메탈,,,,,,0,0
CoA_Customer,1280,,극동호이스트주식회사,,,,,,0,0
CoA_Customer,1281,,"(주)성일에스아이엠		",,,,,,0,0
CoA_Customer,1282,,일신밸브,,,,,,0,0
CoA_Customer,1283,,코리아에어맨,,,,,,0,0
CoA_Customer,1284,,에스에이치테크산업,,,,,,0,0
CoA_Customer,1285,,"BHI		",,,,,,0,0
CoA_Customer,1286,,"주식회사 보경테크		",,,,,,0,0
CoA_Customer,1287,,'Akzo Nobel Paints (Thailand) Limited,,,,,,0,0
CoA_Customer,1288,,㈜ 금문,,,,,,0,0
CoA_Customer,1289,,한영아이드로,,,,,,0,0
CoA_Customer,1290,,㈜지에스피코프레이션,,,,,,0,0
CoA_Customer,1291,,신명전기,,,,,,0,0
CoA_Customer,1292,,(주) 신성사,,,,,,0,0
CoA_Customer,1293,,(주) 금문,,,,,,0,0
CoA_Customer,1294,,주식회사 보경테크,,,,,,0,0
CoA_Customer,1295,,"(주)두나씨앤씨	",,,,,,0,0
CoA_Customer,1296,,나노씨엔피,,,,,,0,0
CoA_Customer,1297,,"VUNG ANG II THERMAL POWER LLC		",,,,,,0,0
CoA_Customer,1298,,㈜보경테크,,,,,,0,0
CoA_Customer,1299,,성빈EBS,,,,,,0,0
CoA_Customer,1300,,세영산업,,,,,,0,0
CoA_Customer,1301,,아주,,,,,,0,0
CoA_Customer,1302,,"Doosan Power Systems India Pvt. Ltd.		",,,,,,0,0
CoA_Customer,1303,,'Beerenberg (Thaiiland) CO. Ltd.,,,,,,0,0
CoA_Customer,1304,,IP Singapore,,,,,,0,0
CoA_Customer,1305,,㈜다나코팅스,,,,,,0,0
CoA_Customer,1306,,(주)남해상사,,,,,,0,0
CoA_Customer,1307,," International Paint of Shanghai Company Limited		",,,,,,0,0
CoA_Customer,1308,,트릴리엄,,,,,,0,0
CoA_Customer,1309,,"Gas Entec Co.  Limitede		",,,,,,0,0
CoA_Customer,1310,,알피아이,,,,,,0,0
CoA_Customer,1311,,' Akzo Nobel International Paint (Suzhou) Co.  LTD,,,,,,0,0
CoA_Customer,1312,,세인스틸,,,,,,0,0
CoA_Customer,1313,,부경ENG,,,,,,0,0
CoA_Customer,1314,,(주)서한공업,,,,,,0,0
CoA_Customer,1315,,금문,,,,,,0,0
CoA_Customer,1316,,"(주)엘케이월드		",,,,,,0,0
CoA_Customer,1317,,태광그린텍,,,,,,0,0
CoA_Customer,1318,,(주) 대양산업,,,,,,0,0
CoA_Customer,1319,,세일산업,,,,,,0,0
CoA_Customer,1320,,성빈,,,,,,0,0
CoA_Customer,1321,,'Samsung E&A Co. Ltd,,,,,,0,0
CoA_Customer,1322,,화승소재,,,,,,0,0
CoA_Customer,1323,,㈜대성상사,,,,,,0,0
CoA_Customer,1324,,(주) 대성상사,,,,,,0,0
CoA_Customer,1325,,케이엠에스㈜,,,,,,0,0
CoA_Customer,1326,,'AKZO NOBEL VIETNAM LTD?,,,,,,0,0
CoA_Customer,1327,,㈜대성메탈,,,,,,0,0
CoA_Customer,1328,,'AKZO NOBEL VIETNAM LTD,,,,,,0,0
CoA_Customer,1329,,(주) 이앤에스피,,,,,,0,0
CoA_Customer,1330,,㈜유진페인트,,,,,,0,0
CoA_Customer,1331,,미전테크 ㈜,,,,,,0,0
CoA_Customer,1332,,"AKZONOBEL UAE PAINTS LLC		",,,,,,0,0
CoA_Customer,1333,,"에스에이치엠		",,,,,,0,0
CoA_Customer,1334,,"Offshore Oil Engineering (Qingdao) Co.  Ltd.		",,,,,,0,0
CoA_Customer,1335,,㈜ 일승,,,,,,0,0
CoA_Customer,1336,,이제이(EJ)상사,,,,,,0,0
CoA_Customer,1337,,JS C&P,,,,,,0,0
CoA_Customer,1338,,남강도료 ㈜,,,,,,0,0
CoA_Customer,1339,,"가온페인트	",,,,,,0,0
CoA_Customer,1340,,현승산업,,,,,,0,0
CoA_Customer,1341,,코오롱데크컴퍼지트,,,,,,0,0
CoA_Customer,1342,,수광산업 ㈜,,,,,,0,0
CoA_Customer,1343,,우광산업,,,,,,0,0
CoA_Customer,1344,,수광산업(주),,,,,,0,0
CoA_Customer,1345,,"유니슨㈜		",,,,,,0,0
CoA_Customer,1346,,㈜제일HSP,,,,,,0,0
CoA_Customer,1347,,주성기업,,,,,,0,0
CoA_Customer,1348,,오륜산업개발,,,,,,0,0
CoA_Customer,1349,,하이에어코리아,,,,,,0,0
CoA_Customer,1350,,"코텍		",,,,,,0,0
CoA_Customer,1351,,"한화오션		",,"장보고-III Batch-II (H7721/7722)		",,,,0,0
CoA_Customer,1352,,태형산업,,,,,,0,0
CoA_Customer,1353,,대신기공,,,,,,0,0
CoA_Customer,1354,,덴코,,,,,,0,0
CoA_Customer,1355,, ABC케미칼,,,,,,0,0
CoA_Customer,1356,,HD현대미포 삼동스틸,,,,,,0,0
CoA_Customer,1357,,NK Class,,,,,,0,0
CoA_Customer,1358,,주) 유선,,,,,,0,0
CoA_Customer,1359,,신우,,,,,,0,0
CoA_Customer,1360,,빈도케미칼,,,,,,0,0
CoA_Customer,1361,,신익,,,,,,0,0
CoA_Customer,1362,,'Akzo Nobel Coatings Ltd.,,,,,,0,0
CoA_Customer,1363,,엔오씨케이,,,,,,0,0
CoA_Customer,1364,,엘코스틸,,,,,,0,0
CoA_Customer,1365,,'Beerenberg (Thailand) Co. Ltd.,,,,,,0,0
CoA_Customer,1366,,셈스코,,,,,,0,0
CoA_Customer,1367,,'Offshore Oil Engineering (Qingdao) Co.  Ltd.,,,,,,0,0
CoA_Customer,1368,,㈜창성,,,,,,0,0
CoA_Customer,1369,,㈜신명기공,,,,,,0,0
CoA_Customer,1370,,㈜비케이플랜텍,,,,,,0,0
CoA_Customer,1371,,PK VALVE,,,,,,0,0
CoA_Customer,1372,,㈜삼진플랜텍,,,,,,0,0
CoA_Customer,1373,,광흥산업,,,,,,0,0
CoA_Customer,1374,,신우페인트,,,,,,0,0
CoA_Customer,1375,,"㈜유진페인트		",,,,,,0,0
CoA_Customer,1376,,United Kingdom,,,,,,0,0
CoA_Customer,1377,,㈜유니슨,,제주 어름비,,,,0,0
CoA_Customer,1378,,명진종합상사,,,,,,0,0
CoA_Customer,1379,,한국키스톤발부,,,,,,0,0
CoA_Customer,1380,,㈜주은이앤씨,,,,,,0,0
CoA_Customer,1381,,㈜ 대운,,,,,,0,0
CoA_Customer,1382,,㈜ 엘케이월드,,,,,,0,0
CoA_Customer,1383,,세인스틸 세인스틸,,,,,,0,0
CoA_Customer,1384,,㈜ 두나씨앤씨,,,,,,0,0
CoA_Customer,1385,,㈜남강도료,,,,,,0,0
CoA_Customer,1386,,Akzo Nobel International Paint(Suzhou) Co.  Ltd,,,,,,0,0
CoA_Customer,1387,,Rloyd MED,,,,,,0,0
CoA_Customer,1388,,"세기케미칼		",,,,,,0,0
CoA_Customer,1389,,"링크유니버스 주식회사		",,,,,,0,0
CoA_Customer,1390,,전시관,,,,,,0,0
CoA_Customer,1391,,"㈜유선		",,,,,,0,0
CoA_Customer,1392,,(주)대성상사,,,,,,0,0
CoA_Customer,1393,,㈜대륭,,,,,,0,0
CoA_Customer,1394,,"두산에너빌리티 ㈜ 		",,,,,,0,0
CoA_Customer,1395,,㈜명신사,,,,,,0,0
CoA_Customer,1396,,"5348844	KK54190065	2",,,,,,0,0
CoA_Customer,1397,,한국가스기술공사,,,,,,0,0
CoA_Customer,1398,,킴애스앤피,,,,,,0,0
CoA_Customer,1399,,"Hanwha Ocean Co.  Ltd.		",,,,,,0,0
CoA_Customer,1400,,한국종합철관㈜,,,,,,0,0
CoA_Customer,1401,,Akzo Nobel International Paint(Suzhou) Co . LTD,,,,,,0,0
CoA_Customer,1402,,안산,,,,,,0,0
CoA_Customer,1403,,삼진플랜텍,,,,,,0,0
CoA_Customer,1404,,태창,,,,,,0,0
CoA_Customer,1405,,마스타케미칼,,,,,,0,0
CoA_Customer,1406,,중부 쇼트,,,,,,0,0
CoA_Customer,1407,,대륭,,,,,,0,0
CoA_Customer,1408,,금호도장,,,,,,0,0
CoA_Customer,1409,,나노씨엠피,,,,,,0,0
CoA_Customer,1410,,미래씨엔씨,,,,,,0,0
CoA_Customer,1411,,11,,,,,,0,0
CoA_Customer,1412,,(주)세라,,,,,,0,0
CoA_Customer,1413,,AKZO NOBEL INTERNATIONAL,,,,,,0,0
CoA_Customer,1414,,㈜ 티에스넥스젠,,한울3발 기계부 방화댑퍼3품목,,,,0,0
CoA_Customer,1415,,㈜경성산업,,,,,,0,0
CoA_Customer,1416,,태풍투어랜드,,,,,,0,0
CoA_Customer,1417,,성은페인트,,,,,,0,0
CoA_Customer,1418,,New Zealand,,,,,,0,0
CoA_Customer,1419,,"VietNam		",,,,,,0,0
CoA_Customer,1420,,"Doosan Enerbility Vietnam Co.  Ltd (Doosan Vina)		",,,,,,0,0
CoA_Customer,1421,,성도이엔지,,,,,,0,0
CoA_Customer,1422,,삼화피앤씨,,,,,,0,0
CoA_Customer,1423,,경기도안성,,,,,,0,0
CoA_Customer,1424,,㈜성도,,,,,,0,0
CoA_Customer,1425,,"케이엘코리아㈜		",,,,,,0,0
CoA_Customer,1426,,거맥에스엔피,,,,,,0,0
CoA_Customer,1427,,성은페인트상사,,,,,,0,0
CoA_Customer,1428,,ADC현장,,,,,,0,0
CoA_Customer,1429,,(주) 위스코,,,,,,0,0
CoA_Customer,1430,,서진페인트,,,,,,0,0
CoA_Customer,1431,,"DOOSAN Enerbility Co.  Ltd		",,,,,,0,0
CoA_Customer,1432,,"㈜엔알텍		",,,,,,0,0
CoA_Customer,1433,,(주)성도,,,,,,0,0
CoA_Customer,1434,,㈜세라,,,,,,0,0
CoA_Customer,1435,,'International Paint (Taiwan) Ltd.,,,,,,0,0
CoA_Customer,1436,,링크유니버스 주식회사,,,,,,0,0
CoA_Customer,1437,,성도,,,,,,0,0
CoA_Customer,1438,,화천기공㈜,,,,,,0,0
CoA_Customer,1439,,㈜정주상사,,,,,,0,0
CoA_Customer,1440,,(주)대신기공,,,,,,0,0
CoA_Customer,1441,,(주)덕지산업,,,,,,0,0
CoA_Customer,1442,,㈜금오중공업,,,,,,0,0
CoA_Customer,1443,,' Beerenberg (Thailand) Co.  Ltd.,,,,,,0,0
CoA_Customer,1444,,"Akzo Nobel UAE Paints LLC		",,,,,,0,0
CoA_Customer,1445,,(주)금문,,,,,,0,0
CoA_Customer,1446,,㈜ 태양전기,,,,,,0,0
CoA_Customer,1447,,"(주) 태양전기		",,,,,,0,0
CoA_Customer,1448,,㈜ 신성사,,,,,,0,0
CoA_Customer,1449,,㈜ 성도,,,,,,0,0
CoA_Customer,1450,,신광페인트,,,,,,0,0
CoA_Customer,1451,,SAMPLE TEST,,FOR TEST,,,,0,0
CoA_Customer,1452,,"㈜두나씨앤씨		",,,,,,0,0
CoA_Customer,1453,,대화기공㈜,,,,,,0,0
CoA_Customer,1454,,링크유니버스㈜,,,,,,0,0
CoA_Customer,1455,,세일산업기계,,,,,,0,0
CoA_Customer,1456,,(주) 성도,,,,,,0,0
CoA_Customer,1457,,(주)은다승,,,,,,0,0
CoA_Customer,1458,,청룡산업,,,,,,0,0
CoA_Customer,1459,,"보영이엔지		",,,,,,0,0
CoA_Customer,1460,,보영이엔지,,,,,,0,0
CoA_Customer,1461,,일진기계,,METSO,,,,0,0
CoA_Customer,1462,,BHI,,,,,,0,0
CoA_Customer,1463,,"㈜거맥에스엔피		",,,,,,0,0
CoA_Customer,1464,,"'Akzo Nobel International Paint (Suzhou) Co.  LTD		",,,,,,0,0
CoA_Customer,1465,,'Hanwha Ocean Co.  Ltd.,,,,,,0,0
CoA_Customer,1466,,이케이중공업,,,,,,0,0
CoA_Customer,1467,,Kuyngsung Industry,,,,,,0,0
CoA_Customer,1468,,삼원테크노㈜,,,,,,0,0
CoA_Customer,1469,,대양산업,,,,,,0,0
CoA_Customer,1470,,창성,,,,,,0,0
CoA_Customer,1471,,NOV,,,,,,0,0
CoA_Customer,1472,,"ASIAN MARINE SERVICES PUBLIC CO. LTD.		",,,,,,0,0
CoA_Customer,1473,,"""	International Paint Singapore Pte Ltd""		",,,,,,0,0
CoA_Customer,1474,,"㈜동국S&C		",,"ENERCON/E82		",,,,0,0
CoA_Customer,1475,,대림페인트,,,,,,0,0
CoA_Customer,1476,,(주) 세라,,,,,,0,0
CoA_Customer,1477,,H4364 Singapore Express 호선,,,,,,0,0
CoA_Customer,1478,,호경피앤에스,,S-OIL Shaheen PJT,,,,0,0
CoA_Customer,1479,,'STP & I PUBLIC CO.  LTD.,,,,,,0,0
CoA_Customer,1480,,"THE MASTER OF M/T SEAHAWK C/O MKP SHIPPING CO.  LTD. - NHATRANG BR		",,,,,,0,0
CoA_Customer,1481,,성신디페스솔루션,,,,,,0,0
CoA_Customer,1482,,H-4364,,,,,,0,0
CoA_Customer,1483,,㈜ 케이씨씨상사,,,,,,0,0
CoA_Customer,1484,,케이파이브이앤지(주),,,,,,0,0
CoA_Customer,1485,,"LINK UNIVERSE Co. Ltd.		",,,,,,0,0
CoA_Customer,1486,,C.U.P,,,,,,0,0
CoA_Customer,1487,,KIB PLUG ENERGY Co.Ltd.,,,,,,0,0
CoA_Customer,1488,,Hapag Lloyd WBT,,,,,,0,0
CoA_Customer,1489,,"YS플랜트	",,,,,,0,0
CoA_Customer,1490,,아이엠씨 이엔지,,,,,,0,0
CoA_Customer,1491,,"WINNING CONSORTIUM INTERNATIONAL ENGINEERING SA		",,,,,,0,0
CoA_Customer,1492,,"삼성중공업㈜		",,,,,,0,0
CoA_Customer,1493,,'AkzoNobel India Ltd,,,,,,0,0
CoA_Customer,1494,,"(주)에이치제이중공업		",,,,,,0,0
CoA_Customer,1495,,㈜지에스피코퍼레이션,,,,,,0,0
CoA_Customer,1496,,일진에어테크,,Metso,,,,0,0
CoA_Customer,1497,,마스터케미칼,,,,,,0,0
CoA_Customer,1498,,㈜서흥엔지니어링,,,,,,0,0
CoA_Customer,1499,,Kyngsung Industry,,,,,,0,0
CoA_Customer,1500,,건설피앤씨,,,,,,0,0
CoA_Customer,1501,,성빈 EBS,,,,,,0,0
CoA_Customer,1502,,에이스탑테크,,,,,,0,0
CoA_Customer,1503,,GS엔텍,,,,,,0,0
CoA_Customer,1504,,㈜ 유진페인트,,,,,,0,0
CoA_Customer,1505,,'International Paint (Houston) R&D,,,,,,0,0
CoA_Customer,1506,,창성도장,,,,,,0,0
CoA_Customer,1507,,㈜에이치제이중공업,,,,,,0,0
CoA_Customer,1508,,이엔케이,,,,,,0,0
CoA_Customer,1509,,P&S 칠서피앤에스,,,,,,0,0
CoA_Customer,1510,,'INTERNATIONAL PAINT - MEGA WAREHOUSE,,,,,,0,0
CoA_Customer,1511,," Akzo Nobel UAE Paints LLC		",,,,,,0,0
CoA_Customer,1512,,P&S  칠서피앤에스,,,,,,0,0
CoA_Customer,1513,,'AKZO NOBEL INTERNATIONAL PAINT (SUZHOU) CO.  LT,,,,,,0,0
CoA_Customer,1514,,엠티씨(주),,,,,,0,0
CoA_Customer,1515,,칠서피앤에스,,,,,,0,0
CoA_Customer,1516,,성남엔지니어링,,,,,,0,0
CoA_Customer,1517,,링크유니버스,,,,,,0,0
CoA_Customer,1518,,IP Houston,,,,,,0,0
CoA_Customer,1519,,일진종합상사,,,,,,0,0
CoA_Customer,1520,,"양지페인트		",,,,,,0,0
CoA_Customer,1521,,케이제이,,,,,,0,0
CoA_Customer,1522,,한국케이밸브(주),,,,,,0,0
CoA_Customer,1523,,FLNG,,,,,,0,0
CoA_Customer,1524,," INTERNATIONAL PAINT - MEGA WAREHOUSE		",,,,,,0,0
CoA_Customer,1525,,에코셋,,,,,,0,0
CoA_Customer,1526,,"신명기공		",,,,,,0,0
CoA_Customer,1527,,(주) 거맥에스엔피,,,,,,0,0
CoA_Customer,1528,,서부현대,,,,,,0,0
CoA_Customer,1529,,성진A&A,,,,,,0,0
CoA_Customer,1530,,이제이상사,,,,,,0,0
CoA_Customer,1531,,융진,,,,,,0,0
CoA_Customer,1532,,"(주)삼신		",,,,,,0,0
CoA_Customer,1533,,한미테크윈㈜,,,,,,0,0
CoA_Customer,1534,,가야종합페인트,,,,,,0,0
CoA_Customer,1535,,대진상사(수출용),,,,,,0,0
CoA_Customer,1536,,코오롱스페이스웍스,,,,,,0,0
CoA_Customer,1537,,아신케미텍,,,,,,0,0
CoA_Customer,1538,,광신조선소,,,,,,0,0
CoA_Customer,1539,,지우콜,,,,,,0,0
CoA_Customer,1540,,한국케이벨브(주),,,,,,0,0
CoA_Customer,1541,,"5348844	KK55041096	2",,,,,,0,0
CoA_Customer,1542,,"GE Vernova		",,,,,,0,0
CoA_Customer,1543,,한화오션,,,,,,0,0
CoA_Customer,1544,,태영이엔지,,,,,,0,0
CoA_Customer,1545,,IP Suzhou,,,,,,0,0
CoA_Customer,1546,,PPJ KOREA,,,,,,0,0
CoA_Customer,1547,,화성밸브㈜,,,,,,0,0
CoA_Customer,1548,,유나산업,,,,,,0,0
CoA_Customer,1549,,"두산에너빌리티(베트남)		",,,,,,0,0
CoA_Customer,1550,,대혁산업,,,,,,0,0
CoA_Customer,1551,,㈜동남,,,,,,0,0
CoA_Customer,1552,,오식도동,,,,,,0,0
CoA_Customer,1553,,삼원테크노,,,,,,0,0
CoA_Customer,1554,,그린테크,,,,,,0,0
CoA_Customer,1555,,GF KOREA,,,,,,0,0
CoA_Customer,1556,,극동호이스트(주),,,,,,0,0
CoA_Customer,1557,,"삼신		",,,,,,0,0
CoA_Customer,1558,,"두산에너빌리티		",,"QT1 STG PJT		",,,,0,0
CoA_Customer,1559,,삼진에스피,,,,,,0,0
CoA_Customer,1560,,금오중공업,,,,,,0,0
CoA_Customer,1561,,IP Australia,,,,,,0,0
CoA_Customer,1562,,"(주)대운		",,,,,,0,0
CoA_Customer,1563,,태양산업,,,,,,0,0
CoA_Customer,1564,,대호유엔씨,,,,,,0,0
CoA_Customer,1565,,'AKZO NOBEL LTDA. (MC/WC -SANTO-ANDRE),,,,,,0,0
CoA_Customer,1566,,㈜대원도료상사,,,,,,0,0
CoA_Customer,1567,,해군용,,,,,,0,0
CoA_Customer,1568,,"링크유니버스		",,,,,,0,0
CoA_Customer,1569,,신안종합상사,,,,,,0,0
CoA_Customer,1570,,"GF KOREA		",,,,,,0,0
CoA_Customer,1571,,서원피앤씨,,,,,,0,0
CoA_Customer,1572,,"명신사		",,,,,,0,0
CoA_Customer,1573,,"두산에너빌리티 ㈜			",,"두산중공업 프로젝트 공통		",,,,0,0
CoA_Customer,1574,,"HJ중공업		",,,,,,0,0
CoA_Customer,1575,,"㈜항남		",,,,,,0,0
CoA_Customer,1576,,㈜신성사,,,,,,0,0
CoA_Customer,1577,,케이젯정밀,,,,,,0,0
CoA_Customer,1578,,"㈜유선					",,,,,,0,0
CoA_Customer,1579,,대원하이테크,,,,,,0,0
CoA_Customer,1580,,"KL KOREA		",,,,,,0,0
CoA_Customer,1581,,거맥SNP,,,,,,0,0
CoA_Customer,1582,,태창ENG,,,,,,0,0
CoA_Customer,1583,,환경부,,,,,,0,0
CoA_Customer,1584,,㈜한국야나세 통영조선소,,,,,,0,0
CoA_Customer,1585,,서원피엔씨,,,,,,0,0
CoA_Customer,1586,,(주) 세기케미칼,,,,,,0,0
CoA_Customer,1587,,"5547749	KK55123054	7",,,,,,0,0
CoA_Customer,1588,,CTS KOREA,,,,,,0,0
CoA_Customer,1589,,주식회사 극동호이스트,,,,,,0,0
CoA_Customer,1590,,비에스 이앤씨,,,,,,0,0
CoA_Customer,1591,,㈜지에스피코프레에션,,,,,,0,0
CoA_Customer,1592,,대원도료,,,,,,0,0
CoA_Customer,1593,,패스코(주),,,,,,0,0
CoA_Customer,1594,,터치플랜,,,,,,0,0
CoA_Customer,1595,,MTC(주),,,,,,0,0
CoA_Customer,1596,,군수용 납품 TEST,,,,,,0,0
CoA_Customer,1597,,효림중공업,,,,,,0,0
CoA_Customer,1598,,엔알테크,,,,,,0,0
CoA_Customer,1599,,(주)엔알텍,,,,,,0,0
CoA_Customer,1600,,효두에스엔피,,,,,,0,0
CoA_Customer,1601,,서강테크,,,,,,0,0
CoA_Customer,1602,,퍼스컴프,,,,,,0,0
CoA_Customer,1603,,"화성메탈㈜		",,,,,,0,0
CoA_Customer,1604,,DAYE SREAL HEAT EXCHANGER CO.LTD,,,,,,0,0
CoA_Customer,1605,,(주)에이치케이금속,,,,,,0,0
CoA_Customer,1606,,㈜금문,,,,,,0,0
CoA_Customer,1607,,비에스이앤씨,,,,,,0,0
CoA_Customer,1608,,Samsung C&T,,,,,,0,0
CoA_Customer,1609,,주신기업,,,,,,0,0
CoA_Customer,1610,,음성공장,,,,,,0,0
CoA_Customer,1611,,이제이 상사,,,,,,0,0
CoA_Customer,1612,,아무게,,abc,,,,0,0
CoA_Customer,1613,,비에스이엔씨,,,,,,0,0
CoA_Customer,1614,,"비케이플랜텍		",,,,,,0,0
CoA_Customer,1615,,Bumhan Vina Heavy Industries Company Limited,,,,,,0,0
CoA_Customer,1616,,남광,,,,,,0,0
CoA_Customer,1617,,"플로우 마스터		",,,,,,0,0
CoA_Customer,1618,,"Winning Alliance Ports SA		",,,,,,0,0
CoA_Customer,1619,,"(주)광진		",,,,,,0,0
CoA_Customer,1620,,웅지,,,,,,0,0
CoA_Customer,1621,,(주)삼원이앤비,,,,,,0,0
CoA_Customer,1622,,해군잠수함,,,,,,0,0
CoA_Customer,1623,,"AKZO NOBEL VIETNAM LTD 		",,,,,,0,0
CoA_Customer,1624,,에이치케이금속,,,,,,0,0
CoA_Customer,1625,,에스 앤엠,,,,,,0,0
CoA_Customer,1626,,"두산에너빌리티 ㈜		안동복합		",,,,,,0,0
CoA_Customer,1627,,효림산업,,,,,,0,0
CoA_Customer,1628,,광진,,,,,,0,0
CoA_Customer,1629,,하동화력,,,,,,0,0
CoA_Customer,1630,,무지개,,,,,,0,0
CoA_Customer,1631,,㈜에스제이테크,,,,,,0,0
CoA_Customer,1632,,'INTERNATIONAL PAINT LTD,,,,,,0,0
CoA_Customer,1633,,제이마린,,,,,,0,0
CoA_Customer,1634,,"에스엔피씨		",,"	",,,,0,0
CoA_Customer,1635,,디케이엠이㈜,,,,,,0,0
CoA_Customer,1636,,'International Paint Taiwan Ltd,,,,,,0,0
CoA_Customer,1637,,(주)'성일에스아이엠,,,,,,0,0
CoA_Customer,1638,,대나코팅스,,,,,,0,0
CoA_Customer,1639,,성보S&P,,,,,,0,0
CoA_Customer,1640,,태창이엔지,,,,,,0,0
CoA_Customer,1641,,"성보S&P		",,,,,,0,0
CoA_Customer,1642,,㈜에에치제이중공업,,,,,,0,0
CoA_Customer,1643,,한일뉴즈,,,,,,0,0
CoA_Customer,1644,,대륜,,,,,,0,0
CoA_Customer,1645,,㈜광진,,,,,,0,0
CoA_Customer,1646,,(주)대원마린텍,,,,,,0,0
CoA_Customer,1647,,삼신,,,,,,0,0
CoA_Customer,1648,,에너지엔 (수출용),,,,,,0,0
CoA_Customer,1649,,Knutsen,,,,,,0,0
CoA_Customer,1650,,"㈜광진		",,,,,,0,0
CoA_Customer,1651,,㈜에스에이치기업,,,,,,0,0
CoA_Customer,1652,,a,,,,,,0,0
CoA_Customer,1653,,태영태크,,,,,,0,0
CoA_Customer,1654,,태극페인트,,,,,,0,0
CoA_Customer,1655,,'AkzoNobel India Ltd ,,,,,,0,0
CoA_Customer,1656,,해솔,,,,,,0,0
CoA_Customer,1657,,LR Audit,,,,,,0,0
CoA_Customer,1658,,(주)에스제이테크,,,,,,0,0
CoA_Customer,1659,,(주)에스에이치기업,,,,,,0,0
CoA_Customer,1660,,㈜두나씨엔씨,,,,,,0,0
CoA_Customer,1661,,플로우 마스터,,,,,,0,0
CoA_Customer,1662,,㈜씨티에스코리아,,,,,,0,0
CoA_Customer,1663,,"AKZO NOBEL VIETNAM LTD		",,,,,,0,0
CoA_Customer,1664,,에이치디현대일렉트릭,,,,,,0,0
CoA_Customer,1665,,청보이엔아이,,,,,,0,0
CoA_Customer,1666,,디엔에이,,,,,,0,0
CoA_Customer,1667,,평화건설,,,,,,0,0
CoA_Customer,1668,,한국도장기술,,,,,,0,0
CoA_Customer,1669,,대창기업,,,,,,0,0
CoA_Customer,1670,,씨티에스코리아,,,,,,0,0
CoA_Customer,1671,,한국에스엔피,,,,,,0,0
CoA_Customer,1672,,에스에이치기업,,,,,,0,0
CoA_Customer,1673,,GW테크,,,,,,0,0
CoA_Customer,1674,,SNPC,,,,,,0,0
CoA_Customer,1675,,에이치케이,,,,,,0,0
CoA_Customer,1676,,(주)화성메탈,,,,,,0,0
CoA_Customer,1677,,Audit,,,,,,0,0
CoA_Customer,1678,,"평화건설		",,,,,,0,0
CoA_Customer,1679,,테크플라워,,,,,,0,0
CoA_Customer,1680,,이필,,,,,,0,0
CoA_Customer,1681,,DKME,,,,,,0,0
CoA_Customer,1682,,대원실업,,,,,,0,0
CoA_Customer,1683,,HK,,,,,,0,0
CoA_Customer,1684,,(주)신성사,,,,,,0,0
CoA_Customer,1685,,위더스이엔씨,,,,,,0,0
CoA_Customer,1686,,Audit 감사용,,,,,,0,0
CoA_Customer,1687,,베스트 카본,,,,,,0,0
CoA_Customer,1688,,' International Paint of Shanghai Co Ltd,,,,,,0,0
CoA_Customer,1689,," International Paint of Shanghai Co Ltd		",,,,,,0,0
CoA_Customer,1690,,강남조선,,,,,,0,0
CoA_Customer,1691,,IP Malaysia,,,,,,0,0
CoA_Customer,1692,,오피텍,,,,,,0,0
CoA_Customer,1693,,장원이엔지,,,,,,0,0
CoA_Customer,1694,,NOV KOREA,,,,,,0,0
CoA_Customer,1695,,문성,,,,,,0,0
CoA_Customer,1696,,"International Paint of Shanghai Co Ltd		",,,,,,0,0
CoA_Customer,1697,,코모토,,,,,,0,0
CoA_Customer,1698,,V,,,,,,0,0
CoA_Customer,1699,,"두나씨앤씨		",,,,,,0,0
CoA_Customer,1700,,남강아이앤씨,,,,,,0,0
CoA_Customer,1701,,"신동상사		",,,,,,0,0
CoA_Customer,1702,,디케이엠이,,,,,,0,0
CoA_Customer,1703,,롯데케미칼,,,,,,0,0
CoA_Customer,1704,,한국선급 감사용,,,,,,0,0
CoA_Customer,1705,,에이스피앤아이,,,,,,0,0
CoA_Customer,1706,,티엔티테크,,,,,,0,0
CoA_Customer,1707,,용광후렉시블공업,,,,,,0,0
CoA_Customer,1708,,부흥,,,,,,0,0
CoA_Customer,1709,,다드림 산업,,,,,,0,0
CoA_Customer,1710,,"유신쇼트		",,,,,,0,0
CoA_Customer,1711,,통일보일러,,,,,,0,0
CoA_Customer,1712,,티앤티테크,,,,,,0,0
CoA_Customer,1713,,"Doosan Enerbility		",,,,,,0,0
CoA_Customer,1714,,혜인선박,,,,,,0,0
CoA_Customer,1715,,(주)에이치제이중공업,,,,,,0,0
CoA_Customer,1716,,㈜세기케미칼,,,,,,0,0
CoA_Customer,1717,,HK금속,,,,,,0,0
CoA_Customer,1718,,"International Paint (Hong Kong) Ltd		",,,,,,0,0
CoA_Customer,1719,,"International Paint LLC		",,,,,,0,0
CoA_Customer,1720,,대영산업,,,,,,0,0
CoA_Customer,1721,,"International Paint (Nederland) B.V.		",,,,,,0,0
CoA_Customer,1722,,COOEC,,,,,,0,0
CoA_Customer,1723,,한국씨스코,,,,,,0,0
CoA_Customer,1724,,해송이엔지,,,,,,0,0
CoA_Customer,1725,,화성밸브,,,,,,0,0
CoA_Customer,1726,,"HD HYUNDAI ECO VINA Co. Ltd		",,,,,,0,0
CoA_Customer,1727,,"International Paint Hong Kong Limited		",,,,,,0,0
CoA_Customer,1728,,"AKZO NOBEL PTY LTD.		",,,,,,0,0
CoA_Customer,1729,,씨피엔씨,,,,,,0,0
CoA_Customer,1730,,운진산업,,,,,,0,0
CoA_Customer,1731,,"코모토		",,,,,,0,0
CoA_Customer,1732,,"반도케미칼		",,,,,,0,0
CoA_Customer,1733,,ABS Audit,,,,,,0,0
CoA_Customer,1734,,"International Paint Taiwan Ltd		",,,,,,0,0
CoA_Customer,1735,,장원,,,,,,0,0
CoA_Customer,1736,,'AKZO NOBEL PTY LTD.,,,,,,0,0
CoA_Customer,1737,,포스코모빌리티,,,,,,0,0
CoA_Customer,1738,,무지개 피앤피,,,,,,0,0
CoA_Customer,1739,,케이씨상사,,,,,,0,0
CoA_Customer,1740,,호평,,,,,,0,0
CoA_Customer,1741,,"페인트나라		",,,,,,0,0
CoA_Customer,1742,,메인테크,,,,,,0,0
CoA_Customer,1743,,'International Paint of Shanghai Co Ltd,,,,,,0,0
CoA_Customer,1744,,베스트카본,,,,,,0,0
CoA_Customer,1745,,알엔텍,,,,,,0,0
CoA_Customer,1746,,에스앤앰,,,,,,0,0
CoA_Customer,1747,,(주) 피엠,,,,,,0,0
CoA_Customer,1748,,㈜영남테크,,,,,,0,0
CoA_Customer,1749,,성진  AOA,,,,,,0,0
CoA_Customer,1750,,㈜피엠,,,,,,0,0
CoA_Customer,1751,,제일 HSP,,,,,,0,0
CoA_Customer,1752,,현남,,,,,,0,0
CoA_Customer,1753,,"HD현대중공업		",,,,,,0,0
CoA_Customer,1754,,㈜장원,,,,,,0,0
CoA_Customer,1755,,"URP		",,,,,,0,0
CoA_Customer,1756,,"Akzo Nobel Saudi Arabia Ltd		",,,,,,0,0
CoA_Customer,1757,,신아플랜트서비스(주),,,,,,0,0
CoA_Customer,1758,,현대건설㈜,,신한울3 4호기,,,,0,0
CoA_Customer,1759,,동양기계,,,,,,0,0
CoA_Customer,1760,,㈜씨이엠,,,,,,0,0
CoA_Customer,1761,,(주)금오중공업,,,,,,0,0
CoA_Customer,1762,,㈜정수이앤지,,,,,,0,0
CoA_Customer,1763,,㈜청운,,,,,,0,0
CoA_Customer,1764,,제너랄일렉트릭글로벌서비스,,1호기,,,,0,0
CoA_Customer,1765,,"대연상사		",,,,,,0,0
CoA_Customer,1766,,서진에스엔피,,,,,,0,0
CoA_Customer,1767,,TPH Audit,,,,,,0,0
CoA_Customer,1768,,예은산업,,,,,,0,0
CoA_Customer,1769,,"MEGAPAINT CORPORATION		",,,,,,0,0
CoA_Customer,1770,,한미태크윈(주),,,,,,0,0
CoA_Customer,1771,,SNT ENERGY,,,,,,0,0
CoA_Customer,1772,,㈜화성밸브,,,,,,0,0
CoA_Customer,1773,,수연호,,,,,,0,0
CoA_Customer,1774,,유니콘시스템,,,,,,0,0
CoA_Customer,1775,,"Akzo Nobel International Paint (Suzhou) Co. LTD		",,,,,,0,0
CoA_Customer,1776,,청운,,,,,,0,0
CoA_Customer,1777,,삼남엔지니어링,,,,,,0,0
CoA_Customer,1778,,"PT International Paint Indonesia		",,,,,,0,0
CoA_Customer,1779,,지평선산업,,,,,,0,0
CoA_Customer,1780,,"SNT ENERGY		",,,,,,0,0
CoA_Customer,1781,,태풍투어낚시,,,,,,0,0
CoA_Customer,1782,,랙시움,,,,,,0,0
CoA_Customer,1783,,나경,,,,,,0,0
CoA_Customer,1784,,(유)태영이엔지,,,,,,0,0
CoA_Customer,1785,,태우기계(주),,,,,,0,0
CoA_Customer,1786,,N/A,,,,,,0,0
CoA_Customer,1787,,㈜한양엠텍,,,,,,0,0
CoA_Customer,1788,,석문,,,,,,0,0
CoA_Customer,1789,,"5548289	KK55266004	4",,,,,,0,0
CoA_Customer,1790,,"카이치코리아		",,,,,,0,0
CoA_Customer,1791,,백두 에스앤피,,,,,,0,0
CoA_Customer,1792,," Akzo Nobel International Paint (Suzhou) Co.  LTD		",,,,,,0,0
CoA_Customer,1793,,㈜케이씨씨상사,,,,,,0,0
CoA_Customer,1794,,"(주)두나씨앤씨 		",,,,,,0,0
CoA_Customer,1795,,삼일씨엔에스,,,,,,0,0
CoA_Customer,1796,,다산씨엔피,,,,,,0,0
CoA_Customer,1797,,233,,,,,,0,0
CoA_Customer,1798,,비어렌버그코리아,,,,,,0,0
CoA_Customer,1799,,무한페엔에스,,,,,,0,0
CoA_Customer,1800,,에이치디현대중공업 에이치디현대중공업 주식회사,,Trion FPU,,,,0,0
CoA_Customer,1801,,서진에스앤피,,,,,,0,0
CoA_Customer,1802,,우린기업,,,,,,0,0
CoA_Customer,1803,,"제너랄 일렉트릭 글로벌서비스		",,,,,,0,0
CoA_Customer,1804,,화천기공,,,,,,0,0
CoA_Customer,1805,,에스더불아이,,,,,,0,0
CoA_Customer,1806,,"코리아쇼트		",,,,,,0,0
CoA_Customer,1807,,"씨티에스코리아		",,,,,,0,0
CoA_Customer,1808,,한국메이드,,,,,,0,0
CoA_Customer,1809,," International Paint Singapore Pte Ltd		",,,,,,0,0
CoA_Customer,1810,,정주,,,,,,0,0
CoA_Customer,1811,,"KMX MPY HK Lianyungang Agt DC		",,,,,,0,0
CoA_Customer,1812,,한국와트로,,,,,,0,0
CoA_Customer,1813,,삼양알카(주),,,,,,0,0
CoA_Customer,1814,,"삼양알카㈜		",,,,,,0,0
CoA_Customer,1815,," International Paint Taiwan Ltd		",,,,,,0,0
CoA_Customer,1816,,앤비아이,,,,,,0,0
CoA_Customer,1817,,URP,,,,,,0,0
CoA_Customer,1818,,리치인터내셔날,,,,,,0,0
CoA_Customer,1819,,"Akzo Nobel Vietnam Ltd 	",,,,,,0,0
CoA_Customer,1820,,유창산업,,,,,,0,0
CoA_Customer,1821,,"International Paint of Shanghai Co Ltd	",,,,,,0,0
CoA_Customer,1822,,에이스도장,,,,,,0,0
CoA_Customer,1823,,엔비아이,,,,,,0,0
CoA_Customer,1824,,"한맥기계		",,,,,,0,0
CoA_Customer,1825,,가야종합상사,,,,,,0,0
CoA_Customer,1826,,"비어렌버그코리아		",,,,,,0,0
CoA_Customer,1827,,"Compania Global de Pinturas S.A.S.		",,,,,,0,0
CoA_Customer,1828,,케이제이보일러,,,,,,0,0
CoA_Customer,1829,,㈜삼원이앤비,,,,,,0,0
CoA_Customer,1830,,대성성사,,,,,,0,0
CoA_Customer,1831,,기술부 VOC,,,,,,0,0
CoA_Customer,1832,,신아플랜트 서비스 (주),,,,,,0,0
CoA_Customer,1833,,(주) 티에스넥스젠,,,,,,0,0
CoA_Customer,1834,,신아플랜트서비스㈜,,,,,,0,0
CoA_Customer,1835,,HD HYUNDAI ECO VINA Co. Ltd,,,,,,0,0
CoA_Customer,1836,,극송케미칼,,,,,,0,0
CoA_Customer,1837,,성일토탈,,,,,,0,0
CoA_Customer,1838,,"썬프리시즌		",,,,,,0,0
CoA_Customer,1839,,㈜ 피엠,,,,,,0,0
CoA_Customer,1840,,㈜티에스넥스젠,,베트남OMON4 HRSG PJT,,,,0,0
CoA_Customer,1841,,조광페인트공사,,,,,,0,0
CoA_Customer,1842,,에프엔피씨,,,,,,0,0
CoA_Customer,1843,,조광페인트상사,,,,,,0,0
CoA_Customer,1844,,"동남이앤티		",,,,,,0,0
CoA_Customer,1845,,삼일씨앤에스,,,,,,0,0
CoA_Delete,hjseok,,,,,,,,0,0
CoA_Delete,jypark,,,,,,,,0,0
CoA_Delete,wchoi,,,,,,,,0,0
CoA_files,Default,,F:\IPK_PROG\NBPROJ\XLT\New_CoA_form_Eng.xltm,,,,,,0,0
CoA_files,Japanese,,F:\IPK_PROG\NBPROJ\XLT\New_CoA_form_Jpn.xltm,,,,,,0,0
CoA_files,Korean,,F:\IPK_PROG\NBPROJ\XLT\New_CoA_form_Kor.xltm,,,,,,0,0
CoA_files,Russian,,F:\IPK_PROG\NBPROJ\XLT\New_CoA_form_Rus.xltm,,,,,,0,0
CoA_files,Template,,F:\IPK_PROG\NBPROJ\XLT\New_CoA_form_Eng.xltm,,,,,,0,0
CoA_FINI_Check,4332410,,,,,,,,0,0
CoA_FINI_Check,4332411,,,,,,,,0,0
CoA_FINI_Check,4332412,,,,,,,,0,0
CoA_FINI_Check,4332889,,,,,,,,0,0
CoA_FINI_Check,4332893,,,,,,,,0,0
CoA_FINI_Check,4347152,,000000000005331543:000000000005370445:000000000005540734:,,,,,,0,0
CoA_FINI_Check,4347153,,000000000005331548:000000000005370450:,,,,,,0,0
CoA_FINI_Check,4347154,,000000000005540765:000000000005540766:000000000005540767:000000000005540768:000000000005540769:,,,,,,0,0
CoA_FINI_Check,4347155,,000000000005540770:,,,,,,0,0
CoA_FINI_Check,4347156,,000000000005540773:,,,,,,0,0
CoA_FINI_Check,4347157,,000000000005540775:000000000005540776:,,,,,,0,0
CoA_FINI_Check,4347158,,000000000005540779:000000000005540780:,,,,,,0,0
CoA_FINI_Check,4347159,,000000000005540783:000000000005540784:,,,,,,0,0
CoA_FINI_Check,4347170,,000000000005540787:,,,,,,0,0
CoA_FINI_Check,4347171,,000000000005540789:,,,,,,0,0
CoA_FINI_Check,4347172,,000000000005540791:,,,,,,0,0
CoA_FINI_Check,4347173,,000000000005540793:,,,,,,0,0
CoA_FINI_Check,4347174,,000000000005540795:000000000005540796:,,,,,,0,0
CoA_FINI_Check,4347175,,000000000005540799:,,,,,,0,0
CoA_FINI_Check,4347176,,000000000005540801:,,,,,,0,0
CoA_FINI_Check,4347177,,000000000005540803:,,,,,,0,0
CoA_FINI_Check,4347178,,000000000005540805:,,,,,,0,0
CoA_FINI_Check,4347179,,000000000005540807:,,,,,,0,0
CoA_FINI_Check,4347180,,000000000005540809:,,,,,,0,0
CoA_FINI_Check,4347181,,000000000005540811:,,,,,,0,0
CoA_FINI_Check,4347182,,000000000005540813:,,,,,,0,0
CoA_FINI_Check,4347183,,000000000005540815:,,,,,,0,0
CoA_FINI_Check,4347184,,000000000005540817:,,,,,,0,0
CoA_FINI_Check,4347185,,000000000005540819:,,,,,,0,0
CoA_FINI_Check,4347186,,000000000005540821:000000000005540822:,,,,,,0,0
CoA_FINI_Check,4347187,,000000000005540825:,,,,,,0,0
CoA_FINI_Check,4347188,,000000000005540827:,,,,,,0,0
CoA_FINI_Check,4347189,,000000000005540829:,,,,,,0,0
CoA_FINI_Check,4347190,,000000000005540831:,,,,,,0,0
CoA_FINI_Check,4347191,,000000000005540833:,,,,,,0,0
CoA_FINI_Check,4347192,,000000000005540835:,,,,,,0,0
CoA_FINI_Check,4347193,,000000000005540837:,,,,,,0,0
CoA_FINI_Check,4347194,,000000000005540839:,,,,,,0,0
CoA_FINI_Check,4347195,,000000000005540841:,,,,,,0,0
CoA_FINI_Check,4347196,,000000000005540843:000000000005540844:000000000005540845:,,,,,,0,0
CoA_FINI_Check,4347197,,,,,,,,0,0
CoA_FINI_Check,4347198,,000000000005540849:,,,,,,0,0
CoA_FINI_Check,4347199,,000000000005540851:,,,,,,0,0
CoA_FINI_Check,4347200,,000000000005540853:,,,,,,0,0
CoA_FINI_Check,4347201,,000000000005540855:000000000005540856:,,,,,,0,0
CoA_FINI_Check,4347202,,000000000005540859:,,,,,,0,0
CoA_FINI_Check,4347203,,000000000005540861:000000000005540862:,,,,,,0,0
CoA_FINI_Check,4347204,,000000000005540866:,,,,,,0,0
CoA_FINI_Check,4347205,,000000000005540868:,,,,,,0,0
CoA_FINI_Check,4347206,,000000000005540870:,,,,,,0,0
CoA_FINI_Check,4347207,,000000000005540872:,,,,,,0,0
CoA_FINI_Check,4347208,,000000000005540874:,,,,,,0,0
CoA_FINI_Check,4347209,,000000000005540876:,,,,,,0,0
CoA_FINI_Check,4347210,,000000000005540878:,,,,,,0,0
CoA_FINI_Check,4347211,,000000000005540880:,,,,,,0,0
CoA_FINI_Check,4347212,,000000000005540882:,,,,,,0,0
CoA_FINI_Check,4347213,,000000000005540884:,,,,,,0,0
CoA_FINI_Check,4347214,,000000000005540886:,,,,,,0,0
CoA_FINI_Check,4347215,,000000000005540888:,,,,,,0,0
CoA_FINI_Check,4347216,,000000000005540890:,,,,,,0,0
CoA_FINI_Check,4347217,,000000000005540892:,,,,,,0,0
CoA_FINI_Check,4347218,,000000000005540894:,,,,,,0,0
CoA_FINI_Check,4347219,,000000000005540896:,,,,,,0,0
CoA_FINI_Check,4347220,,000000000005540898:,,,,,,0,0
CoA_FINI_Check,4347221,,000000000005540900:,,,,,,0,0
CoA_FINI_Check,4347222,,000000000005540902:,,,,,,0,0
CoA_FINI_Check,4347223,,000000000005540904:,,,,,,0,0
CoA_FINI_Check,4347224,,000000000005540906:,,,,,,0,0
CoA_FINI_Check,4347225,,000000000005540908:,,,,,,0,0
CoA_FINI_Check,4347226,,000000000005540910:,,,,,,0,0
CoA_FINI_Check,4347227,,000000000005540912:,,,,,,0,0
CoA_FINI_Check,4347228,,000000000005540914:,,,,,,0,0
CoA_FINI_Check,4347229,,000000000005540916:,,,,,,0,0
CoA_FINI_Check,4347230,,000000000005540918:,,,,,,0,0
CoA_FINI_Check,4347231,,000000000005540920:,,,,,,0,0
CoA_FINI_Check,4347232,,000000000005540922:,,,,,,0,0
CoA_FINI_Check,4347233,,000000000005540924:,,,,,,0,0
CoA_FINI_Check,4347234,,000000000005540926:,,,,,,0,0
CoA_FINI_Check,4347235,,000000000005540928:,,,,,,0,0
CoA_FINI_Check,4347236,,000000000005540930:,,,,,,0,0
CoA_FINI_Check,4347237,,000000000005540932:000000000005540933:000000000005540934:,,,,,,0,0
CoA_FINI_Check,4347238,,000000000005540937:,,,,,,0,0
CoA_FINI_Check,4347239,,000000000005540939:,,,,,,0,0
CoA_FINI_Check,4347240,,,,,,,,0,0
CoA_FINI_Check,4347241,,000000000005540941:,,,,,,0,0
CoA_FINI_Check,4347242,,000000000005540943:,,,,,,0,0
CoA_FINI_Check,4347243,,,,,,,,0,0
CoA_FINI_Check,4347244,,000000000005540947:,,,,,,0,0
CoA_FINI_Check,4347245,,000000000005540949:,,,,,,0,0
CoA_FINI_Check,4347246,,000000000005540951:,,,,,,0,0
CoA_FINI_Check,4347247,,000000000005540953:,,,,,,0,0
CoA_FINI_Check,4347248,,000000000005540955:,,,,,,0,0
CoA_FINI_Check,4347249,,000000000005540957:,,,,,,0,0
CoA_FINI_Check,4347250,,000000000005540959:,,,,,,0,0
CoA_FINI_Check,4347251,,000000000005540961:,,,,,,0,0
CoA_FINI_Check,4347252,,000000000005540963:,,,,,,0,0
CoA_FINI_Check,4347253,,000000000005540965:,,,,,,0,0
CoA_FINI_Check,4347254,,000000000005540967:,,,,,,0,0
CoA_FINI_Check,4347255,,000000000005540969:,,,,,,0,0
CoA_FINI_Check,4347256,,000000000005540971:,,,,,,0,0
CoA_FINI_Check,4347257,,000000000005540973:,,,,,,0,0
CoA_FINI_Check,4347258,,000000000005540975:,,,,,,0,0
CoA_FINI_Check,4347259,,000000000005540977:,,,,,,0,0
CoA_FINI_Check,4347260,,000000000005540979:,,,,,,0,0
CoA_FINI_Check,4347261,,000000000005540981:,,,,,,0,0
CoA_FINI_Check,4347262,,000000000005540983:,,,,,,0,0
CoA_FINI_Check,4347263,,000000000005540985:,,,,,,0,0
CoA_FINI_Check,4347264,,000000000005540987:,,,,,,0,0
CoA_FINI_Check,4347265,,000000000005540989:,,,,,,0,0
CoA_FINI_Check,4347266,,000000000005540991:,,,,,,0,0
CoA_FINI_Check,4347267,,000000000005540993:,,,,,,0,0
CoA_FINI_Check,4347268,,000000000005540995:,,,,,,0,0
CoA_FINI_Check,4347269,,000000000005540997:,,,,,,0,0
CoA_FINI_Check,4347270,,000000000005540999:,,,,,,0,0
CoA_FINI_Check,4347271,,000000000005541001:,,,,,,0,0
CoA_FINI_Check,4347272,,000000000005541003:,,,,,,0,0
CoA_FINI_Check,4347273,,000000000005541005:,,,,,,0,0
CoA_FINI_Check,4347274,,000000000005541007:,,,,,,0,0
CoA_FINI_Check,4347275,,000000000005541009:,,,,,,0,0
CoA_FINI_Check,4347276,,000000000005541011:,,,,,,0,0
CoA_FINI_Check,4347277,,000000000005541013:,,,,,,0,0
CoA_FINI_Check,4347278,,000000000005541015:,,,,,,0,0
CoA_FINI_Check,4347279,,000000000005541017:,,,,,,0,0
CoA_FINI_Check,4347280,,000000000005541019:,,,,,,0,0
CoA_FINI_Check,4347281,,000000000005541021:,,,,,,0,0
CoA_FINI_Check,4347282,,000000000005541023:,,,,,,0,0
CoA_FINI_Check,4347283,,000000000005541025:,,,,,,0,0
CoA_FINI_Check,4347284,,000000000005541027:,,,,,,0,0
CoA_FINI_Check,4347285,,000000000005541029:,,,,,,0,0
CoA_FINI_Check,4347286,,000000000005541031:,,,,,,0,0
CoA_FINI_Check,4347287,,000000000005541033:,,,,,,0,0
CoA_FINI_Check,4347288,,000000000005541035:,,,,,,0,0
CoA_FINI_Check,4347289,,000000000005541037:,,,,,,0,0
CoA_FINI_Check,4347290,,000000000005541039:,,,,,,0,0
CoA_FINI_Check,4347291,,000000000005541041:000000000005541042:,,,,,,0,0
CoA_FINI_Check,4347292,,000000000005541045:000000000005541046:,,,,,,0,0
CoA_FINI_Check,4347293,,000000000005541049:,,,,,,0,0
CoA_FINI_Check,4347294,,000000000005541051:,,,,,,0,0
CoA_FINI_Check,4347295,,000000000005541053:,,,,,,0,0
CoA_FINI_Check,4347296,,000000000005541055:,,,,,,0,0
CoA_FINI_Check,4347297,,000000000005541057:,,,,,,0,0
CoA_FINI_Check,4347298,,000000000005541059:,,,,,,0,0
CoA_FINI_Check,4347299,,000000000005541061:,,,,,,0,0
CoA_FINI_Check,4347300,,000000000005541063:,,,,,,0,0
CoA_FINI_Check,4347301,,000000000005541065:,,,,,,0,0
CoA_FINI_Check,4347302,,000000000005541067:,,,,,,0,0
CoA_FINI_Check,4347303,,000000000005541069:,,,,,,0,0
CoA_FINI_Check,4347304,,000000000005541071:,,,,,,0,0
CoA_FINI_Check,4347305,,000000000005541073:,,,,,,0,0
CoA_FINI_Check,4347306,,000000000005541075:,,,,,,0,0
CoA_FINI_Check,4347307,,000000000005541077:,,,,,,0,0
CoA_FINI_Check,4347308,,000000000005541079:000000000005541080:,,,,,,0,0
CoA_FINI_Check,4347309,,000000000005541083:,,,,,,0,0
CoA_FINI_Check,4347331,,,,,,,,0,0
CoA_FINI_Check,4347332,,000000000005541126:,,,,,,0,0
CoA_FINI_Check,4347333,,000000000005541127:,,,,,,0,0
CoA_FINI_Check,4347334,,,,,,,,0,0
CoA_FINI_Check,4347335,,000000000005541128:000000000005541129:,,,,,,0,0
CoA_FINI_Check,4347336,,,,,,,,0,0
CoA_FINI_Check,4347337,,,,,,,,0,0
CoA_FINI_Check,4347338,,000000000005541130:,,,,,,0,0
CoA_FINI_Check,4347339,,,,,,,,0,0
CoA_FINI_Check,4347340,,000000000005541131:,,,,,,0,0
CoA_FINI_Check,4347341,,000000000005541132:,,,,,,0,0
CoA_FINI_Check,4347342,,000000000005344850:,,,,,,0,0
CoA_FINI_Check,4347343,,,,,,,,0,0
CoA_FINI_Check,4347344,,,,,,,,0,0
CoA_FINI_Check,4347345,,000000000005541133:,,,,,,0,0
CoA_FINI_Check,4347346,,,,,,,,0,0
CoA_FINI_Check,4347347,,,,,,,,0,0
CoA_FINI_Check,4347348,,,,,,,,0,0
CoA_FINI_Check,4347349,,,,,,,,0,0
CoA_FINI_Check,4347350,,000000000005541134:,,,,,,0,0
CoA_FINI_Check,4347351,,000000000005541135:,,,,,,0,0
CoA_FINI_Check,4347352,,000000000005541136:000000000005541137:000000000005541138:,,,,,,0,0
CoA_FINI_Check,4347353,,000000000005541139:000000000005541140:,,,,,,0,0
CoA_FINI_Check,4347354,,000000000005541141:,,,,,,0,0
CoA_FINI_Check,4347355,,000000000005541142:,,,,,,0,0
CoA_FINI_Check,4347356,,000000000005531734:000000000005541143:,,,,,,0,0
CoA_FINI_Check,4347357,,000000000005531735:000000000005541144:,,,,,,0,0
CoA_FINI_Check,4347358,,000000000005541146:000000000005541147:,,,,,,0,0
CoA_FINI_Check,4347359,,000000000005531738:000000000005541149:000000000005541150:,,,,,,0,0
CoA_FINI_Check,4347360,,000000000005531740:000000000005541152:000000000005541153:000000000005541154:000000000005541155:000000000005541156:,,,,,,0,0
CoA_FINI_Check,4347361,,000000000005541157:,,,,,,0,0
CoA_FINI_Check,4347362,,000000000005541158:000000000005541159:,,,,,,0,0
CoA_FINI_Check,4347363,,000000000005531745:000000000005541160:000000000005541161:000000000005541162:,,,,,,0,0
CoA_FINI_Check,4347364,,,,,,,,0,0
CoA_FINI_Check,4347365,,000000000005531746:000000000005541163:000000000005541164:000000000005541165:000000000005541166:,,,,,,0,0
CoA_FINI_Check,4347366,,,,,,,,0,0
CoA_FINI_Check,4347367,,000000000005541167:,,,,,,0,0
CoA_FINI_Check,4347368,,000000000005541168:,,,,,,0,0
CoA_FINI_Check,4347369,,000000000005541169:,,,,,,0,0
CoA_FINI_Check,4347370,,000000000005541170:000000000005541171:000000000005541172:,,,,,,0,0
CoA_FINI_Check,4347383,,000000000005531760:000000000005541198:000000000005541199:000000000005541200:000000000005541201:,,,,,,0,0
CoA_FINI_Check,4347384,,000000000005531763:000000000005541202:000000000005541203:,,,,,,0,0
CoA_FINI_Check,4347385,,000000000005531767:000000000005541206:000000000005541208:000000000005541209:,,,,,,0,0
CoA_FINI_Check,4347386,,000000000005531769:000000000005541210:000000000005541211:,,,,,,0,0
CoA_FINI_Check,4347399,,,,,,,,0,0
CoA_FINI_Check,4347400,,,,,,,,0,0
CoA_FINI_Check,4347401,,000000000005541234:000000000005541235:,,,,,,0,0
CoA_FINI_Check,4347402,,000000000005531792:000000000005541236:000000000005541237:000000000005541238:000000000005541239:,,,,,,0,0
CoA_FINI_Check,4347403,,000000000005541240:000000000005541241:000000000005541242:,,,,,,0,0
CoA_FINI_Check,4347404,,000000000005541243:000000000005553965:,,,,,,0,0
CoA_FINI_Check,4347405,,000000000005531795:000000000005541244:000000000005541245:,,,,,,0,0
CoA_FINI_Check,4347406,,000000000005541246:000000000005553966:,,,,,,0,0
CoA_FINI_Check,4347407,,000000000005541247:000000000005554283:,,,,,,0,0
CoA_FINI_Check,4347408,,000000000005372430:000000000005531797:000000000005541249:000000000005541250:000000000005541251:000000000005541253:,,,,,,0,0
CoA_FINI_Check,4347409,,000000000005499725:000000000005541254:000000000005541255:000000000005541256:000000000005541257:,,,,,,0,0
CoA_FINI_Check,4347410,,000000000005541268:,,,,,,0,0
CoA_FINI_Check,4347411,,000000000005541272:,,,,,,0,0
CoA_FINI_Check,4347417,,000000000005541294:000000000005541295:000000000005541296:,,,,,,0,0
CoA_FINI_Check,4347418,,000000000005541297:000000000005541298:000000000005541299:,,,,,,0,0
CoA_FINI_Check,4347419,,000000000005541303:,,,,,,0,0
CoA_FINI_Check,4347420,,000000000005541305:000000000005541306:,,,,,,0,0
CoA_FINI_Check,4347421,,000000000005541309:,,,,,,0,0
CoA_FINI_Check,4347422,,000000000005541311:,,,,,,0,0
CoA_FINI_Check,4347423,,000000000005541313:,,,,,,0,0
CoA_FINI_Check,4347424,,000000000005541315:000000000005541316:,,,,,,0,0
CoA_FINI_Check,4347425,,000000000005541319:000000000005541320:,,,,,,0,0
CoA_FINI_Check,4347426,,000000000005541323:,,,,,,0,0
CoA_FINI_Check,4347427,,000000000005541325:,,,,,,0,0
CoA_FINI_Check,4347428,,000000000005541327:,,,,,,0,0
CoA_FINI_Check,4347429,,000000000005541329:000000000005541330:,,,,,,0,0
CoA_FINI_Check,4347430,,000000000005541333:000000000005541334:,,,,,,0,0
CoA_FINI_Check,4347431,,000000000005541337:,,,,,,0,0
CoA_FINI_Check,4347432,,000000000005541339:000000000005541340:,,,,,,0,0
CoA_FINI_Check,4347433,,000000000005541343:,,,,,,0,0
CoA_FINI_Check,4347434,,000000000005541345:,,,,,,0,0
CoA_FINI_Check,4347435,,000000000005541347:000000000005541348:,,,,,,0,0
CoA_FINI_Check,4347436,,000000000005541351:,,,,,,0,0
CoA_FINI_Check,4347437,,000000000005541353:,,,,,,0,0
CoA_FINI_Check,4347438,,000000000005541355:,,,,,,0,0
CoA_FINI_Check,4347439,,000000000005541357:,,,,,,0,0
CoA_FINI_Check,4347440,,000000000005541359:,,,,,,0,0
CoA_FINI_Check,4347441,,000000000005541361:,,,,,,0,0
CoA_FINI_Check,4347442,,000000000005541363:,,,,,,0,0
CoA_FINI_Check,4347443,,000000000005541365:,,,,,,0,0
CoA_FINI_Check,4347444,,000000000005541367:000000000005541368:,,,,,,0,0
CoA_FINI_Check,4347445,,000000000005541371:,,,,,,0,0
CoA_FINI_Check,4347446,,000000000005541373:000000000005541374:,,,,,,0,0
CoA_FINI_Check,4347447,,000000000005541377:,,,,,,0,0
CoA_FINI_Check,4347448,,000000000005541379:,,,,,,0,0
CoA_FINI_Check,4347449,,000000000005541381:000000000005541382:,,,,,,0,0
CoA_FINI_Check,4347450,,000000000005541385:000000000005541386:,,,,,,0,0
CoA_FINI_Check,4347451,,000000000005541389:000000000005541390:,,,,,,0,0
CoA_FINI_Check,4347452,,000000000005541393:,,,,,,0,0
CoA_FINI_Check,4347453,,000000000005541395:,,,,,,0,0
CoA_FINI_Check,4347454,,000000000005541397:,,,,,,0,0
CoA_FINI_Check,4347455,,000000000005541399:,,,,,,0,0
CoA_FINI_Check,4347456,,000000000005541401:,,,,,,0,0
CoA_FINI_Check,4347457,,000000000005541403:,,,,,,0,0
CoA_FINI_Check,4347458,,000000000005541405:,,,,,,0,0
CoA_FINI_Check,4347459,,000000000005541407:,,,,,,0,0
CoA_FINI_Check,4347460,,000000000005541409:,,,,,,0,0
CoA_FINI_Check,4347461,,000000000005541411:,,,,,,0,0
CoA_FINI_Check,4347462,,000000000005541413:,,,,,,0,0
CoA_FINI_Check,4347463,,000000000005541415:,,,,,,0,0
CoA_FINI_Check,4347464,,000000000005541417:,,,,,,0,0
CoA_FINI_Check,4347465,,000000000005541419:,,,,,,0,0
CoA_FINI_Check,4347466,,000000000005541421:,,,,,,0,0
CoA_FINI_Check,4347467,,000000000005541423:,,,,,,0,0
CoA_FINI_Check,4347468,,000000000005541425:,,,,,,0,0
CoA_FINI_Check,4347469,,000000000005541427:,,,,,,0,0
CoA_FINI_Check,4347470,,000000000005541429:,,,,,,0,0
CoA_FINI_Check,4347471,,000000000005541431:,,,,,,0,0
CoA_FINI_Check,4347472,,000000000005541433:,,,,,,0,0
CoA_FINI_Check,4347473,,000000000005541435:,,,,,,0,0
CoA_FINI_Check,4347474,,000000000005541437:,,,,,,0,0
CoA_FINI_Check,4347475,,000000000005541439:000000000005541440:,,,,,,0,0
CoA_FINI_Check,4347476,,000000000005541443:,,,,,,0,0
CoA_FINI_Check,4347477,,000000000005541445:,,,,,,0,0
CoA_FINI_Check,4347478,,000000000005541447:000000000005541448:,,,,,,0,0
CoA_FINI_Check,4347479,,000000000005541451:,,,,,,0,0
CoA_FINI_Check,4347480,,000000000005541453:,,,,,,0,0
CoA_FINI_Check,4347481,,000000000005541455:,,,,,,0,0
CoA_FINI_Check,4347482,,000000000005541457:,,,,,,0,0
CoA_FINI_Check,4347483,,000000000005541459:,,,,,,0,0
CoA_FINI_Check,4347484,,000000000005541461:,,,,,,0,0
CoA_FINI_Check,4347485,,000000000005541463:,,,,,,0,0
CoA_FINI_Check,4347486,,000000000005541465:,,,,,,0,0
CoA_FINI_Check,4347487,,000000000005541467:,,,,,,0,0
CoA_FINI_Check,4347488,,000000000005541469:,,,,,,0,0
CoA_FINI_Check,4347489,,000000000005541471:,,,,,,0,0
CoA_FINI_Check,4347490,,000000000005541473:,,,,,,0,0
CoA_FINI_Check,4347491,,000000000005541475:,,,,,,0,0
CoA_FINI_Check,4347492,,000000000005541477:000000000005541478:,,,,,,0,0
CoA_FINI_Check,4347493,,000000000005541481:,,,,,,0,0
CoA_FINI_Check,4347494,,000000000005541483:,,,,,,0,0
CoA_FINI_Check,4347495,,000000000005541485:,,,,,,0,0
CoA_FINI_Check,4347496,,000000000005541487:,,,,,,0,0
CoA_FINI_Check,4347497,,000000000005541489:,,,,,,0,0
CoA_FINI_Check,4347498,,000000000005541491:000000000005541492:,,,,,,0,0
CoA_FINI_Check,4347499,,000000000005541495:,,,,,,0,0
CoA_FINI_Check,4347500,,000000000005541497:,,,,,,0,0
CoA_FINI_Check,4347501,,000000000005541499:,,,,,,0,0
CoA_FINI_Check,4347502,,000000000005541501:,,,,,,0,0
CoA_FINI_Check,4347503,,000000000005541503:,,,,,,0,0
CoA_FINI_Check,4347504,,000000000005541505:,,,,,,0,0
CoA_FINI_Check,4347505,,000000000005541507:,,,,,,0,0
CoA_FINI_Check,4347506,,000000000005541509:,,,,,,0,0
CoA_FINI_Check,4347507,,000000000005541511:,,,,,,0,0
CoA_FINI_Check,4347508,,000000000005541513:,,,,,,0,0
CoA_FINI_Check,4347509,,000000000005541515:,,,,,,0,0
CoA_FINI_Check,4347510,,000000000005541517:000000000005541518:,,,,,,0,0
CoA_FINI_Check,4347511,,000000000005541521:,,,,,,0,0
CoA_FINI_Check,4347512,,000000000005541523:,,,,,,0,0
CoA_FINI_Check,4347513,,000000000005541525:,,,,,,0,0
CoA_FINI_Check,4347514,,000000000005541527:,,,,,,0,0
CoA_FINI_Check,4347515,,000000000005541529:,,,,,,0,0
CoA_FINI_Check,4347516,,000000000005541531:,,,,,,0,0
CoA_FINI_Check,4347517,,000000000005541533:000000000005541534:,,,,,,0,0
CoA_FINI_Check,4347518,,000000000005541537:000000000005541538:,,,,,,0,0
CoA_FINI_Check,4347519,,000000000005541541:,,,,,,0,0
CoA_FINI_Check,4347520,,000000000005541543:,,,,,,0,0
CoA_FINI_Check,4347521,,000000000005541545:,,,,,,0,0
CoA_FINI_Check,4347522,,000000000005541547:,,,,,,0,0
CoA_FINI_Check,4347523,,000000000005541549:,,,,,,0,0
CoA_FINI_Check,4347524,,000000000005541551:,,,,,,0,0
CoA_FINI_Check,4347525,,000000000005541553:,,,,,,0,0
CoA_FINI_Check,4347526,,000000000005541555:,,,,,,0,0
CoA_FINI_Check,4347527,,000000000005541557:,,,,,,0,0
CoA_FINI_Check,4347528,,000000000005541559:,,,,,,0,0
CoA_FINI_Check,4347529,,000000000005541561:,,,,,,0,0
CoA_FINI_Check,4347530,,000000000005541563:,,,,,,0,0
CoA_FINI_Check,4347531,,000000000005541565:,,,,,,0,0
CoA_FINI_Check,4347532,,000000000005541567:,,,,,,0,0
CoA_FINI_Check,4347533,,000000000005541569:,,,,,,0,0
CoA_FINI_Check,4347534,,000000000005541571:,,,,,,0,0
CoA_FINI_Check,4347535,,000000000005541573:,,,,,,0,0
CoA_FINI_Check,4347536,,000000000005541575:,,,,,,0,0
CoA_FINI_Check,4347537,,000000000005541577:,,,,,,0,0
CoA_FINI_Check,4347538,,000000000005541579:,,,,,,0,0
CoA_FINI_Check,4347539,,000000000005541581:,,,,,,0,0
CoA_FINI_Check,4347540,,000000000005541583:,,,,,,0,0
CoA_FINI_Check,4347541,,000000000005541585:,,,,,,0,0
CoA_FINI_Check,4347542,,000000000005541587:,,,,,,0,0
CoA_FINI_Check,4347543,,000000000005541589:,,,,,,0,0
CoA_FINI_Check,4347544,,000000000005541591:,,,,,,0,0
CoA_FINI_Check,4347545,,000000000005541593:,,,,,,0,0
CoA_FINI_Check,4347546,,000000000005541595:,,,,,,0,0
CoA_FINI_Check,4347547,,000000000005541597:,,,,,,0,0
CoA_FINI_Check,4347548,,000000000005541599:,,,,,,0,0
CoA_FINI_Check,4347549,,000000000005541601:000000000005541602:000000000005541603:,,,,,,0,0
CoA_FINI_Check,4347550,,,,,,,,0,0
CoA_FINI_Check,4347551,,000000000005541607:,,,,,,0,0
CoA_FINI_Check,4347552,,000000000005541609:000000000005541610:,,,,,,0,0
CoA_FINI_Check,4347553,,000000000005541613:,,,,,,0,0
CoA_FINI_Check,4347554,,000000000005541615:,,,,,,0,0
CoA_FINI_Check,4347555,,000000000005541617:,,,,,,0,0
CoA_FINI_Check,4347556,,000000000005541619:,,,,,,0,0
CoA_FINI_Check,4347557,,000000000005541621:,,,,,,0,0
CoA_FINI_Check,4347558,,000000000005541623:,,,,,,0,0
CoA_FINI_Check,4347559,,000000000005541625:,,,,,,0,0
CoA_FINI_Check,4347560,,000000000005541627:,,,,,,0,0
CoA_FINI_Check,4347561,,000000000005541629:,,,,,,0,0
CoA_FINI_Check,4347562,,,,,,,,0,0
CoA_FINI_Check,4347563,,000000000005541631:,,,,,,0,0
CoA_FINI_Check,4347564,,000000000005541633:,,,,,,0,0
CoA_FINI_Check,4347565,,000000000005541635:,,,,,,0,0
CoA_FINI_Check,4347566,,000000000005541637:,,,,,,0,0
CoA_FINI_Check,4347567,,000000000005541639:,,,,,,0,0
CoA_FINI_Check,4347568,,000000000005541641:,,,,,,0,0
CoA_FINI_Check,4347569,,000000000005541643:,,,,,,0,0
CoA_FINI_Check,4347570,,000000000005541645:000000000005541646:000000000005541647:,,,,,,0,0
CoA_FINI_Check,4347571,,,,,,,,0,0
CoA_FINI_Check,4347572,,000000000005541651:,,,,,,0,0
CoA_FINI_Check,4347573,,000000000005541653:,,,,,,0,0
CoA_FINI_Check,4347574,,000000000005541655:,,,,,,0,0
CoA_FINI_Check,4347575,,000000000005541657:,,,,,,0,0
CoA_FINI_Check,4347576,,000000000005541659:,,,,,,0,0
CoA_FINI_Check,4347577,,000000000005541661:,,,,,,0,0
CoA_FINI_Check,4347595,,000000000005541690:000000000005541691:000000000005541692:,,,,,,0,0
CoA_FINI_Check,4347596,,000000000005541695:000000000005541696:000000000005541697:,,,,,,0,0
CoA_FINI_Check,4347597,,000000000005541705:000000000005541706:000000000005541707:,,,,,,0,0
CoA_FINI_Check,4347598,,000000000005541708:000000000005541709:,,,,,,0,0
CoA_FINI_Check,4347599,,000000000005217729:000000000005345053:000000000005345055:000000000005511205:000000000005541710:000000000005541711:000000000005541712:000000000005541714:000000000005541716:000000000005541718:,,,,,,0,0
CoA_FINI_Check,4347600,,,,,,,,0,0
CoA_FINI_Check,4347601,,000000000005541719:000000000005541720:,,,,,,0,0
CoA_FINI_Check,4347602,,000000000005541721:,,,,,,0,0
CoA_FINI_Check,4347603,,000000000005345067:000000000005532464:000000000005541722:000000000005541723:000000000005541724:000000000005541725:,,,,,,0,0
CoA_FINI_Check,4347604,,000000000005541726:,,,,,,0,0
CoA_FINI_Check,4347605,,000000000005345073:000000000005345075:000000000005345081:000000000005381749:000000000005532470:000000000005541727:000000000005541730:000000000005541734:000000000005541735:,,,,,,0,0
CoA_FINI_Check,4347606,,000000000005541736:,,,,,,0,0
CoA_FINI_Check,4347607,,000000000005541737:000000000005541738:,,,,,,0,0
CoA_FINI_Check,4347608,,000000000005345086:,,,,,,0,0
CoA_FINI_Check,4347609,,000000000005541739:,,,,,,0,0
CoA_FINI_Check,4347610,,000000000005541740:,,,,,,0,0
CoA_FINI_Check,4347611,,000000000005345089:000000000005541741:,,,,,,0,0
CoA_FINI_Check,4347612,,000000000005541742:,,,,,,0,0
CoA_FINI_Check,4347613,,000000000005345099:,,,,,,0,0
CoA_FINI_Check,4347614,,000000000005541743:,,,,,,0,0
CoA_FINI_Check,4347615,,000000000005541744:,,,,,,0,0
CoA_FINI_Check,4347616,,000000000005541745:,,,,,,0,0
CoA_FINI_Check,4347617,,000000000005541746:,,,,,,0,0
CoA_FINI_Check,4347618,,000000000005541747:,,,,,,0,0
CoA_FINI_Check,4347619,,000000000005541748:,,,,,,0,0
CoA_FINI_Check,4347620,,000000000005541749:,,,,,,0,0
CoA_FINI_Check,4347621,,000000000005541750:,,,,,,0,0
CoA_FINI_Check,4347622,,000000000005541751:,,,,,,0,0
CoA_FINI_Check,4347623,,000000000005541752:000000000005541753:,,,,,,0,0
CoA_FINI_Check,4347624,,000000000005541755:,,,,,,0,0
CoA_FINI_Check,4347625,,000000000005541756:000000000005541757:,,,,,,0,0
CoA_FINI_Check,4347626,,000000000005541758:000000000005541760:,,,,,,0,0
CoA_FINI_Check,4347627,,000000000005541761:,,,,,,0,0
CoA_FINI_Check,4347628,,000000000005541762:,,,,,,0,0
CoA_FINI_Check,4347629,,000000000005303846:000000000005541763:000000000005541764:,,,,,,0,0
CoA_FINI_Check,4347630,,000000000005541765:000000000005541766:,,,,,,0,0
CoA_FINI_Check,4347631,,000000000005532484:000000000005541767:000000000005541768:,,,,,,0,0
CoA_FINI_Check,4347632,,000000000005541769:,,,,,,0,0
CoA_FINI_Check,4347633,,000000000005541770:000000000005541771:,,,,,,0,0
CoA_FINI_Check,4347634,,000000000005541772:,,,,,,0,0
CoA_FINI_Check,4347635,,000000000005541773:,,,,,,0,0
CoA_FINI_Check,4347636,,000000000005541774:,,,,,,0,0
CoA_FINI_Check,4347637,,000000000005541776:,,,,,,0,0
CoA_FINI_Check,4347638,,000000000005303852:000000000005345129:000000000005345131:000000000005345137:000000000005345140:000000000005499918:000000000005532487:000000000005541778:000000000005541782:000000000005541783:,,,,,,0,0
CoA_FINI_Check,4347639,,000000000005541784:,,,,,,0,0
CoA_FINI_Check,4347640,,000000000005541786:,,,,,,0,0
CoA_FINI_Check,4347641,,000000000005541787:,,,,,,0,0
CoA_FINI_Check,4347642,,000000000005541788:,,,,,,0,0
CoA_FINI_Check,4347643,,000000000005345141:,,,,,,0,0
CoA_FINI_Check,4347644,,000000000005541789:000000000005541791:,,,,,,0,0
CoA_FINI_Check,4347645,,000000000005345144:000000000005532498:000000000005541797:,,,,,,0,0
CoA_FINI_Check,4347646,,000000000005541798:000000000005541799:,,,,,,0,0
CoA_FINI_Check,4347647,,000000000005345149:000000000005345150:000000000005532499:000000000005541800:000000000005541801:000000000005541802:,,,,,,0,0
CoA_FINI_Check,4347648,,000000000005541803:,,,,,,0,0
CoA_FINI_Check,4347649,,000000000005541804:000000000005541805:000000000005541806:,,,,,,0,0
CoA_FINI_Check,4347650,,000000000005532503:000000000005532504:000000000005541807:000000000005541809:000000000005541811:,,,,,,0,0
CoA_FINI_Check,4347651,,000000000005541812:000000000005541813:000000000005541814:,,,,,,0,0
CoA_FINI_Check,4347652,,000000000005541815:000000000005541816:,,,,,,0,0
CoA_FINI_Check,4347653,,000000000005541817:000000000005541818:,,,,,,0,0
CoA_FINI_Check,4347654,,000000000005303870:000000000005345167:000000000005345169:000000000005345172:000000000005345174:000000000005499941:000000000005532506:000000000005541820:000000000005541822:000000000005541823:,,,,,,0,0
CoA_FINI_Check,4347655,,000000000005541824:,,,,,,0,0
CoA_FINI_Check,4347656,,000000000005345175:000000000005541825:,,,,,,0,0
CoA_FINI_Check,4347657,,000000000005345177:000000000005345180:000000000005541827:,,,,,,0,0
CoA_FINI_Check,4347658,,000000000005541828:000000000005541829:,,,,,,0,0
CoA_FINI_Check,4347659,,000000000005541830:000000000005541831:000000000005541832:000000000005541833:,,,,,,0,0
CoA_FINI_Check,4347660,,000000000005541834:,,,,,,0,0
CoA_FINI_Check,4347661,,000000000005345187:000000000005532515:000000000005541837:,,,,,,0,0
CoA_FINI_Check,4347662,,000000000005541839:,,,,,,0,0
CoA_FINI_Check,4347663,,000000000005541841:000000000005541842:,,,,,,0,0
CoA_FINI_Check,4347664,,000000000005541843:,,,,,,0,0
CoA_FINI_Check,4347665,,000000000005541844:,,,,,,0,0
CoA_FINI_Check,4347666,,000000000005345196:000000000005541846:,,,,,,0,0
CoA_FINI_Check,4347667,,000000000005541847:,,,,,,0,0
CoA_FINI_Check,4347668,,000000000005541848:,,,,,,0,0
CoA_FINI_Check,4347669,,000000000005541849:000000000005541850:,,,,,,0,0
CoA_FINI_Check,4347670,,000000000005541851:,,,,,,0,0
CoA_FINI_Check,4347671,,000000000005541852:,,,,,,0,0
CoA_FINI_Check,4347672,,000000000005345203:000000000005541854:,,,,,,0,0
CoA_FINI_Check,4347673,,000000000005541855:,,,,,,0,0
CoA_FINI_Check,4347674,,000000000005541856:,,,,,,0,0
CoA_FINI_Check,4347675,,000000000005541858:000000000005541859:,,,,,,0,0
CoA_FINI_Check,4347676,,000000000005541860:000000000005541861:,,,,,,0,0
CoA_FINI_Check,4347677,,000000000005541862:,,,,,,0,0
CoA_FINI_Check,4347678,,000000000005541863:,,,,,,0,0
CoA_FINI_Check,4347679,,000000000005541864:000000000005541865:,,,,,,0,0
CoA_FINI_Check,4347680,,000000000005541866:000000000005541867:000000000005541868:000000000005541869:,,,,,,0,0
CoA_FINI_Check,4347681,,000000000005345220:,,,,,,0,0
CoA_FINI_Check,4347682,,000000000005541870:,,,,,,0,0
CoA_FINI_Check,4347683,,000000000005541871:,,,,,,0,0
CoA_FINI_Check,4347684,,000000000005541872:,,,,,,0,0
CoA_FINI_Check,4347685,,000000000005541873:000000000005541874:000000000005541877:,,,,,,0,0
CoA_FINI_Check,4347686,,000000000005541881:,,,,,,0,0
CoA_FINI_Check,4347687,,000000000005303898:000000000005345235:000000000005345237:000000000005381755:000000000005532535:000000000005532536:000000000005541882:000000000005541883:,,,,,,0,0
CoA_FINI_Check,4347688,,000000000005541885:,,,,,,0,0
CoA_FINI_Check,4347689,,000000000005541886:000000000005541887:,,,,,,0,0
CoA_FINI_Check,4347690,,000000000005345247:,,,,,,0,0
CoA_FINI_Check,4347691,,000000000005345248:000000000005345252:000000000005345253:000000000005541890:000000000005541891:000000000005541893:,,,,,,0,0
CoA_FINI_Check,4347692,,000000000005541895:000000000005541897:,,,,,,0,0
CoA_FINI_Check,4347693,,000000000005541899:,,,,,,0,0
CoA_FINI_Check,4347694,,000000000005541900:,,,,,,0,0
CoA_FINI_Check,4347695,,000000000005541901:,,,,,,0,0
CoA_FINI_Check,4347696,,000000000005345261:000000000005345263:000000000005532549:000000000005532550:000000000005541903:000000000005541906:000000000005541907:000000000005541909:000000000005541911:,,,,,,0,0
CoA_FINI_Check,4347697,,000000000005541912:,,,,,,0,0
CoA_FINI_Check,4347698,,000000000005353039:000000000005541913:,,,,,,0,0
CoA_FINI_Check,4347699,,000000000005541914:,,,,,,0,0
CoA_FINI_Check,4347700,,000000000005345270:000000000005541915:000000000005541916:,,,,,,0,0
CoA_FINI_Check,4347701,,000000000005541917:,,,,,,0,0
CoA_FINI_Check,4347702,,000000000005345274:,,,,,,0,0
CoA_FINI_Check,4347703,,000000000005345276:,,,,,,0,0
CoA_FINI_Check,4347704,,000000000005541920:000000000005541921:000000000005541922:,,,,,,0,0
CoA_FINI_Check,4347705,,000000000005541923:,,,,,,0,0
CoA_FINI_Check,4347706,,000000000005345278:,,,,,,0,0
CoA_FINI_Check,4347707,,000000000005541926:,,,,,,0,0
CoA_FINI_Check,4347708,,000000000005541927:,,,,,,0,0
CoA_FINI_Check,4347709,,000000000005541929:,,,,,,0,0
CoA_FINI_Check,4347710,,000000000005541931:,,,,,,0,0
CoA_FINI_Check,4347711,,000000000005541932:,,,,,,0,0
CoA_FINI_Check,4347712,,000000000005541933:,,,,,,0,0
CoA_FINI_Check,4347713,,000000000005541934:,,,,,,0,0
CoA_FINI_Check,4347714,,000000000005541935:,,,,,,0,0
CoA_FINI_Check,4347715,,000000000005541936:000000000005541937:,,,,,,0,0
CoA_FINI_Check,4347716,,000000000005541938:,,,,,,0,0
CoA_FINI_Check,4347717,,000000000005345292:000000000005345293:000000000005345296:000000000005541941:000000000005541942:000000000005541943:000000000005541944:,,,,,,0,0
CoA_FINI_Check,4347718,,000000000005541945:,,,,,,0,0
CoA_FINI_Check,4347719,,000000000005541946:,,,,,,0,0
CoA_FINI_Check,4347720,,000000000005541947:,,,,,,0,0
CoA_FINI_Check,4347721,,000000000005541948:,,,,,,0,0
CoA_FINI_Check,4347722,,000000000005541949:,,,,,,0,0
CoA_FINI_Check,4347723,,000000000005345306:000000000005345310:000000000005345312:000000000005541950:000000000005541952:000000000005541954:,,,,,,0,0
CoA_FINI_Check,4347724,,000000000005541955:,,,,,,0,0
CoA_FINI_Check,4347725,,000000000005541956:,,,,,,0,0
CoA_FINI_Check,4347726,,000000000005303919:000000000005345325:000000000005345326:000000000005541960:000000000005541962:,,,,,,0,0
CoA_FINI_Check,4347727,,000000000005303924:000000000005345336:000000000005345338:000000000005345340:000000000005500062:000000000005541963:000000000005541964:000000000005541968:000000000005541969:000000000005541973:,,,,,,0,0
CoA_FINI_Check,4347728,,000000000005541974:,,,,,,0,0
CoA_FINI_Check,4347729,,000000000005541975:,,,,,,0,0
CoA_FINI_Check,4347730,,000000000005541976:,,,,,,0,0
CoA_FINI_Check,4347731,,000000000005541977:,,,,,,0,0
CoA_FINI_Check,4347732,,000000000005541978:,,,,,,0,0
CoA_FINI_Check,4347733,,000000000005541979:,,,,,,0,0
CoA_FINI_Check,4347734,,000000000005541980:000000000005541981:,,,,,,0,0
CoA_FINI_Check,4347735,,000000000005541982:,,,,,,0,0
CoA_FINI_Check,4347736,,000000000005541983:,,,,,,0,0
CoA_FINI_Check,4347737,,000000000005541984:,,,,,,0,0
CoA_FINI_Check,4347738,,000000000005541985:000000000005541987:,,,,,,0,0
CoA_FINI_Check,4347739,,000000000005541988:,,,,,,0,0
CoA_FINI_Check,4347740,,000000000005541989:,,,,,,0,0
CoA_FINI_Check,4347741,,000000000005541990:,,,,,,0,0
CoA_FINI_Check,4347742,,000000000005541991:,,,,,,0,0
CoA_FINI_Check,4347743,,000000000005541993:,,,,,,0,0
CoA_FINI_Check,4347744,,000000000005541994:,,,,,,0,0
CoA_FINI_Check,4347745,,,,,,,,0,0
CoA_FINI_Check,4347746,,000000000005541995:,,,,,,0,0
CoA_FINI_Check,4347747,,000000000005541996:,,,,,,0,0
CoA_FINI_Check,4347748,,000000000005541997:,,,,,,0,0
CoA_FINI_Check,4347749,,000000000005541998:,,,,,,0,0
CoA_FINI_Check,4347750,,000000000005541999:,,,,,,0,0
CoA_FINI_Check,4347751,,000000000005542000:,,,,,,0,0
CoA_FINI_Check,4347752,,000000000005542001:,,,,,,0,0
CoA_FINI_Check,4347753,,000000000005542002:,,,,,,0,0
CoA_FINI_Check,4347754,,000000000005542003:,,,,,,0,0
CoA_FINI_Check,4347755,,000000000005542004:,,,,,,0,0
CoA_FINI_Check,4347756,,000000000005542006:,,,,,,0,0
CoA_FINI_Check,4347757,,000000000005542008:000000000005542010:,,,,,,0,0
CoA_FINI_Check,4347758,,000000000005542012:,,,,,,0,0
CoA_FINI_Check,4347759,,000000000005542013:,,,,,,0,0
CoA_FINI_Check,4347760,,000000000005542014:,,,,,,0,0
CoA_FINI_Check,4347761,,000000000005542015:,,,,,,0,0
CoA_FINI_Check,4347762,,000000000005542016:,,,,,,0,0
CoA_FINI_Check,4347763,,000000000005542017:,,,,,,0,0
CoA_FINI_Check,4347764,,,,,,,,0,0
CoA_FINI_Check,4347765,,000000000005542019:,,,,,,0,0
CoA_FINI_Check,4347766,,000000000005542020:,,,,,,0,0
CoA_FINI_Check,4347767,,000000000005542021:,,,,,,0,0
CoA_FINI_Check,4347768,,000000000005542022:,,,,,,0,0
CoA_FINI_Check,4347769,,000000000005542024:,,,,,,0,0
CoA_FINI_Check,4347770,,000000000005542025:,,,,,,0,0
CoA_FINI_Check,4347771,,000000000005542026:000000000005542027:,,,,,,0,0
CoA_FINI_Check,4347772,,000000000005542028:,,,,,,0,0
CoA_FINI_Check,4347773,,000000000005542029:,,,,,,0,0
CoA_FINI_Check,4347774,,000000000005542030:,,,,,,0,0
CoA_FINI_Check,4347775,,000000000005542031:000000000005542033:,,,,,,0,0
CoA_FINI_Check,4347776,,000000000005542034:,,,,,,0,0
CoA_FINI_Check,4347777,,000000000005542035:,,,,,,0,0
CoA_FINI_Check,4347778,,000000000005542036:,,,,,,0,0
CoA_FINI_Check,4347779,,000000000005345367:,,,,,,0,0
CoA_FINI_Check,4347780,,000000000005542037:,,,,,,0,0
CoA_FINI_Check,4347781,,000000000005542038:,,,,,,0,0
CoA_FINI_Check,4347782,,000000000005542039:,,,,,,0,0
CoA_FINI_Check,4347783,,000000000005542040:,,,,,,0,0
CoA_FINI_Check,4347784,,000000000005542041:,,,,,,0,0
CoA_FINI_Check,4347785,,000000000005542042:000000000005542043:,,,,,,0,0
CoA_FINI_Check,4347786,,000000000005542044:000000000005542045:000000000005542046:,,,,,,0,0
CoA_FINI_Check,4347787,,000000000005542047:,,,,,,0,0
CoA_FINI_Check,4347788,,000000000005542048:,,,,,,0,0
CoA_FINI_Check,4347789,,000000000005542049:000000000005542050:,,,,,,0,0
CoA_FINI_Check,4347790,,000000000005542051:000000000005542052:,,,,,,0,0
CoA_FINI_Check,4347791,,000000000005542053:,,,,,,0,0
CoA_FINI_Check,4347792,,,,,,,,0,0
CoA_FINI_Check,4347793,,000000000005542055:,,,,,,0,0
CoA_FINI_Check,4347794,,000000000005542056:,,,,,,0,0
CoA_FINI_Check,4347795,,000000000005542057:,,,,,,0,0
CoA_FINI_Check,4347796,,000000000005542058:,,,,,,0,0
CoA_FINI_Check,4347797,,000000000005542059:,,,,,,0,0
CoA_FINI_Check,4347798,,000000000005542060:,,,,,,0,0
CoA_FINI_Check,4347799,,000000000005542061:,,,,,,0,0
CoA_FINI_Check,4347800,,000000000005542062:,,,,,,0,0
CoA_FINI_Check,4347801,,000000000005542064:,,,,,,0,0
CoA_FINI_Check,4347802,,000000000005542066:,,,,,,0,0
CoA_FINI_Check,4347803,,000000000005542067:000000000005542068:,,,,,,0,0
CoA_FINI_Check,4347804,,000000000005542070:,,,,,,0,0
CoA_FINI_Check,4347805,,000000000005542071:,,,,,,0,0
CoA_FINI_Check,4347806,,000000000005542072:,,,,,,0,0
CoA_FINI_Check,4347807,,000000000005542073:,,,,,,0,0
CoA_FINI_Check,4347808,,000000000005542074:,,,,,,0,0
CoA_FINI_Check,4347809,,000000000005542075:,,,,,,0,0
CoA_FINI_Check,4347810,,000000000005542076:,,,,,,0,0
CoA_FINI_Check,4347811,,000000000005542077:,,,,,,0,0
CoA_FINI_Check,4347812,,000000000005542078:,,,,,,0,0
CoA_FINI_Check,4347813,,000000000005542079:,,,,,,0,0
CoA_FINI_Check,4347814,,000000000005542080:,,,,,,0,0
CoA_FINI_Check,4347815,,000000000005542081:,,,,,,0,0
CoA_FINI_Check,4347816,,000000000005217730:000000000005303954:000000000005345401:000000000005345403:000000000005345409:000000000005511213:000000000005532621:000000000005532622:000000000005542082:000000000005542084:000000000005542086:000000000005542089:000000000005542091:,,,,,,0,0
CoA_FINI_Check,4347817,,,,,,,,0,0
CoA_FINI_Check,4347818,,000000000005542093:000000000005542094:,,,,,,0,0
CoA_FINI_Check,4347819,,000000000005542095:,,,,,,0,0
CoA_FINI_Check,4347820,,000000000005542096:000000000005542097:,,,,,,0,0
CoA_FINI_Check,4347821,,000000000005542098:,,,,,,0,0
CoA_FINI_Check,4347822,,000000000005542104:,,,,,,0,0
CoA_FINI_Check,4347823,,,,,,,,0,0
CoA_FINI_Check,4347824,,000000000005542106:,,,,,,0,0
CoA_FINI_Check,4347825,,000000000005542107:,,,,,,0,0
CoA_FINI_Check,4347826,,,,,,,,0,0
CoA_FINI_Check,4347827,,000000000005542108:,,,,,,0,0
CoA_FINI_Check,4347828,,000000000005542109:,,,,,,0,0
CoA_FINI_Check,4347829,,000000000005542110:,,,,,,0,0
CoA_FINI_Check,4347830,,000000000005542112:000000000005542114:,,,,,,0,0
CoA_FINI_Check,4347831,,000000000005542117:,,,,,,0,0
CoA_FINI_Check,4347832,,000000000005542118:,,,,,,0,0
CoA_FINI_Check,4347892,,000000000005345426:,,,,,,0,0
CoA_FINI_Check,4347893,,000000000005303972:000000000005345437:000000000005542232:000000000005542233:000000000005542236:000000000005542237:000000000005542239:,,,,,,0,0
CoA_FINI_Check,4347894,,000000000005303977:000000000005345451:000000000005532656:000000000005542240:000000000005542241:000000000005542243:000000000005542244:,,,,,,0,0
CoA_FINI_Check,4347895,,000000000005542247:,,,,,,0,0
CoA_FINI_Check,4347896,,000000000005542248:000000000005542249:000000000005542250:000000000005542251:,,,,,,0,0
CoA_FINI_Check,4347897,,000000000005542252:,,,,,,0,0
CoA_FINI_Check,4347898,,000000000005542253:000000000005542254:,,,,,,0,0
CoA_FINI_Check,4347899,,000000000005542255:,,,,,,0,0
CoA_FINI_Check,4347900,,000000000005542256:000000000005542257:,,,,,,0,0
CoA_FINI_Check,4347901,,000000000005542258:000000000005542259:,,,,,,0,0
CoA_FINI_Check,4347902,,000000000005542260:,,,,,,0,0
CoA_FINI_Check,4347903,,000000000005345475:000000000005542261:,,,,,,0,0
CoA_FINI_Check,4347904,,000000000005542262:000000000005542263:,,,,,,0,0
CoA_FINI_Check,4347906,,000000000005542266:,,,,,,0,0
CoA_FINI_Check,4348105,,000000000005542620:,,,,,,0,0
CoA_FINI_Check,4348106,,000000000005542622:,,,,,,0,0
CoA_FINI_Check,4348107,,000000000005304228:000000000005345573:000000000005542623:000000000005542624:,,,,,,0,0
CoA_FINI_Check,4348108,,000000000005304232:000000000005345578:000000000005542629:000000000005542630:000000000005542631:,,,,,,0,0
CoA_FINI_Check,4348109,,000000000005542632:000000000005542633:000000000005542634:000000000005542635:,,,,,,0,0
CoA_FINI_Check,4348110,,000000000005542640:000000000005542641:000000000005542642:000000000005542643:000000000005542644:,,,,,,0,0
CoA_FINI_Check,4348111,,,,,,,,0,0
CoA_FINI_Check,4348112,,000000000005542645:000000000005542646:000000000005542647:,,,,,,0,0
CoA_FINI_Check,4348113,,,,,,,,0,0
CoA_FINI_Check,4348114,,000000000005542651:000000000005683147:,,,,,,0,0
CoA_FINI_Check,4348115,,000000000005542653:,,,,,,0,0
CoA_FINI_Check,4348116,,000000000005554284:,,,,,,0,0
CoA_FINI_Check,4348117,,000000000005542656:,,,,,,0,0
CoA_FINI_Check,4348118,,,,,,,,0,0
CoA_FINI_Check,4348119,,000000000005542658:,,,,,,0,0
CoA_FINI_Check,4348120,,000000000005542660:,,,,,,0,0
CoA_FINI_Check,4348121,,000000000005542662:,,,,,,0,0
CoA_FINI_Check,4348122,,000000000005542664:000000000005542665:,,,,,,0,0
CoA_FINI_Check,4348123,,000000000005542668:,,,,,,0,0
CoA_FINI_Check,4348124,,000000000005542670:,,,,,,0,0
CoA_FINI_Check,4348125,,000000000005542673:000000000005542674:,,,,,,0,0
CoA_FINI_Check,4348126,,000000000005542677:,,,,,,0,0
CoA_FINI_Check,4348127,,,,,,,,0,0
CoA_FINI_Check,4348128,,000000000005542679:,,,,,,0,0
CoA_FINI_Check,4348129,,000000000005542681:000000000005542682:,,,,,,0,0
CoA_FINI_Check,4348130,,000000000005542685:,,,,,,0,0
CoA_FINI_Check,4348131,,000000000005542687:,,,,,,0,0
CoA_FINI_Check,4348132,,000000000005542690:,,,,,,0,0
CoA_FINI_Check,4348133,,000000000005542692:,,,,,,0,0
CoA_FINI_Check,4348134,,000000000005542694:,,,,,,0,0
CoA_FINI_Check,4348135,,000000000005542696:,,,,,,0,0
CoA_FINI_Check,4348136,,000000000005542698:,,,,,,0,0
CoA_FINI_Check,4348137,,,,,,,,0,0
CoA_FINI_Check,4348138,,,,,,,,0,0
CoA_FINI_Check,4348139,,,,,,,,0,0
CoA_FINI_Check,4348140,,000000000005542700:,,,,,,0,0
CoA_FINI_Check,4348141,,,,,,,,0,0
CoA_FINI_Check,4348142,,,,,,,,0,0
CoA_FINI_Check,4348143,,000000000005542702:,,,,,,0,0
CoA_FINI_Check,4348144,,,,,,,,0,0
CoA_FINI_Check,4348145,,000000000005542704:,,,,,,0,0
CoA_FINI_Check,4348146,,,,,,,,0,0
CoA_FINI_Check,4348147,,000000000005542706:,,,,,,0,0
CoA_FINI_Check,4348148,,,,,,,,0,0
CoA_FINI_Check,4348149,,000000000005542708:000000000005542709:,,,,,,0,0
CoA_FINI_Check,4348150,,000000000005542712:,,,,,,0,0
CoA_FINI_Check,4348151,,000000000005542714:,,,,,,0,0
CoA_FINI_Check,4348152,,000000000005542716:,,,,,,0,0
CoA_FINI_Check,4348153,,000000000005542718:000000000005542719:,,,,,,0,0
CoA_FINI_Check,4348154,,000000000005542722:,,,,,,0,0
CoA_FINI_Check,4348155,,000000000005542724:,,,,,,0,0
CoA_FINI_Check,4348173,,000000000005542754:,,,,,,0,0
CoA_FINI_Check,4348174,,000000000005542756:,,,,,,0,0
CoA_FINI_Check,4348175,,000000000005542757:,,,,,,0,0
CoA_FINI_Check,4348239,,000000000005542869:,,,,,,0,0
CoA_FINI_Check,4348240,,000000000005542876:000000000005542877:,,,,,,0,0
CoA_FINI_Check,4348241,,000000000005542891:000000000005542892:,,,,,,0,0
CoA_FINI_Check,4348242,,000000000005542894:000000000005542895:,,,,,,0,0
CoA_FINI_Check,4348243,,000000000005345801:000000000005345802:000000000005386085:000000000005542898:000000000005542899:000000000005542901:000000000005542902:000000000005542903:000000000005542904:000000000005542905:000000000005542907:000000000005553990:,,,,,,0,0
CoA_FINI_Check,4348244,,000000000005542908:000000000005542909:000000000005542910:000000000005542911:000000000005542912:000000000005542913:000000000005553991:,,,,,,0,0
CoA_FINI_Check,4348245,,,,,,,,0,0
CoA_FINI_Check,4348246,,000000000005542924:,,,,,,0,0
CoA_FINI_Check,4348247,,000000000005542926:,,,,,,0,0
CoA_FINI_Check,4348248,,000000000005542928:,,,,,,0,0
CoA_FINI_Check,4348249,,000000000005542929:,,,,,,0,0
CoA_FINI_Check,4348250,,000000000005542934:000000000005553995:,,,,,,0,0
CoA_FINI_Check,4348251,,000000000005542936:000000000005542937:000000000005542938:000000000005542939:000000000005542940:,,,,,,0,0
CoA_FINI_Check,4348252,,000000000005542946:,,,,,,0,0
CoA_FINI_Check,4348253,,000000000005542948:,,,,,,0,0
CoA_FINI_Check,4348254,,000000000005542950:,,,,,,0,0
CoA_FINI_Check,4348255,,000000000005542952:,,,,,,0,0
CoA_FINI_Check,4348256,,000000000005542954:,,,,,,0,0
CoA_FINI_Check,4348257,,000000000005542956:,,,,,,0,0
CoA_FINI_Check,4348258,,000000000005542959:000000000005542960:,,,,,,0,0
CoA_FINI_Check,4348259,,000000000005542963:,,,,,,0,0
CoA_FINI_Check,4348260,,000000000005542965:,,,,,,0,0
CoA_FINI_Check,4348261,,000000000005542967:,,,,,,0,0
CoA_FINI_Check,4348262,,000000000005542969:,,,,,,0,0
CoA_FINI_Check,4348263,,000000000005542971:,,,,,,0,0
CoA_FINI_Check,4348264,,000000000005542973:,,,,,,0,0
CoA_FINI_Check,4348265,,000000000005542975:,,,,,,0,0
CoA_FINI_Check,4348266,,000000000005542977:,,,,,,0,0
CoA_FINI_Check,4348267,,000000000005542979:,,,,,,0,0
CoA_FINI_Check,4348268,,000000000005542981:000000000005542982:,,,,,,0,0
CoA_FINI_Check,4348269,,000000000005542985:,,,,,,0,0
CoA_FINI_Check,4348270,,000000000005542987:,,,,,,0,0
CoA_FINI_Check,4348271,,000000000005542989:000000000005542990:,,,,,,0,0
CoA_FINI_Check,4348272,,000000000005542995:,,,,,,0,0
CoA_FINI_Check,4348273,,000000000005542998:,,,,,,0,0
CoA_FINI_Check,4348274,,000000000005543001:000000000005543002:,,,,,,0,0
CoA_FINI_Check,4348275,,000000000005543005:,,,,,,0,0
CoA_FINI_Check,4348276,,000000000005543007:,,,,,,0,0
CoA_FINI_Check,4348277,,,,,,,,0,0
CoA_FINI_Check,4348278,,000000000005543011:,,,,,,0,0
CoA_FINI_Check,4348279,,000000000005543014:,,,,,,0,0
CoA_FINI_Check,4348280,,000000000005543016:,,,,,,0,0
CoA_FINI_Check,4348281,,000000000005543018:,,,,,,0,0
CoA_FINI_Check,4348282,,000000000005543020:,,,,,,0,0
CoA_FINI_Check,4348283,,000000000005543022:000000000005543023:000000000005543024:000000000005543025:000000000005543026:000000000005543027:,,,,,,0,0
CoA_FINI_Check,4348284,,000000000005543033:,,,,,,0,0
CoA_FINI_Check,4348285,,000000000005543035:,,,,,,0,0
CoA_FINI_Check,4348286,,000000000005543037:,,,,,,0,0
CoA_FINI_Check,4348287,,000000000005543039:000000000005543041:,,,,,,0,0
CoA_FINI_Check,4348288,,000000000005543045:,,,,,,0,0
CoA_FINI_Check,4348289,,000000000005543047:,,,,,,0,0
CoA_FINI_Check,4348290,,000000000005543049:000000000005543050:,,,,,,0,0
CoA_FINI_Check,4348291,,000000000005543054:,,,,,,0,0
CoA_FINI_Check,4348292,,000000000005543056:,,,,,,0,0
CoA_FINI_Check,4348293,,000000000005543059:000000000005543060:,,,,,,0,0
CoA_FINI_Check,4348294,,000000000005543063:,,,,,,0,0
CoA_FINI_Check,4348295,,000000000005543065:,,,,,,0,0
CoA_FINI_Check,4348296,,000000000005543067:,,,,,,0,0
CoA_FINI_Check,4348297,,000000000005543069:,,,,,,0,0
CoA_FINI_Check,4348298,,000000000005543071:000000000005543072:,,,,,,0,0
CoA_FINI_Check,4348299,,000000000005543075:000000000005543076:000000000005543077:,,,,,,0,0
CoA_FINI_Check,4348300,,000000000005543082:,,,,,,0,0
CoA_FINI_Check,4348301,,000000000005543084:,,,,,,0,0
CoA_FINI_Check,4348302,,000000000005543086:,,,,,,0,0
CoA_FINI_Check,4348303,,000000000005543088:,,,,,,0,0
CoA_FINI_Check,4348304,,000000000005543090:,,,,,,0,0
CoA_FINI_Check,4348305,,000000000005543092:,,,,,,0,0
CoA_FINI_Check,4348306,,000000000005543094:,,,,,,0,0
CoA_FINI_Check,4348307,,000000000005543099:,,,,,,0,0
CoA_FINI_Check,4348308,,000000000005543101:,,,,,,0,0
CoA_FINI_Check,4348309,,000000000005543103:,,,,,,0,0
CoA_FINI_Check,4348310,,000000000005543105:,,,,,,0,0
CoA_FINI_Check,4348311,,000000000005543108:,,,,,,0,0
CoA_FINI_Check,4348312,,000000000005543110:,,,,,,0,0
CoA_FINI_Check,4348313,,000000000005543112:,,,,,,0,0
CoA_FINI_Check,4348314,,000000000005543114:,,,,,,0,0
CoA_FINI_Check,4348315,,000000000005543117:000000000005543118:,,,,,,0,0
CoA_FINI_Check,4348316,,000000000005543121:,,,,,,0,0
CoA_FINI_Check,4348317,,000000000005543123:,,,,,,0,0
CoA_FINI_Check,4348318,,000000000005543125:,,,,,,0,0
CoA_FINI_Check,4348319,,000000000005543127:,,,,,,0,0
CoA_FINI_Check,4348320,,000000000005543129:,,,,,,0,0
CoA_FINI_Check,4348321,,000000000005543131:,,,,,,0,0
CoA_FINI_Check,4348322,,000000000005543133:,,,,,,0,0
CoA_FINI_Check,4348323,,000000000005543135:,,,,,,0,0
CoA_FINI_Check,4348324,,000000000005543138:000000000005543139:000000000005543140:,,,,,,0,0
CoA_FINI_Check,4348325,,000000000005543145:,,,,,,0,0
CoA_FINI_Check,4348326,,000000000005543147:,,,,,,0,0
CoA_FINI_Check,4348327,,000000000005543149:,,,,,,0,0
CoA_FINI_Check,4348328,,000000000005543151:,,,,,,0,0
CoA_FINI_Check,4348329,,000000000005543153:,,,,,,0,0
CoA_FINI_Check,4348330,,000000000005543156:,,,,,,0,0
CoA_FINI_Check,4348331,,000000000005543159:000000000005543160:,,,,,,0,0
CoA_FINI_Check,4348332,,000000000005543164:000000000005543165:000000000005543166:,,,,,,0,0
CoA_FINI_Check,4348333,,000000000005543171:,,,,,,0,0
CoA_FINI_Check,4348334,,000000000005543173:,,,,,,0,0
CoA_FINI_Check,4348335,,000000000005543175:000000000005543176:,,,,,,0,0
CoA_FINI_Check,4348336,,000000000005543180:000000000005543181:000000000005543182:000000000005543183:,,,,,,0,0
CoA_FINI_Check,4348337,,000000000005543188:,,,,,,0,0
CoA_FINI_Check,4348338,,000000000005543190:,,,,,,0,0
CoA_FINI_Check,4348339,,000000000005543192:000000000005543193:,,,,,,0,0
CoA_FINI_Check,4348340,,000000000005543196:,,,,,,0,0
CoA_FINI_Check,4348341,,000000000005543199:,,,,,,0,0
CoA_FINI_Check,4348342,,000000000005543201:,,,,,,0,0
CoA_FINI_Check,4348343,,000000000005543203:,,,,,,0,0
CoA_FINI_Check,4348344,,000000000005543206:,,,,,,0,0
CoA_FINI_Check,4348345,,000000000005543208:,,,,,,0,0
CoA_FINI_Check,4348346,,000000000005543210:,,,,,,0,0
CoA_FINI_Check,4348347,,000000000005543212:,,,,,,0,0
CoA_FINI_Check,4348348,,000000000005543214:,,,,,,0,0
CoA_FINI_Check,4348349,,000000000005543216:,,,,,,0,0
CoA_FINI_Check,4348350,,000000000005543218:,,,,,,0,0
CoA_FINI_Check,4348351,,000000000005543220:,,,,,,0,0
CoA_FINI_Check,4348352,,000000000005543222:,,,,,,0,0
CoA_FINI_Check,4348353,,000000000005543224:,,,,,,0,0
CoA_FINI_Check,4348354,,000000000005543226:,,,,,,0,0
CoA_FINI_Check,4348355,,000000000005543230:,,,,,,0,0
CoA_FINI_Check,4348356,,000000000005345936:000000000005543232:000000000005543233:000000000005543234:000000000005543235:,,,,,,0,0
CoA_FINI_Check,4348357,,000000000005543241:,,,,,,0,0
CoA_FINI_Check,4348358,,000000000005543243:,,,,,,0,0
CoA_FINI_Check,4348359,,000000000005543245:,,,,,,0,0
CoA_FINI_Check,4348360,,000000000005543247:,,,,,,0,0
CoA_FINI_Check,4348361,,,,,,,,0,0
CoA_FINI_Check,4348362,,000000000005543249:000000000005543250:,,,,,,0,0
CoA_FINI_Check,4348363,,000000000005543253:000000000005543254:000000000005543255:000000000005543256:000000000005543257:,,,,,,0,0
CoA_FINI_Check,4348364,,000000000005543267:,,,,,,0,0
CoA_FINI_Check,4348365,,000000000005543269:,,,,,,0,0
CoA_FINI_Check,4348366,,000000000005500648:000000000005543271:000000000005543272:000000000005543273:000000000005543274:000000000005543275:,,,,,,0,0
CoA_FINI_Check,4348367,,000000000005543286:,,,,,,0,0
CoA_FINI_Check,4348368,,000000000005543288:,,,,,,0,0
CoA_FINI_Check,4348369,,000000000005543290:,,,,,,0,0
CoA_FINI_Check,4348370,,000000000005543292:000000000005543293:000000000005543294:000000000005543295:000000000005543296:000000000005543297:,,,,,,0,0
CoA_FINI_Check,4348371,,000000000005543305:000000000005543306:,,,,,,0,0
CoA_FINI_Check,4348372,,000000000005543308:,,,,,,0,0
CoA_FINI_Check,4348373,,000000000005543310:,,,,,,0,0
CoA_FINI_Check,4348374,,000000000005543312:,,,,,,0,0
CoA_FINI_Check,4348375,,000000000005543314:,,,,,,0,0
CoA_FINI_Check,4348376,,000000000005543316:,,,,,,0,0
CoA_FINI_Check,4348377,,000000000005543318:,,,,,,0,0
CoA_FINI_Check,4348378,,000000000005543320:,,,,,,0,0
CoA_FINI_Check,4348379,,000000000005543322:,,,,,,0,0
CoA_FINI_Check,4348380,,000000000005543325:,,,,,,0,0
CoA_FINI_Check,4348381,,000000000005543327:,,,,,,0,0
CoA_FINI_Check,4348382,,000000000005543329:,,,,,,0,0
CoA_FINI_Check,4348383,,000000000005543331:,,,,,,0,0
CoA_FINI_Check,4348384,,000000000005543333:,,,,,,0,0
CoA_FINI_Check,4348385,,000000000005543335:,,,,,,0,0
CoA_FINI_Check,4348386,,000000000005543337:,,,,,,0,0
CoA_FINI_Check,4348387,,000000000005543339:,,,,,,0,0
CoA_FINI_Check,4348388,,000000000005543341:000000000005543342:,,,,,,0,0
CoA_FINI_Check,4348389,,000000000005543345:,,,,,,0,0
CoA_FINI_Check,4348390,,000000000005543347:,,,,,,0,0
CoA_FINI_Check,4348391,,000000000005543349:,,,,,,0,0
CoA_FINI_Check,4348392,,000000000005543351:,,,,,,0,0
CoA_FINI_Check,4348393,,000000000005543353:,,,,,,0,0
CoA_FINI_Check,4348394,,000000000005543355:,,,,,,0,0
CoA_FINI_Check,4348395,,000000000005543357:,,,,,,0,0
CoA_FINI_Check,4348396,,000000000005543359:,,,,,,0,0
CoA_FINI_Check,4348397,,000000000005543361:,,,,,,0,0
CoA_FINI_Check,4348398,,000000000005543363:,,,,,,0,0
CoA_FINI_Check,4348399,,000000000005543365:,,,,,,0,0
CoA_FINI_Check,4348400,,,,,,,,0,0
CoA_FINI_Check,4348401,,000000000005543369:,,,,,,0,0
CoA_FINI_Check,4348402,,000000000005543371:,,,,,,0,0
CoA_FINI_Check,4348403,,000000000005543373:,,,,,,0,0
CoA_FINI_Check,4348404,,000000000005543375:,,,,,,0,0
CoA_FINI_Check,4348405,,000000000005543382:,,,,,,0,0
CoA_FINI_Check,4348406,,000000000005543384:000000000005543385:,,,,,,0,0
CoA_FINI_Check,4348407,,000000000005543392:,,,,,,0,0
CoA_FINI_Check,4348408,,000000000005543394:,,,,,,0,0
CoA_FINI_Check,4348409,,000000000005543396:,,,,,,0,0
CoA_FINI_Check,4348410,,000000000005543398:,,,,,,0,0
CoA_FINI_Check,4348411,,000000000005543400:,,,,,,0,0
CoA_FINI_Check,4348412,,000000000005543402:,,,,,,0,0
CoA_FINI_Check,4348413,,000000000005543404:000000000005543405:,,,,,,0,0
CoA_FINI_Check,4348414,,000000000005543408:,,,,,,0,0
CoA_FINI_Check,4348415,,000000000005543410:,,,,,,0,0
CoA_FINI_Check,4348416,,000000000005543412:,,,,,,0,0
CoA_FINI_Check,4348417,,000000000005543414:,,,,,,0,0
CoA_FINI_Check,4348418,,000000000005543416:000000000005543417:,,,,,,0,0
CoA_FINI_Check,4348419,,000000000005543420:,,,,,,0,0
CoA_FINI_Check,4348420,,000000000005543422:,,,,,,0,0
CoA_FINI_Check,4348421,,000000000005543424:000000000005543425:000000000005543426:,,,,,,0,0
CoA_FINI_Check,4348422,,000000000005543436:,,,,,,0,0
CoA_FINI_Check,4348423,,000000000005543438:,,,,,,0,0
CoA_FINI_Check,4348424,,000000000005543441:,,,,,,0,0
CoA_FINI_Check,4348425,,000000000005543443:,,,,,,0,0
CoA_FINI_Check,4348426,,000000000005543445:,,,,,,0,0
CoA_FINI_Check,4348427,,,,,,,,0,0
CoA_FINI_Check,4348428,,000000000005543447:,,,,,,0,0
CoA_FINI_Check,4348429,,000000000005543449:,,,,,,0,0
CoA_FINI_Check,4348430,,000000000005543451:,,,,,,0,0
CoA_FINI_Check,4348431,,000000000005543453:,,,,,,0,0
CoA_FINI_Check,4348432,,000000000005543455:,,,,,,0,0
CoA_FINI_Check,4348433,,000000000005543457:,,,,,,0,0
CoA_FINI_Check,4348434,,000000000005543459:,,,,,,0,0
CoA_FINI_Check,4348435,,000000000005543461:,,,,,,0,0
CoA_FINI_Check,4348436,,000000000005543463:,,,,,,0,0
CoA_FINI_Check,4348437,,000000000005543465:,,,,,,0,0
CoA_FINI_Check,4348438,,000000000005543467:,,,,,,0,0
CoA_FINI_Check,4348439,,000000000005543469:,,,,,,0,0
CoA_FINI_Check,4348440,,000000000005543471:,,,,,,0,0
CoA_FINI_Check,4348441,,000000000005543473:,,,,,,0,0
CoA_FINI_Check,4348442,,000000000005543475:,,,,,,0,0
CoA_FINI_Check,4348443,,000000000005543477:,,,,,,0,0
CoA_FINI_Check,4348444,,000000000005543479:,,,,,,0,0
CoA_FINI_Check,4348445,,000000000005543481:,,,,,,0,0
CoA_FINI_Check,4348446,,000000000005543483:000000000005543484:000000000005543485:000000000005543486:000000000005543487:000000000005543488:,,,,,,0,0
CoA_FINI_Check,4348447,,,,,,,,0,0
CoA_FINI_Check,4348448,,000000000005543501:,,,,,,0,0
CoA_FINI_Check,4348449,,000000000005543503:,,,,,,0,0
CoA_FINI_Check,4348450,,000000000005543505:,,,,,,0,0
CoA_FINI_Check,4348451,,000000000005543509:,,,,,,0,0
CoA_FINI_Check,4348452,,000000000005543511:,,,,,,0,0
CoA_FINI_Check,4348453,,000000000005543513:,,,,,,0,0
CoA_FINI_Check,4348454,,000000000005543515:,,,,,,0,0
CoA_FINI_Check,4348455,,000000000005543517:,,,,,,0,0
CoA_FINI_Check,4348456,,,,,,,,0,0
CoA_FINI_Check,4348457,,000000000005543519:,,,,,,0,0
CoA_FINI_Check,4348458,,000000000005543521:,,,,,,0,0
CoA_FINI_Check,4348459,,000000000005543523:,,,,,,0,0
CoA_FINI_Check,4348460,,000000000005543525:,,,,,,0,0
CoA_FINI_Check,4348461,,000000000005543527:,,,,,,0,0
CoA_FINI_Check,4348462,,,,,,,,0,0
CoA_FINI_Check,4348732,,000000000005543998:,,,,,,0,0
CoA_FINI_Check,4348733,,000000000005544000:,,,,,,0,0
CoA_FINI_Check,4348734,,000000000005346089:000000000005544002:000000000005544003:000000000005544004:000000000005544005:000000000005544006:,,,,,,0,0
CoA_FINI_Check,4348735,,000000000005346103:000000000005544016:000000000005544017:000000000005544018:000000000005544019:,,,,,,0,0
CoA_FINI_Check,4348736,,000000000005544023:,,,,,,0,0
CoA_FINI_Check,4348737,,000000000005544025:000000000005544026:,,,,,,0,0
CoA_FINI_Check,4348738,,000000000005544029:000000000005687398:,,,,,,0,0
CoA_FINI_Check,4348739,,000000000005544032:000000000005544033:000000000005687399:,,,,,,0,0
CoA_FINI_Check,4348740,,000000000005544034:000000000005544035:,,,,,,0,0
CoA_FINI_Check,4348741,,000000000005544040:,,,,,,0,0
CoA_FINI_Check,4348742,,000000000005544042:000000000005544043:000000000005544044:000000000005544045:000000000005544046:000000000005544047:000000000005544048:,,,,,,0,0
CoA_FINI_Check,4348743,,000000000005544061:,,,,,,0,0
CoA_FINI_Check,4348744,,000000000005544065:000000000005544066:,,,,,,0,0
CoA_FINI_Check,4348745,,000000000005544074:000000000005544075:000000000005544076:000000000005544077:,,,,,,0,0
CoA_FINI_Check,4348746,,000000000005544078:000000000005544079:000000000005544080:000000000005544081:,,,,,,0,0
CoA_FINI_Check,4348747,,000000000005544082:,,,,,,0,0
CoA_FINI_Check,4348748,,000000000005544085:000000000005544086:,,,,,,0,0
CoA_FINI_Check,4348749,,000000000005544091:000000000005544092:,,,,,,0,0
CoA_FINI_Check,4348750,,000000000005544093:000000000005544094:,,,,,,0,0
CoA_FINI_Check,4348751,,000000000005544095:000000000005544096:000000000005544097:000000000005544098:000000000005544099:,,,,,,0,0
CoA_FINI_Check,4348752,,000000000005544100:,,,,,,0,0
CoA_FINI_Check,4348753,,000000000005544103:000000000005544104:,,,,,,0,0
CoA_FINI_Check,4348754,,000000000005544107:000000000005544108:,,,,,,0,0
CoA_FINI_Check,4348755,,000000000005544109:000000000005544110:,,,,,,0,0
CoA_FINI_Check,4348756,,,,,,,,0,0
CoA_FINI_Check,4348757,,000000000005544113:000000000005544114:000000000005544115:000000000005544116:,,,,,,0,0
CoA_FINI_Check,4348758,,,,,,,,0,0
CoA_FINI_Check,4348759,,,,,,,,0,0
CoA_FINI_Check,4348760,,,,,,,,0,0
CoA_FINI_Check,4348761,,000000000005544117:000000000005544118:,,,,,,0,0
CoA_FINI_Check,4348762,,,,,,,,0,0
CoA_FINI_Check,4348763,,000000000005544122:,,,,,,0,0
CoA_FINI_Check,4348764,,000000000005544124:000000000005544125:000000000005544126:,,,,,,0,0
CoA_FINI_Check,4348765,,000000000005544130:,,,,,,0,0
CoA_FINI_Check,4348766,,,,,,,,0,0
CoA_FINI_Check,4348767,,000000000005544132:000000000005544133:000000000005544134:000000000005544135:000000000005544136:000000000005544137:,,,,,,0,0
CoA_FINI_Check,4348768,,000000000005544138:,,,,,,0,0
CoA_FINI_Check,4348769,,000000000005544140:,,,,,,0,0
CoA_FINI_Check,4348770,,000000000005386186:,,,,,,0,0
CoA_FINI_Check,4348771,,000000000005544142:,,,,,,0,0
CoA_FINI_Check,4348772,,000000000005544144:,,,,,,0,0
CoA_FINI_Check,4348773,,,,,,,,0,0
CoA_FINI_Check,4348774,,000000000005544146:,,,,,,0,0
CoA_FINI_Check,4348775,,000000000005544148:000000000005544149:,,,,,,0,0
CoA_FINI_Check,4348776,,,,,,,,0,0
CoA_FINI_Check,4348777,,000000000005544152:000000000005544153:000000000005544154:,,,,,,0,0
CoA_FINI_Check,4348778,,,,,,,,0,0
CoA_FINI_Check,4348779,,000000000005544158:000000000005544159:,,,,,,0,0
CoA_FINI_Check,4348780,,000000000005544163:,,,,,,0,0
CoA_FINI_Check,4348781,,000000000005544167:,,,,,,0,0
CoA_FINI_Check,4348782,,000000000005544169:000000000005544170:,,,,,,0,0
CoA_FINI_Check,4348783,,000000000005544173:,,,,,,0,0
CoA_FINI_Check,4348784,,000000000005544175:,,,,,,0,0
CoA_FINI_Check,4348785,,000000000005544178:,,,,,,0,0
CoA_FINI_Check,4348786,,000000000005544180:,,,,,,0,0
CoA_FINI_Check,4348787,,000000000005544182:000000000005544183:,,,,,,0,0
CoA_FINI_Check,4348788,,000000000005544186:,,,,,,0,0
CoA_FINI_Check,4348789,,000000000005544190:,,,,,,0,0
CoA_FINI_Check,4348790,,000000000005544192:,,,,,,0,0
CoA_FINI_Check,4348791,,000000000005544194:000000000005544195:,,,,,,0,0
CoA_FINI_Check,4348792,,000000000005544200:,,,,,,0,0
CoA_FINI_Check,4348793,,000000000005544202:,,,,,,0,0
CoA_FINI_Check,4348794,,000000000005544205:,,,,,,0,0
CoA_FINI_Check,4348795,,000000000005544207:,,,,,,0,0
CoA_FINI_Check,4348796,,000000000005544210:,,,,,,0,0
CoA_FINI_Check,4348797,,000000000005544213:000000000005544214:000000000005544215:,,,,,,0,0
CoA_FINI_Check,4348798,,000000000005544221:,,,,,,0,0
CoA_FINI_Check,4348799,,000000000005544225:,,,,,,0,0
CoA_FINI_Check,4348800,,000000000005544227:,,,,,,0,0
CoA_FINI_Check,4348801,,000000000005544231:,,,,,,0,0
CoA_FINI_Check,4348802,,000000000005544233:,,,,,,0,0
CoA_FINI_Check,4348803,,000000000005544237:,,,,,,0,0
CoA_FINI_Check,4348804,,000000000005544239:000000000005544240:,,,,,,0,0
CoA_FINI_Check,4348805,,000000000005544243:,,,,,,0,0
CoA_FINI_Check,4348806,,000000000005544246:,,,,,,0,0
CoA_FINI_Check,4348807,,000000000005544250:,,,,,,0,0
CoA_FINI_Check,4348808,,000000000005544253:,,,,,,0,0
CoA_FINI_Check,4348809,,000000000005544255:,,,,,,0,0
CoA_FINI_Check,4348810,,000000000005544257:,,,,,,0,0
CoA_FINI_Check,4348811,,000000000005544260:,,,,,,0,0
CoA_FINI_Check,4348812,,000000000005544262:,,,,,,0,0
CoA_FINI_Check,4348813,,000000000005544264:,,,,,,0,0
CoA_FINI_Check,4348814,,000000000005544268:,,,,,,0,0
CoA_FINI_Check,4348815,,000000000005544270:,,,,,,0,0
CoA_FINI_Check,4348816,,000000000005544272:,,,,,,0,0
CoA_FINI_Check,4348817,,000000000005544274:,,,,,,0,0
CoA_FINI_Check,4348818,,000000000005544276:000000000005544279:,,,,,,0,0
CoA_FINI_Check,4348819,,000000000005544281:000000000005544282:,,,,,,0,0
CoA_FINI_Check,4348820,,000000000005544287:000000000005544288:,,,,,,0,0
CoA_FINI_Check,4348821,,000000000005544293:,,,,,,0,0
CoA_FINI_Check,4348822,,000000000005544295:,,,,,,0,0
CoA_FINI_Check,4348823,,000000000005544297:,,,,,,0,0
CoA_FINI_Check,4348824,,000000000005544299:,,,,,,0,0
CoA_FINI_Check,4348825,,000000000005544301:,,,,,,0,0
CoA_FINI_Check,4348826,,000000000005544305:,,,,,,0,0
CoA_FINI_Check,4348827,,000000000005544308:000000000005544309:,,,,,,0,0
CoA_FINI_Check,4348828,,000000000005544313:000000000005544314:,,,,,,0,0
CoA_FINI_Check,4348829,,000000000005544321:,,,,,,0,0
CoA_FINI_Check,4348830,,000000000005544323:,,,,,,0,0
CoA_FINI_Check,4348831,,000000000005544325:,,,,,,0,0
CoA_FINI_Check,4348832,,000000000005544327:,,,,,,0,0
CoA_FINI_Check,4348833,,000000000005544329:,,,,,,0,0
CoA_FINI_Check,4348834,,000000000005544331:,,,,,,0,0
CoA_FINI_Check,4348835,,000000000005544333:,,,,,,0,0
CoA_FINI_Check,4348836,,000000000005544335:,,,,,,0,0
CoA_FINI_Check,4348837,,000000000005544337:,,,,,,0,0
CoA_FINI_Check,4348838,,000000000005544341:,,,,,,0,0
CoA_FINI_Check,4348839,,000000000005544343:,,,,,,0,0
CoA_FINI_Check,4348840,,000000000005544345:,,,,,,0,0
CoA_FINI_Check,4348841,,000000000005544347:,,,,,,0,0
CoA_FINI_Check,4348842,,,,,,,,0,0
CoA_FINI_Check,4348843,,000000000005544349:,,,,,,0,0
CoA_FINI_Check,4348844,,000000000005544351:,,,,,,0,0
CoA_FINI_Check,4348845,,000000000005544353:,,,,,,0,0
CoA_FINI_Check,4348846,,000000000005544355:,,,,,,0,0
CoA_FINI_Check,4348847,,000000000005544357:,,,,,,0,0
CoA_FINI_Check,4348848,,000000000005544359:,,,,,,0,0
CoA_FINI_Check,4348849,,000000000005544362:,,,,,,0,0
CoA_FINI_Check,4348850,,000000000005544366:,,,,,,0,0
CoA_FINI_Check,4348851,,000000000005544368:000000000005544369:,,,,,,0,0
CoA_FINI_Check,4348852,,000000000005544371:,,,,,,0,0
CoA_FINI_Check,4348853,,000000000005544373:000000000005544374:,,,,,,0,0
CoA_FINI_Check,4348854,,000000000005544379:000000000005544380:,,,,,,0,0
CoA_FINI_Check,4348855,,000000000005544384:000000000005554293:,,,,,,0,0
CoA_FINI_Check,4348856,,000000000005544386:000000000005544387:,,,,,,0,0
CoA_FINI_Check,4348857,,000000000005544392:,,,,,,0,0
CoA_FINI_Check,4348858,,000000000005544395:,,,,,,0,0
CoA_FINI_Check,4348859,,000000000005544397:,,,,,,0,0
CoA_FINI_Check,4348860,,000000000005544399:,,,,,,0,0
CoA_FINI_Check,4348861,,000000000005544402:,,,,,,0,0
CoA_FINI_Check,4348862,,000000000005544404:,,,,,,0,0
CoA_FINI_Check,4349374,,000000000005545255:000000000005545256:000000000005545257:000000000005545258:,,,,,,0,0
CoA_FINI_Check,4349375,,000000000005545259:,,,,,,0,0
CoA_FINI_Check,4349376,,000000000005545261:,,,,,,0,0
CoA_FINI_Check,4349377,,000000000005545263:000000000005545264:,,,,,,0,0
CoA_FINI_Check,4349378,,000000000005545267:,,,,,,0,0
CoA_FINI_Check,4349379,,000000000005545269:000000000005545270:,,,,,,0,0
CoA_FINI_Check,4349380,,000000000005545273:,,,,,,0,0
CoA_FINI_Check,4349381,,000000000005545275:,,,,,,0,0
CoA_FINI_Check,4349382,,000000000005545277:,,,,,,0,0
CoA_FINI_Check,4349383,,000000000005545279:,,,,,,0,0
CoA_FINI_Check,4349384,,000000000005545281:,,,,,,0,0
CoA_FINI_Check,4349385,,000000000005545283:,,,,,,0,0
CoA_FINI_Check,4349386,,000000000005545285:,,,,,,0,0
CoA_FINI_Check,4349387,,000000000005545287:000000000005545288:,,,,,,0,0
CoA_FINI_Check,4349388,,000000000005545290:,,,,,,0,0
CoA_FINI_Check,4349389,,000000000005545292:,,,,,,0,0
CoA_FINI_Check,4349390,,000000000005545294:,,,,,,0,0
CoA_FINI_Check,4349391,,000000000005545296:,,,,,,0,0
CoA_FINI_Check,4349392,,000000000005545298:,,,,,,0,0
CoA_FINI_Check,4349393,,000000000005545300:,,,,,,0,0
CoA_FINI_Check,4349394,,000000000005545302:,,,,,,0,0
CoA_FINI_Check,4349395,,000000000005545304:,,,,,,0,0
CoA_FINI_Check,4349396,,000000000005545306:,,,,,,0,0
CoA_FINI_Check,4349397,,000000000005545308:,,,,,,0,0
CoA_FINI_Check,4349398,,000000000005545310:000000000005545311:,,,,,,0,0
CoA_FINI_Check,4349399,,000000000005545314:,,,,,,0,0
CoA_FINI_Check,4349400,,000000000005545317:000000000005545318:,,,,,,0,0
CoA_FINI_Check,4349401,,000000000005545321:,,,,,,0,0
CoA_FINI_Check,4349402,,000000000005545323:000000000005545324:000000000005545325:,,,,,,0,0
CoA_FINI_Check,4349403,,000000000005545329:,,,,,,0,0
CoA_FINI_Check,4349404,,,,,,,,0,0
CoA_FINI_Check,4349405,,000000000005545331:,,,,,,0,0
CoA_FINI_Check,4349406,,000000000005545333:,,,,,,0,0
CoA_FINI_Check,4349407,,000000000005545335:,,,,,,0,0
CoA_FINI_Check,4349408,,000000000005545337:,,,,,,0,0
CoA_FINI_Check,4349409,,000000000005545339:,,,,,,0,0
CoA_FINI_Check,4349410,,000000000005545341:000000000005545342:,,,,,,0,0
CoA_FINI_Check,4349411,,000000000005545345:,,,,,,0,0
CoA_FINI_Check,4349412,,000000000005545348:,,,,,,0,0
CoA_FINI_Check,4349413,,000000000005545350:000000000005545351:,,,,,,0,0
CoA_FINI_Check,4349414,,000000000005545354:,,,,,,0,0
CoA_FINI_Check,4349415,,000000000005545356:,,,,,,0,0
CoA_FINI_Check,4349416,,000000000005545358:,,,,,,0,0
CoA_FINI_Check,4349535,,000000000005346528:000000000005545569:000000000005545570:000000000005545572:000000000005545573:000000000005545574:000000000005545575:000000000005545576:,,,,,,0,0
CoA_FINI_Check,4349536,,,,,,,,0,0
CoA_FINI_Check,4349537,,,,,,,,0,0
CoA_FINI_Check,4349538,,000000000005346552:000000000005386299:000000000005545589:000000000005545590:000000000005545592:000000000005545593:000000000005545594:000000000005545595:000000000005545596:000000000005545597:,,,,,,0,0
CoA_FINI_Check,4349539,,,,,,,,0,0
CoA_FINI_Check,4349540,,,,,,,,0,0
CoA_FINI_Check,4349541,,000000000005346582:000000000005386309:000000000005545612:000000000005545613:000000000005545614:000000000005545615:000000000005545616:000000000005545617:000000000005545618:,,,,,,0,0
CoA_FINI_Check,4349542,,,,,,,,0,0
CoA_FINI_Check,4349543,,,,,,,,0,0
CoA_FINI_Check,4349544,,000000000005545619:000000000005545620:,,,,,,0,0
CoA_FINI_Check,4349545,,,,,,,,0,0
CoA_FINI_Check,4349546,,000000000005545623:000000000005545624:,,,,,,0,0
CoA_FINI_Check,4349547,,,,,,,,0,0
CoA_FINI_Check,4349548,,000000000005545629:,,,,,,0,0
CoA_FINI_Check,4349549,,000000000005545631:000000000005545632:,,,,,,0,0
CoA_FINI_Check,4349550,,,,,,,,0,0
CoA_FINI_Check,4349551,,000000000005545635:000000000005545636:,,,,,,0,0
CoA_FINI_Check,4349552,,,,,,,,0,0
CoA_FINI_Check,4349553,,000000000005545639:000000000005545640:,,,,,,0,0
CoA_FINI_Check,4349554,,,,,,,,0,0
CoA_FINI_Check,4349555,,000000000005545641:,,,,,,0,0
CoA_FINI_Check,4349556,,000000000005545644:,,,,,,0,0
CoA_FINI_Check,4349557,,000000000005545646:,,,,,,0,0
CoA_FINI_Check,4349558,,000000000005545647:,,,,,,0,0
CoA_FINI_Check,4349559,,000000000005545649:000000000005545650:000000000005545651:,,,,,,0,0
CoA_FINI_Check,4349560,,,,,,,,0,0
CoA_FINI_Check,4349561,,000000000005545652:000000000005545653:000000000005545654:,,,,,,0,0
CoA_FINI_Check,4349562,,,,,,,,0,0
CoA_FINI_Check,4349563,,000000000005545658:,,,,,,0,0
CoA_FINI_Check,4349564,,000000000005545660:000000000005545661:,,,,,,0,0
CoA_FINI_Check,4349565,,000000000005545663:000000000005545664:,,,,,,0,0
CoA_FINI_Check,4349566,,000000000005545667:,,,,,,0,0
CoA_FINI_Check,4349567,,000000000005545669:,,,,,,0,0
CoA_FINI_Check,4349568,,000000000005545671:,,,,,,0,0
CoA_FINI_Check,4349569,,000000000005545673:,,,,,,0,0
CoA_FINI_Check,4349570,,000000000005545675:000000000005545676:,,,,,,0,0
CoA_FINI_Check,4349571,,000000000005545679:,,,,,,0,0
CoA_FINI_Check,4349572,,000000000005545681:,,,,,,0,0
CoA_FINI_Check,4349573,,000000000005545683:000000000005545684:,,,,,,0,0
CoA_FINI_Check,4349574,,000000000005545687:,,,,,,0,0
CoA_FINI_Check,4349575,,000000000005545689:,,,,,,0,0
CoA_FINI_Check,4349576,,000000000005545691:,,,,,,0,0
CoA_FINI_Check,4349577,,000000000005545693:,,,,,,0,0
CoA_FINI_Check,4349578,,000000000005545695:,,,,,,0,0
CoA_FINI_Check,4349579,,000000000005545697:,,,,,,0,0
CoA_FINI_Check,4349580,,000000000005545699:,,,,,,0,0
CoA_FINI_Check,4349581,,000000000005545701:,,,,,,0,0
CoA_FINI_Check,4349582,,000000000005545703:,,,,,,0,0
CoA_FINI_Check,4349583,,000000000005545704:,,,,,,0,0
CoA_FINI_Check,4349584,,000000000005545706:,,,,,,0,0
CoA_FINI_Check,4349585,,000000000005545708:,,,,,,0,0
CoA_FINI_Check,4349586,,000000000005545710:,,,,,,0,0
CoA_FINI_Check,4349587,,000000000005545712:,,,,,,0,0
CoA_FINI_Check,4349588,,000000000005545714:000000000005545715:,,,,,,0,0
CoA_FINI_Check,4349589,,,,,,,,0,0
CoA_FINI_Check,4349590,,000000000005545718:,,,,,,0,0
CoA_FINI_Check,4349591,,000000000005545720:,,,,,,0,0
CoA_FINI_Check,4349592,,000000000005545722:,,,,,,0,0
CoA_FINI_Check,4349593,,000000000005545724:,,,,,,0,0
CoA_FINI_Check,4349594,,000000000005545726:,,,,,,0,0
CoA_FINI_Check,4349595,,000000000005545728:,,,,,,0,0
CoA_FINI_Check,4349596,,000000000005545730:,,,,,,0,0
CoA_FINI_Check,4349597,,000000000005545732:,,,,,,0,0
CoA_FINI_Check,4349598,,000000000005545734:000000000005545735:,,,,,,0,0
CoA_FINI_Check,4349599,,000000000005545738:,,,,,,0,0
CoA_FINI_Check,4349600,,000000000005545740:,,,,,,0,0
CoA_FINI_Check,4349601,,000000000005545742:000000000005545743:,,,,,,0,0
CoA_FINI_Check,4349602,,000000000005545746:,,,,,,0,0
CoA_FINI_Check,4349603,,000000000005545748:,,,,,,0,0
CoA_FINI_Check,4349604,,000000000005545750:,,,,,,0,0
CoA_FINI_Check,4349605,,000000000005545752:,,,,,,0,0
CoA_FINI_Check,4349606,,000000000005545754:,,,,,,0,0
CoA_FINI_Check,4349607,,000000000005545756:000000000005545757:,,,,,,0,0
CoA_FINI_Check,4349608,,,,,,,,0,0
CoA_FINI_Check,4349609,,000000000005545760:,,,,,,0,0
CoA_FINI_Check,4349610,,000000000005545762:,,,,,,0,0
CoA_FINI_Check,4349611,,000000000005545764:,,,,,,0,0
CoA_FINI_Check,4349612,,000000000005545766:,,,,,,0,0
CoA_FINI_Check,4349613,,000000000005545768:,,,,,,0,0
CoA_FINI_Check,4349614,,000000000005545770:,,,,,,0,0
CoA_FINI_Check,4349615,,000000000005545772:,,,,,,0,0
CoA_FINI_Check,4349616,,000000000005545774:,,,,,,0,0
CoA_FINI_Check,4349617,,000000000005545776:000000000005545777:,,,,,,0,0
CoA_FINI_Check,4349618,,,,,,,,0,0
CoA_FINI_Check,4349619,,000000000005545780:,,,,,,0,0
CoA_FINI_Check,4349620,,000000000005545782:,,,,,,0,0
CoA_FINI_Check,4349621,,000000000005545784:,,,,,,0,0
CoA_FINI_Check,4349622,,,,,,,,0,0
CoA_FINI_Check,4349747,,000000000005545997:000000000005545998:000000000005545999:000000000005546000:000000000005546001:000000000005546002:000000000005546003:000000000005546004:,,,,,,0,0
CoA_FINI_Check,4349748,,,,,,,,0,0
CoA_FINI_Check,4349749,,000000000005546012:000000000005546013:000000000005546014:,,,,,,0,0
CoA_FINI_Check,4349750,,000000000005546019:000000000005546020:,,,,,,0,0
CoA_FINI_Check,4349751,,000000000005546024:,,,,,,0,0
CoA_FINI_Check,4349752,,000000000005546026:000000000005546027:,,,,,,0,0
CoA_FINI_Check,4349753,,000000000005546028:000000000005546029:,,,,,,0,0
CoA_FINI_Check,4349754,,,,,,,,0,0
CoA_FINI_Check,4349755,,000000000005546032:000000000005546033:,,,,,,0,0
CoA_FINI_Check,4349756,,000000000005546039:,,,,,,0,0
CoA_FINI_Check,4349757,,,,,,,,0,0
CoA_FINI_Check,4349758,,000000000005546040:,,,,,,0,0
CoA_FINI_Check,4349759,,000000000005546042:000000000005546043:000000000005546044:000000000005546045:000000000005546046:000000000005546047:000000000005546048:000000000005546049:000000000005546050:000000000005546051:000000000005546052:000000000005546053:,,,,,,0,0
CoA_FINI_Check,4349760,,,,,,,,0,0
CoA_FINI_Check,4349761,,000000000005546069:000000000005546070:,,,,,,0,0
CoA_FINI_Check,4349762,,,,,,,,0,0
CoA_FINI_Check,4349763,,000000000005546073:,,,,,,0,0
CoA_FINI_Check,4349764,,000000000005546079:000000000005546080:000000000005546081:000000000005546082:000000000005546083:000000000005546084:000000000005546085:000000000005546086:,,,,,,0,0
CoA_FINI_Check,4349765,,000000000005546087:000000000005546088:,,,,,,0,0
CoA_FINI_Check,4349766,,000000000005546091:000000000005546092:,,,,,,0,0
CoA_FINI_Check,4349767,,000000000005546095:000000000005546096:000000000005546097:,,,,,,0,0
CoA_FINI_Check,4349768,,000000000005546098:,,,,,,0,0
CoA_FINI_Check,4349769,,000000000005546100:,,,,,,0,0
CoA_FINI_Check,4349770,,000000000005546102:,,,,,,0,0
CoA_FINI_Check,4349771,,000000000005546104:000000000005546105:,,,,,,0,0
CoA_FINI_Check,4349772,,000000000005546106:,,,,,,0,0
CoA_FINI_Check,4349773,,000000000005546108:,,,,,,0,0
CoA_FINI_Check,4349774,,000000000005546110:,,,,,,0,0
CoA_FINI_Check,4349775,,000000000005546112:,,,,,,0,0
CoA_FINI_Check,4349776,,000000000005546114:000000000005546115:,,,,,,0,0
CoA_FINI_Check,4349777,,000000000005546118:000000000005546119:,,,,,,0,0
CoA_FINI_Check,4349778,,000000000005546120:,,,,,,0,0
CoA_FINI_Check,4349779,,000000000005546122:,,,,,,0,0
CoA_FINI_Check,4349780,,000000000005546123:,,,,,,0,0
CoA_FINI_Check,4349781,,000000000005546125:000000000005546126:000000000005546127:000000000005546128:000000000005546129:,,,,,,0,0
CoA_FINI_Check,4349782,,000000000005546134:000000000005546135:000000000005546136:,,,,,,0,0
CoA_FINI_Check,4349783,,000000000005546137:000000000005546138:000000000005546139:000000000005546140:000000000005546141:000000000005546142:,,,,,,0,0
CoA_FINI_Check,4349784,,000000000005546143:,,,,,,0,0
CoA_FINI_Check,4349785,,000000000005546145:000000000005546146:000000000005546147:000000000005546148:000000000005546149:000000000005546150:,,,,,,0,0
CoA_FINI_Check,4349786,,000000000005546156:,,,,,,0,0
CoA_FINI_Check,4349787,,000000000005546158:,,,,,,0,0
CoA_FINI_Check,4349788,,000000000005546160:,,,,,,0,0
CoA_FINI_Check,4349789,,000000000005546162:,,,,,,0,0
CoA_FINI_Check,4349790,,,,,,,,0,0
CoA_FINI_Check,4349791,,,,,,,,0,0
CoA_FINI_Check,4349792,,000000000005546165:,,,,,,0,0
CoA_FINI_Check,4349793,,,,,,,,0,0
CoA_FINI_Check,4349794,,000000000005546167:000000000005546168:,,,,,,0,0
CoA_FINI_Check,4349795,,000000000005546172:000000000005546173:,,,,,,0,0
CoA_FINI_Check,4349796,,000000000005546178:,,,,,,0,0
CoA_FINI_Check,4349797,,000000000005546181:000000000005546182:000000000005546183:000000000005546184:000000000005546185:000000000005546186:,,,,,,0,0
CoA_FINI_Check,4349798,,000000000005546187:000000000005546188:000000000005546189:000000000005546190:,,,,,,0,0
CoA_FINI_Check,4349799,,000000000005546199:000000000005546200:,,,,,,0,0
CoA_FINI_Check,4349800,,000000000005546206:000000000005546207:,,,,,,0,0
CoA_FINI_Check,4349801,,000000000005546211:,,,,,,0,0
CoA_FINI_Check,4349802,,000000000005546213:,,,,,,0,0
CoA_FINI_Check,4349803,,000000000005546216:,,,,,,0,0
CoA_FINI_Check,4349804,,,,,,,,0,0
CoA_FINI_Check,4349805,,,,,,,,0,0
CoA_FINI_Check,4349806,,000000000005546217:,,,,,,0,0
CoA_FINI_Check,4349807,,000000000005546219:,,,,,,0,0
CoA_FINI_Check,4349808,,000000000005546221:000000000005546222:000000000005546223:000000000005546224:000000000005546225:,,,,,,0,0
CoA_FINI_Check,4349809,,000000000005546226:000000000005546227:000000000005546228:,,,,,,0,0
CoA_FINI_Check,4349810,,000000000005546233:,,,,,,0,0
CoA_FINI_Check,4349811,,000000000005546236:,,,,,,0,0
CoA_FINI_Check,4349812,,000000000005546239:,,,,,,0,0
CoA_FINI_Check,4349813,,000000000005546242:,,,,,,0,0
CoA_FINI_Check,4349814,,000000000005546245:,,,,,,0,0
CoA_FINI_Check,4349815,,000000000005546248:,,,,,,0,0
CoA_FINI_Check,4349816,,000000000005546250:,,,,,,0,0
CoA_FINI_Check,4349817,,000000000005546253:,,,,,,0,0
CoA_FINI_Check,4349818,,000000000005546255:,,,,,,0,0
CoA_FINI_Check,4349819,,000000000005546258:,,,,,,0,0
CoA_FINI_Check,4349820,,000000000005546261:,,,,,,0,0
CoA_FINI_Check,4349821,,000000000005546264:000000000005546265:000000000005546266:000000000005546267:000000000005546268:,,,,,,0,0
CoA_FINI_Check,4349826,,000000000005546277:000000000005546278:000000000005546279:000000000005546280:,,,,,,0,0
CoA_FINI_Check,4349827,,,,,,,,0,0
CoA_FINI_Check,4349828,,000000000005305640:000000000005546281:000000000005546282:000000000005546283:,,,,,,0,0
CoA_FINI_Check,4349829,,,,,,,,0,0
CoA_FINI_Check,4349830,,000000000005546288:000000000005546289:,,,,,,0,0
CoA_FINI_Check,4349831,,,,,,,,0,0
CoA_FINI_Check,4349851,,000000000005546326:000000000005546327:,,,,,,0,0
CoA_FINI_Check,4349852,,000000000005546328:,,,,,,0,0
CoA_FINI_Check,4349853,,000000000005546330:,,,,,,0,0
CoA_FINI_Check,4349854,,000000000005546332:,,,,,,0,0
CoA_FINI_Check,4349855,,000000000005546334:,,,,,,0,0
CoA_FINI_Check,4349856,,000000000005546336:,,,,,,0,0
CoA_FINI_Check,4349857,,000000000005546338:,,,,,,0,0
CoA_FINI_Check,4349858,,000000000005546340:,,,,,,0,0
CoA_FINI_Check,4349859,,000000000005546342:,,,,,,0,0
CoA_FINI_Check,4349860,,000000000005546344:,,,,,,0,0
CoA_FINI_Check,4349861,,000000000005546346:,,,,,,0,0
CoA_FINI_Check,4349862,,000000000005546348:,,,,,,0,0
CoA_FINI_Check,4349863,,000000000005546350:,,,,,,0,0
CoA_FINI_Check,4349864,,000000000005546352:,,,,,,0,0
CoA_FINI_Check,4349865,,000000000005546354:,,,,,,0,0
CoA_FINI_Check,4349866,,000000000005546356:,,,,,,0,0
CoA_FINI_Check,4349867,,000000000005546358:,,,,,,0,0
CoA_FINI_Check,4349868,,000000000005546360:,,,,,,0,0
CoA_FINI_Check,4349869,,000000000005546362:,,,,,,0,0
CoA_FINI_Check,4349870,,000000000005546364:,,,,,,0,0
CoA_FINI_Check,4349871,,,,,,,,0,0
CoA_FINI_Check,4349872,,000000000005546366:,,,,,,0,0
CoA_FINI_Check,4349873,,000000000005546368:,,,,,,0,0
CoA_FINI_Check,4349874,,000000000005546370:,,,,,,0,0
CoA_FINI_Check,4349875,,000000000005546372:,,,,,,0,0
CoA_FINI_Check,4349876,,000000000005546374:,,,,,,0,0
CoA_FINI_Check,4349877,,000000000005546376:,,,,,,0,0
CoA_FINI_Check,4349878,,000000000005546378:,,,,,,0,0
CoA_FINI_Check,4349879,,000000000005546380:,,,,,,0,0
CoA_FINI_Check,4349880,,000000000005546382:,,,,,,0,0
CoA_FINI_Check,4349881,,000000000005546384:,,,,,,0,0
CoA_FINI_Check,4349882,,000000000005546386:,,,,,,0,0
CoA_FINI_Check,4349883,,000000000005546388:,,,,,,0,0
CoA_FINI_Check,4349884,,000000000005546390:,,,,,,0,0
CoA_FINI_Check,4349885,,000000000005546392:,,,,,,0,0
CoA_FINI_Check,4350003,,000000000005546584:000000000005546585:000000000005546586:000000000005546587:000000000005546588:,,,,,,0,0
CoA_FINI_Check,4350004,,000000000005546601:000000000005546602:000000000005546603:000000000005546604:,,,,,,0,0
CoA_FINI_Check,4350005,,000000000005546615:000000000005546616:000000000005546617:000000000005546618:000000000005546619:000000000005546620:,,,,,,0,0
CoA_FINI_Check,4350006,,000000000005546621:000000000005546622:000000000005546623:000000000005546624:000000000005546625:000000000005546626:000000000005546627:,,,,,,0,0
CoA_FINI_Check,4350007,,000000000005546628:,,,,,,0,0
CoA_FINI_Check,4350008,,000000000005546631:,,,,,,0,0
CoA_FINI_Check,4350009,,000000000005546633:000000000005546634:000000000005546635:000000000005546636:,,,,,,0,0
CoA_FINI_Check,4350010,,000000000005546644:,,,,,,0,0
CoA_FINI_Check,4350011,,000000000005546647:,,,,,,0,0
CoA_FINI_Check,4350012,,000000000005546651:,,,,,,0,0
CoA_FINI_Check,4350013,,000000000005546654:000000000005546655:000000000005546656:,,,,,,0,0
CoA_FINI_Check,4350532,,000000000005547157:,,,,,,0,0
CoA_FINI_Check,4350533,,000000000005547158:,,,,,,0,0
CoA_FINI_Check,4350534,,000000000005547162:,,,,,,0,0
CoA_FINI_Check,4350535,,000000000005547164:,,,,,,0,0
CoA_FINI_Check,4350548,,000000000005547189:000000000005547190:000000000005547191:000000000005547192:000000000005547193:,,,,,,0,0
CoA_FINI_Check,4350549,,000000000005547194:000000000005547195:,,,,,,0,0
CoA_FINI_Check,4350550,,000000000005547198:000000000005547199:000000000005547200:000000000005547201:000000000005547202:,,,,,,0,0
CoA_FINI_Check,4350551,,000000000005547210:000000000005547211:,,,,,,0,0
CoA_FINI_Check,4350552,,000000000005547216:000000000005547217:,,,,,,0,0
CoA_FINI_Check,4350553,,000000000005547220:,,,,,,0,0
CoA_FINI_Check,4350577,,000000000005547255:,,,,,,0,0
CoA_FINI_Check,4350596,,000000000005547280:,,,,,,0,0
CoA_FINI_Check,4350597,,000000000005547282:,,,,,,0,0
CoA_FINI_Check,4350598,,,,,,,,0,0
CoA_FINI_Check,4350599,,000000000005547284:,,,,,,0,0
CoA_FINI_Check,4350659,,000000000005547376:000000000005547377:,,,,,,0,0
CoA_FINI_Check,4350660,,000000000005547378:,,,,,,0,0
CoA_FINI_Check,4350661,,000000000005547380:000000000005547381:,,,,,,0,0
CoA_FINI_Check,4350662,,000000000005547384:,,,,,,0,0
CoA_FINI_Check,4350663,,000000000005547386:000000000005554301:,,,,,,0,0
CoA_FINI_Check,4350664,,000000000005547388:,,,,,,0,0
CoA_FINI_Check,4350665,,000000000005547390:000000000005547391:,,,,,,0,0
CoA_FINI_Check,4350666,,000000000005547394:,,,,,,0,0
CoA_FINI_Check,4350667,,000000000005547396:,,,,,,0,0
CoA_FINI_Check,4350668,,000000000005547398:,,,,,,0,0
CoA_FINI_Check,4350669,,000000000005547400:000000000005554303:,,,,,,0,0
CoA_FINI_Check,4350670,,000000000005547402:,,,,,,0,0
CoA_FINI_Check,4350671,,000000000005547404:,,,,,,0,0
CoA_FINI_Check,4350672,,000000000005547406:,,,,,,0,0
CoA_FINI_Check,4350673,,000000000005547408:,,,,,,0,0
CoA_FINI_Check,4350674,,000000000005547410:,,,,,,0,0
CoA_FINI_Check,4350675,,000000000005547412:,,,,,,0,0
CoA_FINI_Check,4350676,,000000000005547414:,,,,,,0,0
CoA_FINI_Check,4350677,,000000000005547416:,,,,,,0,0
CoA_FINI_Check,4350678,,000000000005547418:,,,,,,0,0
CoA_FINI_Check,4350679,,000000000005547420:,,,,,,0,0
CoA_FINI_Check,4350680,,000000000005547422:,,,,,,0,0
CoA_FINI_Check,4350681,,000000000005547424:,,,,,,0,0
CoA_FINI_Check,4350682,,000000000005547426:,,,,,,0,0
CoA_FINI_Check,4350683,,000000000005554097:,,,,,,0,0
CoA_FINI_Check,4350684,,000000000005547428:,,,,,,0,0
CoA_FINI_Check,4350685,,000000000005547430:,,,,,,0,0
CoA_FINI_Check,4350686,,000000000005547432:,,,,,,0,0
CoA_FINI_Check,4350687,,000000000005547434:,,,,,,0,0
CoA_FINI_Check,4350688,,000000000005547436:,,,,,,0,0
CoA_FINI_Check,4350689,,000000000005547438:,,,,,,0,0
CoA_FINI_Check,4350690,,000000000005547440:,,,,,,0,0
CoA_FINI_Check,4350691,,000000000005547442:,,,,,,0,0
CoA_FINI_Check,4350692,,000000000005547444:,,,,,,0,0
CoA_FINI_Check,4350693,,000000000005547446:,,,,,,0,0
CoA_FINI_Check,4350694,,000000000005547448:,,,,,,0,0
CoA_FINI_Check,4350695,,000000000005547450:,,,,,,0,0
CoA_FINI_Check,4350696,,000000000005547452:,,,,,,0,0
CoA_FINI_Check,4350697,,000000000005547454:,,,,,,0,0
CoA_FINI_Check,4350698,,000000000005547456:,,,,,,0,0
CoA_FINI_Check,4350699,,000000000005547458:,,,,,,0,0
CoA_FINI_Check,4350700,,000000000005547460:,,,,,,0,0
CoA_FINI_Check,4350701,,000000000005547462:,,,,,,0,0
CoA_FINI_Check,4350702,,000000000005547464:,,,,,,0,0
CoA_FINI_Check,4350703,,000000000005547466:,,,,,,0,0
CoA_FINI_Check,4350704,,000000000005547468:,,,,,,0,0
CoA_FINI_Check,4350705,,,,,,,,0,0
CoA_FINI_Check,4350706,,000000000005547470:,,,,,,0,0
CoA_FINI_Check,4350707,,000000000005547472:,,,,,,0,0
CoA_FINI_Check,4350708,,000000000005547474:,,,,,,0,0
CoA_FINI_Check,4350710,,000000000005547478:,,,,,,0,0
CoA_FINI_Check,4350711,,000000000005547480:,,,,,,0,0
CoA_FINI_Check,4350712,,000000000005547482:,,,,,,0,0
CoA_FINI_Check,4350713,,000000000005547484:000000000005547485:000000000005547486:,,,,,,0,0
CoA_FINI_Check,4350714,,,,,,,,0,0
CoA_FINI_Check,4350715,,000000000005547490:,,,,,,0,0
CoA_FINI_Check,4350716,,000000000005547492:,,,,,,0,0
CoA_FINI_Check,4350743,,000000000005547538:000000000005547539:000000000005547540:,,,,,,0,0
CoA_FINI_Check,4350744,,000000000005547541:,,,,,,0,0
CoA_FINI_Check,4350745,,,,,,,,0,0
CoA_FINI_Check,4350746,,,,,,,,0,0
CoA_FINI_Check,4350747,,,,,,,,0,0
CoA_FINI_Check,4350748,,,,,,,,0,0
CoA_FINI_Check,4350749,,000000000005547545:,,,,,,0,0
CoA_FINI_Check,4350750,,000000000005547547:,,,,,,0,0
CoA_FINI_Check,4350751,,000000000005547549:000000000005554310:,,,,,,0,0
CoA_FINI_Check,4350752,,000000000005547551:,,,,,,0,0
CoA_FINI_Check,4350753,,,,,,,,0,0
CoA_FINI_Check,4350754,,000000000005547553:,,,,,,0,0
CoA_FINI_Check,4350755,,000000000005547555:000000000005547556:,,,,,,0,0
CoA_FINI_Check,4350756,,000000000005547561:,,,,,,0,0
CoA_FINI_Check,4350757,,000000000005547563:,,,,,,0,0
CoA_FINI_Check,4350758,,000000000005547565:,,,,,,0,0
CoA_FINI_Check,4350759,,000000000005547569:,,,,,,0,0
CoA_FINI_Check,4350760,,000000000005547571:,,,,,,0,0
CoA_FINI_Check,4350761,,000000000005547573:,,,,,,0,0
CoA_FINI_Check,4350762,,000000000005547577:,,,,,,0,0
CoA_FINI_Check,4350763,,000000000005547579:,,,,,,0,0
CoA_FINI_Check,4350764,,000000000005547581:,,,,,,0,0
CoA_FINI_Check,4350765,,,,,,,,0,0
CoA_FINI_Check,4350769,,000000000005547586:,,,,,,0,0
CoA_FINI_Check,4350770,,000000000005547588:,,,,,,0,0
CoA_FINI_Check,4350771,,000000000005547590:,,,,,,0,0
CoA_FINI_Check,4350772,,000000000005547592:,,,,,,0,0
CoA_FINI_Check,4350773,,000000000005547594:,,,,,,0,0
CoA_FINI_Check,4350774,,000000000005547596:,,,,,,0,0
CoA_FINI_Check,4350775,,000000000005547598:,,,,,,0,0
CoA_FINI_Check,4350776,,,,,,,,0,0
CoA_FINI_Check,4350777,,000000000005547602:,,,,,,0,0
CoA_FINI_Check,4350882,,000000000005346889:000000000005547670:,,,,,,0,0
CoA_FINI_Check,4350883,,000000000005346900:000000000005547678:,,,,,,0,0
CoA_FINI_Check,4350884,,000000000005547679:,,,,,,0,0
CoA_FINI_Check,4350885,,000000000005547680:,,,,,,0,0
CoA_FINI_Check,4350886,,000000000005346903:000000000005547681:,,,,,,0,0
CoA_FINI_Check,4350887,,000000000005547682:,,,,,,0,0
CoA_FINI_Check,4350895,,000000000005547689:,,,,,,0,0
CoA_FINI_Check,4350896,,000000000005346908:000000000005346913:000000000005346915:000000000005346918:000000000005547690:000000000005547691:000000000005547693:000000000005547694:000000000005547696:000000000005547697:000000000005547698:000000000005547699:000000000005547701:000000000005547702:000000000005547704:000000000005547705:000000000005547708:,,,,,,0,0
CoA_FINI_Check,4350897,,,,,,,,0,0
CoA_FINI_Check,4350898,,000000000005250000:000000000005306448:000000000005346929:000000000005346930:000000000005346931:000000000005346932:000000000005346936:000000000005547709:000000000005547710:000000000005547711:000000000005547713:000000000005547714:000000000005547715:000000000005547718:000000000005547719:000000000005547720:000000000005547721:000000000005547724:000000000005547725:000000000005547726:000000000005547728:000000000005547729:,,,,,,0,0
CoA_FINI_Check,4350899,,,,,,,,0,0
CoA_FINI_Check,4350900,,000000000005547734:000000000005547735:,,,,,,0,0
CoA_FINI_Check,4350901,,000000000005547737:000000000005547738:000000000005547739:000000000005547740:000000000005547741:,,,,,,0,0
CoA_FINI_Check,4350902,,000000000005547743:,,,,,,0,0
CoA_FINI_Check,4350903,,000000000005547744:000000000005547745:,,,,,,0,0
CoA_FINI_Check,4350904,,000000000005217625:000000000005250001:000000000005306456:000000000005306459:000000000005346963:000000000005346966:000000000005346967:000000000005502003:000000000005502004:000000000005547747:000000000005547748:000000000005547749:000000000005547750:000000000005547752:000000000005547753:000000000005547754:000000000005547755:000000000005547756:000000000005547757:000000000005547758:000000000005547760:000000000005547761:000000000005547762:000000000005547763:000000000005547764:000000000005547766:000000000005547767:000000000005547768:000000000005547769:000000000005547770:000000000005547774:000000000005547775:000000000005547776:,,,,,,0,0
CoA_FINI_Check,4350905,,,,,,,,0,0
CoA_FINI_Check,4350906,,,,,,,,0,0
CoA_FINI_Check,4350907,,,,,,,,0,0
CoA_FINI_Check,4350908,,,,,,,,0,0
CoA_FINI_Check,4350909,,,,,,,,0,0
CoA_FINI_Check,4350910,,000000000005306462:000000000005346976:000000000005346977:000000000005547780:000000000005547781:000000000005547782:000000000005547783:000000000005547785:000000000005547786:000000000005547787:000000000005547788:000000000005547789:000000000005547790:000000000005547791:000000000005547792:000000000005554312:,,,,,,0,0
CoA_FINI_Check,4350911,,,,,,,,0,0
CoA_FINI_Check,4350912,,,,,,,,0,0
CoA_FINI_Check,4350913,,000000000005547794:000000000005547795:000000000005547797:,,,,,,0,0
CoA_FINI_Check,4350914,,000000000005126726:000000000005250002:000000000005306465:000000000005306466:000000000005346986:000000000005547798,,,,,,0,0
CoA_FINI_Check,4350915,,,,,,,,0,0
CoA_FINI_Check,4350916,,,,,,,,0,0
CoA_FINI_Check,4350917,,000000000005347003:000000000005347004:000000000005534599:000000000005547820:000000000005547822:000000000005547823:000000000005547824:,,,,,,0,0
CoA_FINI_Check,4350918,,000000000005347006:000000000005547828:000000000005547829:000000000005547830:000000000005547831:000000000005547832:000000000005547833:000000000005547834:000000000005547835:000000000005547836:000000000005547837:,,,,,,0,0
CoA_FINI_Check,4350919,,,,,,,,0,0
CoA_FINI_Check,4350920,,000000000005547838:000000000005547839:000000000005547840:000000000005547841:,,,,,,0,0
CoA_FINI_Check,4350921,,000000000005534609:000000000005547842:,,,,,,0,0
CoA_FINI_Check,4350922,,,,,,,,0,0
CoA_FINI_Check,4350923,,,,,,,,0,0
CoA_FINI_Check,4350924,,,,,,,,0,0
CoA_FINI_Check,4350925,,,,,,,,0,0
CoA_FINI_Check,4350926,,,,,,,,0,0
CoA_FINI_Check,4350927,,000000000005547857:,,,,,,0,0
CoA_FINI_Check,4350928,,000000000005547858:,,,,,,0,0
CoA_FINI_Check,4350929,,,,,,,,0,0
CoA_FINI_Check,4350930,,000000000005547859:,,,,,,0,0
CoA_FINI_Check,4350931,,000000000005547860:,,,,,,0,0
CoA_FINI_Check,4350942,,000000000005547865:000000000005547866:000000000005547867:000000000005547868:,,,,,,0,0
CoA_FINI_Check,4350943,,000000000005547869:000000000005547870:000000000005547871:,,,,,,0,0
CoA_FINI_Check,4350944,,000000000005547872:000000000005547873:,,,,,,0,0
CoA_FINI_Check,4350945,,000000000005547874:,,,,,,0,0
CoA_FINI_Check,4350946,,000000000005547875:,,,,,,0,0
CoA_FINI_Check,4350947,,000000000005547876:,,,,,,0,0
CoA_FINI_Check,4350948,,000000000005547877:000000000005547878:,,,,,,0,0
CoA_FINI_Check,4350949,,000000000005547879:000000000005547880:,,,,,,0,0
CoA_FINI_Check,4350950,,000000000005547881:,,,,,,0,0
CoA_FINI_Check,4350951,,000000000005547882:,,,,,,0,0
CoA_FINI_Check,4350952,,000000000005547883:000000000005547884:000000000005547885:,,,,,,0,0
CoA_FINI_Check,4350953,,000000000005547886:,,,,,,0,0
CoA_FINI_Check,4350954,,000000000005547887:000000000005547888:,,,,,,0,0
CoA_FINI_Check,4350955,,000000000005547889:000000000005547890:,,,,,,0,0
CoA_FINI_Check,4350956,,000000000005547891:,,,,,,0,0
CoA_FINI_Check,4350957,,000000000005547892:000000000005547893:,,,,,,0,0
CoA_FINI_Check,4350958,,000000000005547894:000000000005547895:,,,,,,0,0
CoA_FINI_Check,4350959,,000000000005547896:,,,,,,0,0
CoA_FINI_Check,4350960,,000000000005547897:000000000005547898:,,,,,,0,0
CoA_FINI_Check,4350961,,000000000005547899:,,,,,,0,0
CoA_FINI_Check,4350962,,000000000005547900:,,,,,,0,0
CoA_FINI_Check,4350963,,000000000005547901:000000000005547902:,,,,,,0,0
CoA_FINI_Check,4350964,,000000000005547903:,,,,,,0,0
CoA_FINI_Check,4350965,,000000000005547904:000000000005547905:,,,,,,0,0
CoA_FINI_Check,4350966,,000000000005547906:,,,,,,0,0
CoA_FINI_Check,4350967,,000000000005547907:,,,,,,0,0
CoA_FINI_Check,4350968,,000000000005547908:000000000005547909:,,,,,,0,0
CoA_FINI_Check,4350969,,000000000005547910:,,,,,,0,0
CoA_FINI_Check,4350970,,000000000005547911:,,,,,,0,0
CoA_FINI_Check,4350971,,000000000005547912:,,,,,,0,0
CoA_FINI_Check,4350972,,000000000005547913:,,,,,,0,0
CoA_FINI_Check,4350973,,000000000005547914:000000000005547915:,,,,,,0,0
CoA_FINI_Check,4350974,,000000000005547916:000000000005547917:,,,,,,0,0
CoA_FINI_Check,4350975,,000000000005547918:,,,,,,0,0
CoA_FINI_Check,4350976,,000000000005547919:,,,,,,0,0
CoA_FINI_Check,4350977,,000000000005547920:000000000005547921:,,,,,,0,0
CoA_FINI_Check,4350978,,000000000005547922:000000000005547923:,,,,,,0,0
CoA_FINI_Check,4350979,,000000000005547924:,,,,,,0,0
CoA_FINI_Check,4350980,,000000000005306557:000000000005547925:000000000005547926:000000000005547927:,,,,,,0,0
CoA_FINI_Check,4350981,,000000000005547928:000000000005554326:,,,,,,0,0
CoA_FINI_Check,4350982,,000000000005547929:,,,,,,0,0
CoA_FINI_Check,4350983,,000000000005547930:,,,,,,0,0
CoA_FINI_Check,4350984,,000000000005547931:,,,,,,0,0
CoA_FINI_Check,4350985,,000000000005547932:,,,,,,0,0
CoA_FINI_Check,4350986,,000000000005547933:,,,,,,0,0
CoA_FINI_Check,4350987,,000000000005547934:000000000005547935:,,,,,,0,0
CoA_FINI_Check,4350988,,000000000005547936:,,,,,,0,0
CoA_FINI_Check,4350989,,000000000005547937:,,,,,,0,0
CoA_FINI_Check,4350990,,000000000005547938:000000000005625017:,,,,,,0,0
CoA_FINI_Check,4350991,,000000000005547939:,,,,,,0,0
CoA_FINI_Check,4350992,,000000000005547940:,,,,,,0,0
CoA_FINI_Check,4350993,,000000000005547941:,,,,,,0,0
CoA_FINI_Check,4350994,,000000000005547942:,,,,,,0,0
CoA_FINI_Check,4350995,,000000000005547943:,,,,,,0,0
CoA_FINI_Check,4350996,,000000000005547944:000000000005547945:,,,,,,0,0
CoA_FINI_Check,4350997,,000000000005547946:,,,,,,0,0
CoA_FINI_Check,4350998,,000000000005547947:,,,,,,0,0
CoA_FINI_Check,4350999,,000000000005547948:000000000005547949:,,,,,,0,0
CoA_FINI_Check,4351000,,000000000005547950:,,,,,,0,0
CoA_FINI_Check,4351001,,000000000005547951:,,,,,,0,0
CoA_FINI_Check,4351002,,000000000005547952:,,,,,,0,0
CoA_FINI_Check,4351003,,000000000005547953:,,,,,,0,0
CoA_FINI_Check,4351004,,000000000005547954:,,,,,,0,0
CoA_FINI_Check,4351005,,000000000005547955:000000000005547956:,,,,,,0,0
CoA_FINI_Check,4351006,,000000000005547957:,,,,,,0,0
CoA_FINI_Check,4351007,,000000000005547958:,,,,,,0,0
CoA_FINI_Check,4351008,,000000000005547959:,,,,,,0,0
CoA_FINI_Check,4351009,,000000000005547960:,,,,,,0,0
CoA_FINI_Check,4351010,,000000000005547961:,,,,,,0,0
CoA_FINI_Check,4351011,,000000000005547962:,,,,,,0,0
CoA_FINI_Check,4351012,,000000000005547963:,,,,,,0,0
CoA_FINI_Check,4351013,,000000000005547964:,,,,,,0,0
CoA_FINI_Check,4351014,,000000000005547965:,,,,,,0,0
CoA_FINI_Check,4351015,,000000000005547966:000000000005547967:,,,,,,0,0
CoA_FINI_Check,4351016,,000000000005547968:000000000005547969:,,,,,,0,0
CoA_FINI_Check,4351017,,000000000005547970:,,,,,,0,0
CoA_FINI_Check,4351018,,000000000005547971:000000000005547972:,,,,,,0,0
CoA_FINI_Check,4351019,,000000000005547973:,,,,,,0,0
CoA_FINI_Check,4351020,,000000000005547974:,,,,,,0,0
CoA_FINI_Check,4351021,,000000000005547975:,,,,,,0,0
CoA_FINI_Check,4351022,,000000000005547976:,,,,,,0,0
CoA_FINI_Check,4351023,,000000000005547977:000000000005547978:,,,,,,0,0
CoA_FINI_Check,4351024,,000000000005547979:,,,,,,0,0
CoA_FINI_Check,4351025,,000000000005547980:,,,,,,0,0
CoA_FINI_Check,4351026,,000000000005547981:,,,,,,0,0
CoA_FINI_Check,4351027,,000000000005554118:,,,,,,0,0
CoA_FINI_Check,4351028,,000000000005547982:,,,,,,0,0
CoA_FINI_Check,4351029,,000000000005547983:000000000005547984:,,,,,,0,0
CoA_FINI_Check,4351030,,000000000005547985:,,,,,,0,0
CoA_FINI_Check,4351031,,000000000005547986:,,,,,,0,0
CoA_FINI_Check,4351032,,000000000005547987:000000000005547988:,,,,,,0,0
CoA_FINI_Check,4351033,,000000000005547989:,,,,,,0,0
CoA_FINI_Check,4351034,,000000000005547990:,,,,,,0,0
CoA_FINI_Check,4351035,,000000000005547991:,,,,,,0,0
CoA_FINI_Check,4351036,,000000000005547992:000000000005547993:,,,,,,0,0
CoA_FINI_Check,4351037,,000000000005547994:,,,,,,0,0
CoA_FINI_Check,4351038,,000000000005547995:,,,,,,0,0
CoA_FINI_Check,4351039,,000000000005547996:,,,,,,0,0
CoA_FINI_Check,4351040,,000000000005547997:000000000005547998:,,,,,,0,0
CoA_FINI_Check,4351041,,000000000005547999:,,,,,,0,0
CoA_FINI_Check,4351042,,000000000005548000:,,,,,,0,0
CoA_FINI_Check,4351043,,000000000005548001:,,,,,,0,0
CoA_FINI_Check,4351044,,000000000005548002:,,,,,,0,0
CoA_FINI_Check,4351045,,000000000005548003:,,,,,,0,0
CoA_FINI_Check,4351046,,000000000005548004:,,,,,,0,0
CoA_FINI_Check,4351047,,000000000005548005:,,,,,,0,0
CoA_FINI_Check,4351048,,000000000005548006:,,,,,,0,0
CoA_FINI_Check,4351049,,000000000005548007:,,,,,,0,0
CoA_FINI_Check,4351050,,000000000005548008:000000000005548009:,,,,,,0,0
CoA_FINI_Check,4351051,,000000000005548010:,,,,,,0,0
CoA_FINI_Check,4351052,,000000000005548011:,,,,,,0,0
CoA_FINI_Check,4351053,,000000000005548012:,,,,,,0,0
CoA_FINI_Check,4351054,,000000000005548013:,,,,,,0,0
CoA_FINI_Check,4351055,,000000000005548014:,,,,,,0,0
CoA_FINI_Check,4351056,,000000000005548015:000000000005548016:,,,,,,0,0
CoA_FINI_Check,4351057,,000000000005548017:,,,,,,0,0
CoA_FINI_Check,4351058,,000000000005548018:,,,,,,0,0
CoA_FINI_Check,4351059,,000000000005548019:,,,,,,0,0
CoA_FINI_Check,4351060,,000000000005548020:,,,,,,0,0
CoA_FINI_Check,4351061,,000000000005548021:,,,,,,0,0
CoA_FINI_Check,4351062,,000000000005548022:,,,,,,0,0
CoA_FINI_Check,4351063,,000000000005548023:,,,,,,0,0
CoA_FINI_Check,4351064,,000000000005548024:,,,,,,0,0
CoA_FINI_Check,4351065,,000000000005548025:000000000005548026:,,,,,,0,0
CoA_FINI_Check,4351066,,000000000005548027:,,,,,,0,0
CoA_FINI_Check,4351067,,000000000005548028:,,,,,,0,0
CoA_FINI_Check,4351068,,000000000005548029:,,,,,,0,0
CoA_FINI_Check,4351069,,000000000005548030:,,,,,,0,0
CoA_FINI_Check,4351070,,000000000005548031:000000000005548032:,,,,,,0,0
CoA_FINI_Check,4351071,,000000000005548033:,,,,,,0,0
CoA_FINI_Check,4351072,,000000000005548034:,,,,,,0,0
CoA_FINI_Check,4351073,,000000000005548035:,,,,,,0,0
CoA_FINI_Check,4351074,,000000000005548036:000000000005548037:,,,,,,0,0
CoA_FINI_Check,4351075,,000000000005548038:,,,,,,0,0
CoA_FINI_Check,4351076,,000000000005548039:,,,,,,0,0
CoA_FINI_Check,4351077,,000000000005548040:,,,,,,0,0
CoA_FINI_Check,4351078,,000000000005548041:,,,,,,0,0
CoA_FINI_Check,4351079,,000000000005548042:,,,,,,0,0
CoA_FINI_Check,4351080,,000000000005548043:,,,,,,0,0
CoA_FINI_Check,4351081,,000000000005548044:,,,,,,0,0
CoA_FINI_Check,4351082,,000000000005548045:,,,,,,0,0
CoA_FINI_Check,4351083,,000000000005548046:,,,,,,0,0
CoA_FINI_Check,4351084,,000000000005548047:,,,,,,0,0
CoA_FINI_Check,4351085,,000000000005548048:,,,,,,0,0
CoA_FINI_Check,4351086,,000000000005548049:,,,,,,0,0
CoA_FINI_Check,4351087,,000000000005548050:,,,,,,0,0
CoA_FINI_Check,4351088,,000000000005548051:,,,,,,0,0
CoA_FINI_Check,4351089,,000000000005548052:,,,,,,0,0
CoA_FINI_Check,4351090,,000000000005548053:,,,,,,0,0
CoA_FINI_Check,4351091,,,,,,,,0,0
CoA_FINI_Check,4351092,,000000000005548054:,,,,,,0,0
CoA_FINI_Check,4351093,,000000000005548055:,,,,,,0,0
CoA_FINI_Check,4351094,,000000000005548056:,,,,,,0,0
CoA_FINI_Check,4351095,,000000000005548057:000000000005548058:,,,,,,0,0
CoA_FINI_Check,4351096,,000000000005548059:,,,,,,0,0
CoA_FINI_Check,4351097,,000000000005548060:,,,,,,0,0
CoA_FINI_Check,4351098,,000000000005548061:000000000005548062:,,,,,,0,0
CoA_FINI_Check,4351099,,000000000005548063:,,,,,,0,0
CoA_FINI_Check,4351100,,000000000005548064:000000000005548065:,,,,,,0,0
CoA_FINI_Check,4351101,,000000000005548066:,,,,,,0,0
CoA_FINI_Check,4351102,,000000000005548067:,,,,,,0,0
CoA_FINI_Check,4351103,,000000000005387482:000000000005548068:000000000005554327:,,,,,,0,0
CoA_FINI_Check,4351104,,000000000005548069:000000000005548070:,,,,,,0,0
CoA_FINI_Check,4351105,,000000000005548071:000000000005548072:000000000005548073:,,,,,,0,0
CoA_FINI_Check,4351106,,000000000005548074:,,,,,,0,0
CoA_FINI_Check,4351107,,000000000005548075:,,,,,,0,0
CoA_FINI_Check,4351108,,000000000005548076:,,,,,,0,0
CoA_FINI_Check,4351109,,000000000005548077:,,,,,,0,0
CoA_FINI_Check,4351110,,000000000005548078:000000000005548079:,,,,,,0,0
CoA_FINI_Check,4351111,,000000000005548080:000000000005548081:,,,,,,0,0
CoA_FINI_Check,4351112,,000000000005548082:,,,,,,0,0
CoA_FINI_Check,4351113,,000000000005548083:,,,,,,0,0
CoA_FINI_Check,4351114,,000000000005548084:,,,,,,0,0
CoA_FINI_Check,4351115,,000000000005548085:,,,,,,0,0
CoA_FINI_Check,4351116,,000000000005548086:000000000005548087:,,,,,,0,0
CoA_FINI_Check,4351117,,000000000005548088:000000000005548089:,,,,,,0,0
CoA_FINI_Check,4351118,,000000000005347107:,,,,,,0,0
CoA_FINI_Check,4351119,,000000000005347111:,,,,,,0,0
CoA_FINI_Check,4351120,,000000000005548090:,,,,,,0,0
CoA_FINI_Check,4351121,,000000000005548092:,,,,,,0,0
CoA_FINI_Check,4351122,,000000000005347119:,,,,,,0,0
CoA_FINI_Check,4351123,,000000000005548094:,,,,,,0,0
CoA_FINI_Check,4351124,,,,,,,,0,0
CoA_FINI_Check,4351125,,000000000005347121:000000000005347122:000000000005548097:000000000005548098:,,,,,,0,0
CoA_FINI_Check,4351126,,000000000005347126:000000000005347128:,,,,,,0,0
CoA_FINI_Check,4351127,,000000000005548102:,,,,,,0,0
CoA_FINI_Check,4351128,,000000000005548103:,,,,,,0,0
CoA_FINI_Check,4351129,,000000000005548105:,,,,,,0,0
CoA_FINI_Check,4351130,,000000000005347129:000000000005347130:000000000005548106:,,,,,,0,0
CoA_FINI_Check,4351131,,000000000005347136:,,,,,,0,0
CoA_FINI_Check,4351132,,000000000005347138:000000000005548107:,,,,,,0,0
CoA_FINI_Check,4351133,,000000000005347143:,,,,,,0,0
CoA_FINI_Check,4351134,,000000000005347144:,,,,,,0,0
CoA_FINI_Check,4351135,,000000000005347145:000000000005548110:,,,,,,0,0
CoA_FINI_Check,4351137,,000000000005548118:,,,,,,0,0
CoA_FINI_Check,4351179,,000000000005217867:000000000005306601:000000000005347208:000000000005347213:000000000005347216:000000000005347221:000000000005387532:000000000005387534:000000000005539444:000000000005548205:,,,,,,0,0
CoA_FINI_Check,4351180,,000000000005548206:000000000005548207:,,,,,,0,0
CoA_FINI_Check,4351181,,000000000005387535:000000000005554328:,,,,,,0,0
CoA_FINI_Check,4351182,,000000000005387537:,,,,,,0,0
CoA_FINI_Check,4351183,,000000000005548209:,,,,,,0,0
CoA_FINI_Check,4351184,,000000000005250625:000000000005255243:000000000005306611:000000000005306612:000000000005306613:000000000005306617:000000000005347228:000000000005347230:000000000005347234:000000000005347235:000000000005347239:000000000005347241:000000000005387540:000000000005548212:000000000005548213:000000000005548214:000000000005548215:000000000005548217:000000000005548218:,,,,,,0,0
CoA_FINI_Check,4351185,,000000000005347248:000000000005347249:000000000005534786:000000000005548219:000000000005548220:000000000005548221:000000000005548222:000000000005548223:,,,,,,0,0
CoA_FINI_Check,4351186,,000000000005548224:000000000005548225:,,,,,,0,0
CoA_FINI_Check,4351187,,000000000005548228:000000000005548229:,,,,,,0,0
CoA_FINI_Check,4351188,,000000000005548232:,,,,,,0,0
CoA_FINI_Check,4351189,,000000000005548234:000000000005548235:,,,,,,0,0
CoA_FINI_Check,4351190,,000000000005548238:000000000005548239:,,,,,,0,0
CoA_FINI_Check,4351191,,000000000005548240:000000000005548241:000000000005548242:000000000005548243:000000000005548244:000000000005548245:000000000005548246:000000000005548247:,,,,,,0,0
CoA_FINI_Check,4351192,,,,,,,,0,0
CoA_FINI_Check,4351193,,000000000005548255:000000000005548256:000000000005548257:000000000005548258:000000000005548259:000000000005548260:000000000005548261:000000000005548262:,,,,,,0,0
CoA_FINI_Check,4351194,,,,,,,,0,0
CoA_FINI_Check,4351195,,000000000005548263:000000000005548264:000000000005548265:,,,,,,0,0
CoA_FINI_Check,4351196,,000000000005548269:000000000005548270:000000000005548271:,,,,,,0,0
CoA_FINI_Check,4351197,,000000000005548272:000000000005548273:,,,,,,0,0
CoA_FINI_Check,4351198,,000000000005548276:000000000005548277:000000000005548278:000000000005548279:000000000005548280:,,,,,,0,0
CoA_FINI_Check,4351199,,000000000005548287:,,,,,,0,0
CoA_FINI_Check,4351200,,000000000005548289:000000000005548290:000000000005548292:000000000005548293:,,,,,,0,0
CoA_FINI_Check,4351201,,000000000005548299:,,,,,,0,0
CoA_FINI_Check,4351202,,000000000005548301:000000000005548302:000000000005548303:000000000005548304:000000000005548305:,,,,,,0,0
CoA_FINI_Check,4351203,,000000000005548307:000000000005548308:,,,,,,0,0
CoA_FINI_Check,4351204,,000000000005548311:000000000005548312:000000000005548313:000000000005548314:,,,,,,0,0
CoA_FINI_Check,4351205,,000000000005548319:000000000005548320:000000000005548321:,,,,,,0,0
CoA_FINI_Check,4351206,,000000000005548322:000000000005548323:000000000005548324:,,,,,,0,0
CoA_FINI_Check,4351207,,000000000005548327:000000000005548328:000000000005548329:000000000005548330:,,,,,,0,0
CoA_FINI_Check,4351208,,,,,,,,0,0
CoA_FINI_Check,4351209,,000000000005548335:000000000005548336:000000000005548337:,,,,,,0,0
CoA_FINI_Check,4351210,,000000000005548341:,,,,,,0,0
CoA_FINI_Check,4351211,,000000000005548343:000000000005548344:000000000005548345:000000000005548346:,,,,,,0,0
CoA_FINI_Check,4351212,,000000000005548347:000000000005548348:000000000005548349:,,,,,,0,0
CoA_FINI_Check,4351213,,000000000005548352:,,,,,,0,0
CoA_FINI_Check,4351214,,000000000005548354:,,,,,,0,0
CoA_FINI_Check,4351215,,000000000005548356:,,,,,,0,0
CoA_FINI_Check,4351216,,000000000005548358:000000000005548359:,,,,,,0,0
CoA_FINI_Check,4351217,,000000000005548362:000000000005548363:000000000005548364:,,,,,,0,0
CoA_FINI_Check,4351218,,000000000005548369:000000000005548370:,,,,,,0,0
CoA_FINI_Check,4351219,,000000000005548373:000000000005548374:000000000005548375:,,,,,,0,0
CoA_FINI_Check,4351220,,000000000005548376:000000000005548377:,,,,,,0,0
CoA_FINI_Check,4351221,,000000000005548378:,,,,,,0,0
CoA_FINI_Check,4351222,,000000000005548381:000000000005548382:,,,,,,0,0
CoA_FINI_Check,4351223,,000000000005548384:,,,,,,0,0
CoA_FINI_Check,4351224,,000000000005548385:000000000005548386:,,,,,,0,0
CoA_FINI_Check,4351226,,000000000005548395:000000000005548396:,,,,,,0,0
CoA_FINI_Check,4351227,,000000000005548400:000000000005548401:,,,,,,0,0
CoA_FINI_Check,4351228,,000000000005548404:000000000005548405:,,,,,,0,0
CoA_FINI_Check,4351229,,000000000005548406:000000000005548407:,,,,,,0,0
CoA_FINI_Check,4351230,,000000000005548410:000000000005548411:,,,,,,0,0
CoA_FINI_Check,4351231,,000000000005548414:000000000005548415:,,,,,,0,0
CoA_FINI_Check,4351232,,000000000005548419:000000000005548420:,,,,,,0,0
CoA_FINI_Check,4351233,,000000000005548423:000000000005548424:,,,,,,0,0
CoA_FINI_Check,4351234,,000000000005548425:000000000005548426:,,,,,,0,0
CoA_FINI_Check,4351235,,000000000005548429:000000000005548430:,,,,,,0,0
CoA_FINI_Check,4351236,,000000000005548434:000000000005548435:,,,,,,0,0
CoA_FINI_Check,4351237,,000000000005548442:000000000005548443:,,,,,,0,0
CoA_FINI_Check,4351238,,000000000005548444:000000000005548445:,,,,,,0,0
CoA_FINI_Check,4351239,,000000000005548449:000000000005548450:,,,,,,0,0
CoA_FINI_Check,4351240,,000000000005306680:000000000005347472:000000000005548456:,,,,,,0,0
CoA_FINI_Check,4351241,,000000000005347478:000000000005548458:000000000005548459:,,,,,,0,0
CoA_FINI_Check,4351242,,000000000005306686:000000000005534935:000000000005548460:,,,,,,0,0
CoA_FINI_Check,4351243,,000000000005548462:000000000005548463:,,,,,,0,0
CoA_FINI_Check,4351244,,000000000005347485:000000000005534941:000000000005548464:,,,,,,0,0
CoA_FINI_Check,4351245,,000000000005534944:000000000005548466:000000000005548467:000000000005548468:,,,,,,0,0
CoA_FINI_Check,4351246,,000000000005548469:,,,,,,0,0
CoA_FINI_Check,4351247,,000000000005548471:,,,,,,0,0
CoA_FINI_Check,4351248,,000000000005548472:000000000005548473:,,,,,,0,0
CoA_FINI_Check,4351249,,000000000005347490:000000000005548474:000000000005548475:000000000005548476:000000000005548477:,,,,,,0,0
CoA_FINI_Check,4351250,,000000000005347491:000000000005548478:000000000005548479:000000000005548481:,,,,,,0,0
CoA_FINI_Check,4351268,,000000000005548510:,,,,,,0,0
CoA_FINI_Check,4351269,,,,,,,,0,0
CoA_FINI_Check,4351270,,,,,,,,0,0
CoA_FINI_Check,4351288,,000000000005548534:,,,,,,0,0
CoA_FINI_Check,4351289,,,,,,,,0,0
CoA_FINI_Check,4351315,,000000000005534956:000000000005548567:000000000005548568:,,,,,,0,0
CoA_FINI_Check,4351316,,000000000005548569:000000000005548570:,,,,,,0,0
CoA_FINI_Check,4351317,,000000000005548571:000000000005548572:,,,,,,0,0
CoA_FINI_Check,4351318,,000000000005548573:000000000005548574:,,,,,,0,0
CoA_FINI_Check,4351319,,000000000005534959:000000000005548575:000000000005548576:000000000005548577:,,,,,,0,0
CoA_FINI_Check,4351327,,,,,,,,0,0
CoA_FINI_Check,4351328,,,,,,,,0,0
CoA_FINI_Check,4351329,,,,,,,,0,0
CoA_FINI_Check,4351330,,000000000005347555:000000000005548590:000000000005548591:000000000005548592:000000000005548593:000000000005548594:,,,,,,0,0
CoA_FINI_Check,4351331,,000000000005548595:000000000005548596:000000000005548597:,,,,,,0,0
CoA_FINI_Check,4351332,,000000000005548598:000000000005548599:000000000005548600:000000000005548601:,,,,,,0,0
CoA_FINI_Check,4351333,,000000000005548613:,,,,,,0,0
CoA_FINI_Check,4351334,,000000000005548615:000000000005548616:000000000005548617:000000000005548618:,,,,,,0,0
CoA_FINI_Check,4351335,,000000000005387698:000000000005548630:000000000005548631:000000000005548632:,,,,,,0,0
CoA_FINI_Check,4351336,,000000000005548646:000000000005548647:000000000005548648:,,,,,,0,0
CoA_FINI_Check,4351337,,000000000005548657:,,,,,,0,0
CoA_FINI_Check,4351338,,000000000005548660:,,,,,,0,0
CoA_FINI_Check,4351339,,000000000005548662:000000000005548663:000000000005548664:000000000005548665:,,,,,,0,0
CoA_FINI_Check,4351340,,000000000005548666:000000000005548667:000000000005548668:,,,,,,0,0
CoA_FINI_Check,4351341,,000000000005548672:000000000005548673:000000000005548674:,,,,,,0,0
CoA_FINI_Check,4351342,,000000000005548678:,,,,,,0,0
CoA_FINI_Check,4351343,,000000000005548681:,,,,,,0,0
CoA_FINI_Check,4351345,,000000000005548685:000000000005548686:000000000005548687:,,,,,,0,0
CoA_FINI_Check,4351346,,000000000005548688:,,,,,,0,0
CoA_FINI_Check,4351347,,000000000005548690:000000000005548691:,,,,,,0,0
CoA_FINI_Check,4351348,,000000000005548695:000000000005548696:000000000005548697:000000000005548698:,,,,,,0,0
CoA_FINI_Check,4351349,,000000000005548705:,,,,,,0,0
CoA_FINI_Check,4351350,,000000000005548708:,,,,,,0,0
CoA_FINI_Check,4351351,,000000000005548711:000000000005548712:,,,,,,0,0
CoA_FINI_Check,4351352,,000000000005548717:000000000005548718:,,,,,,0,0
CoA_FINI_Check,4351353,,000000000005548720:,,,,,,0,0
CoA_FINI_Check,4351358,,000000000005548727:000000000005548728:,,,,,,0,0
CoA_FINI_Check,4351359,,,,,,,,0,0
CoA_FINI_Check,4351360,,000000000005548731:,,,,,,0,0
CoA_FINI_Check,4351361,,000000000005548733:000000000005548734:000000000005548735:000000000005548736:,,,,,,0,0
CoA_FINI_Check,4351362,,,,,,,,0,0
CoA_FINI_Check,4351363,,,,,,,,0,0
CoA_FINI_Check,4351364,,000000000005548740:000000000005548741:000000000005548742:,,,,,,0,0
CoA_FINI_Check,4351365,,,,,,,,0,0
CoA_FINI_Check,4351366,,000000000005548743:,,,,,,0,0
CoA_FINI_Check,4351367,,000000000005548745:000000000005548746:,,,,,,0,0
CoA_FINI_Check,4351368,,,,,,,,0,0
CoA_FINI_Check,4351369,,000000000005548749:,,,,,,0,0
CoA_FINI_Check,4351370,,000000000005548751:,,,,,,0,0
CoA_FINI_Check,4351371,,000000000005548753:,,,,,,0,0
CoA_FINI_Check,4351372,,000000000005548755:000000000005548756:,,,,,,0,0
CoA_FINI_Check,4351373,,000000000005548759:000000000005548760:,,,,,,0,0
CoA_FINI_Check,4351374,,000000000005548761:000000000005548762:000000000005548763:000000000005548764:000000000005548765:000000000005548766:000000000005548767:000000000005548768:,,,,,,0,0
CoA_FINI_Check,4351375,,,,,,,,0,0
CoA_FINI_Check,4351376,,000000000005548773:000000000005548774:000000000005548775:,,,,,,0,0
CoA_FINI_Check,4351377,,,,,,,,0,0
CoA_FINI_Check,4351378,,000000000005307226:000000000005548779:000000000005548780:000000000005548781:000000000005548782:000000000005548783:000000000005548784:000000000005548785:,,,,,,0,0
CoA_FINI_Check,4351379,,,,,,,,0,0
CoA_FINI_Check,4351380,,000000000005548792:,,,,,,0,0
CoA_FINI_Check,4351381,,000000000005548794:,,,,,,0,0
CoA_FINI_Check,4351382,,000000000005548796:000000000005548797:000000000005548798:000000000005548799:000000000005548800:000000000005548801:000000000005548802:000000000005548803:,,,,,,0,0
CoA_FINI_Check,4351383,,,,,,,,0,0
CoA_FINI_Check,4351384,,000000000005548804:000000000005548805:,,,,,,0,0
CoA_FINI_Check,4351385,,000000000005548809:000000000005548810:,,,,,,0,0
CoA_FINI_Check,4351386,,000000000005548817:000000000005548818:000000000005554138:,,,,,,0,0
CoA_FINI_Check,4351387,,,,,,,,0,0
CoA_FINI_Check,4351388,,000000000005548821:000000000005548822:,,,,,,0,0
CoA_FINI_Check,4351389,,000000000005548823:000000000005548824:,,,,,,0,0
CoA_FINI_Check,4351390,,,,,,,,0,0
CoA_FINI_Check,4351391,,,,,,,,0,0
CoA_FINI_Check,4351392,,000000000005548825:000000000005548826:,,,,,,0,0
CoA_FINI_Check,4351393,,000000000005548832:,,,,,,0,0
CoA_FINI_Check,4351394,,000000000005548834:000000000005548835:000000000005548836:,,,,,,0,0
CoA_FINI_Check,4351395,,000000000005548842:,,,,,,0,0
CoA_FINI_Check,4351396,,000000000005548844:000000000005548845:000000000005548846:,,,,,,0,0
CoA_FINI_Check,4351397,,000000000005548847:000000000005548848:,,,,,,0,0
CoA_FINI_Check,4351398,,000000000005548849:000000000005548850:,,,,,,0,0
CoA_FINI_Check,4351399,,000000000005548851:000000000005548852:,,,,,,0,0
CoA_FINI_Check,4351400,,000000000005548853:,,,,,,0,0
CoA_FINI_Check,4351401,,000000000005548854:,,,,,,0,0
CoA_FINI_Check,4351402,,000000000005548855:000000000005548856:,,,,,,0,0
CoA_FINI_Check,4351403,,000000000005548857:000000000005548858:,,,,,,0,0
CoA_FINI_Check,4351404,,000000000005548859:,,,,,,0,0
CoA_FINI_Check,4351406,,000000000005548863:,,,,,,0,0
CoA_FINI_Check,4351407,,000000000005548865:,,,,,,0,0
CoA_FINI_Check,4351408,,000000000005548867:,,,,,,0,0
CoA_FINI_Check,4351409,,000000000005548869:,,,,,,0,0
CoA_FINI_Check,4351410,,000000000005548870:,,,,,,0,0
CoA_FINI_Check,4351411,,000000000005347871:000000000005548879:000000000005548880:000000000005548881:000000000005548882:000000000005548883:000000000005548884:000000000005548885:,,,,,,0,0
CoA_FINI_Check,4351412,,,,,,,,0,0
CoA_FINI_Check,4351413,,000000000005548894:000000000005548895:000000000005548896:000000000005548897:,,,,,,0,0
CoA_FINI_Check,4351414,,,,,,,,0,0
CoA_FINI_Check,4351415,,000000000005347875:000000000005548904:000000000005548905:000000000005548906:000000000005548907:000000000005548908:000000000005548909:000000000005548910:000000000005548911:,,,,,,0,0
CoA_FINI_Check,4351416,,,,,,,,0,0
CoA_FINI_Check,4351417,,000000000005548921:000000000005548922:,,,,,,0,0
CoA_FINI_Check,4351418,,000000000005548925:,,,,,,0,0
CoA_FINI_Check,4351419,,000000000005347879:000000000005548928:000000000005548929:000000000005548930:000000000005548931:000000000005548932:000000000005548933:000000000005548934:000000000005548935:,,,,,,0,0
CoA_FINI_Check,4351420,,,,,,,,0,0
CoA_FINI_Check,4351439,,000000000005548958:,,,,,,0,0
CoA_FINI_Check,4351440,,000000000005548961:,,,,,,0,0
CoA_FINI_Check,4351441,,000000000005548966:000000000005548967:,,,,,,0,0
CoA_FINI_Check,4351442,,000000000005347910:000000000005535259:000000000005548968:000000000005548970:000000000005548973:,,,,,,0,0
CoA_FINI_Check,4351443,,000000000005548975:,,,,,,0,0
CoA_FINI_Check,4351444,,000000000005548976:,,,,,,0,0
CoA_FINI_Check,4351445,,000000000005347919:000000000005548977:,,,,,,0,0
CoA_FINI_Check,4351446,,000000000005347922:000000000005347924:000000000005535270:000000000005548979:000000000005548982:,,,,,,0,0
CoA_FINI_Check,4351447,,000000000005548984:,,,,,,0,0
CoA_FINI_Check,4351448,,000000000005548985:,,,,,,0,0
CoA_FINI_Check,4351449,,000000000005347931:000000000005548986:,,,,,,0,0
CoA_FINI_Check,4351450,,000000000005548987:,,,,,,0,0
CoA_FINI_Check,4351451,,000000000005548988:000000000005548989:,,,,,,0,0
CoA_FINI_Check,4351452,,000000000005548990:,,,,,,0,0
CoA_FINI_Check,4351453,,000000000005548991:000000000005548992:,,,,,,0,0
CoA_FINI_Check,4351454,,000000000005548993:,,,,,,0,0
CoA_FINI_Check,4351455,,000000000005548994:,,,,,,0,0
CoA_FINI_Check,4351456,,000000000005548995:,,,,,,0,0
CoA_FINI_Check,4351457,,000000000005548996:,,,,,,0,0
CoA_FINI_Check,4351458,,000000000005548997:,,,,,,0,0
CoA_FINI_Check,4351459,,000000000005347936:000000000005347938:000000000005548999:000000000005549003:000000000005549004:,,,,,,0,0
CoA_FINI_Check,4351460,,000000000005549008:,,,,,,0,0
CoA_FINI_Check,4351461,,000000000005549012:,,,,,,0,0
CoA_FINI_Check,4351462,,000000000005549013:,,,,,,0,0
CoA_FINI_Check,4351463,,000000000005347947:000000000005549014:,,,,,,0,0
CoA_FINI_Check,4351464,,000000000005549015:,,,,,,0,0
CoA_FINI_Check,4351465,,000000000005549016:,,,,,,0,0
CoA_FINI_Check,4351466,,000000000005535306:000000000005549017:,,,,,,0,0
CoA_FINI_Check,4351467,,000000000005549018:,,,,,,0,0
CoA_FINI_Check,4351468,,000000000005347952:,,,,,,0,0
CoA_FINI_Check,4351469,,000000000005549019:,,,,,,0,0
CoA_FINI_Check,4351470,,000000000005347955:000000000005535311:000000000005549022:,,,,,,0,0
CoA_FINI_Check,4351471,,000000000005549024:,,,,,,0,0
CoA_FINI_Check,4351472,,000000000005549025:,,,,,,0,0
CoA_FINI_Check,4351473,,000000000005549027:,,,,,,0,0
CoA_FINI_Check,4351474,,000000000005549029:,,,,,,0,0
CoA_FINI_Check,4351475,,000000000005347961:000000000005549035:,,,,,,0,0
CoA_FINI_Check,4351476,,000000000005549037:,,,,,,0,0
CoA_FINI_Check,4351477,,,,,,,,0,0
CoA_FINI_Check,4351478,,000000000005549040:000000000005549041:,,,,,,0,0
CoA_FINI_Check,4351479,,000000000005549042:,,,,,,0,0
CoA_FINI_Check,4351480,,000000000005549043:,,,,,,0,0
CoA_FINI_Check,4351481,,000000000005549044:,,,,,,0,0
CoA_FINI_Check,4351482,,000000000005549045:,,,,,,0,0
CoA_FINI_Check,4351483,,000000000005549046:,,,,,,0,0
CoA_FINI_Check,4351484,,000000000005549048:000000000005549049:000000000005549052:,,,,,,0,0
CoA_FINI_Check,4351485,,000000000005347973:000000000005535329:000000000005549054:,,,,,,0,0
CoA_FINI_Check,4351486,,,,,,,,0,0
CoA_FINI_Check,4351487,,000000000005347977:,,,,,,0,0
CoA_FINI_Check,4351488,,,,,,,,0,0
CoA_FINI_Check,4351489,,000000000005549059:,,,,,,0,0
CoA_FINI_Check,4351490,,000000000005347983:,,,,,,0,0
CoA_FINI_Check,4351491,,000000000005549062:,,,,,,0,0
CoA_FINI_Check,4351492,,000000000005549063:,,,,,,0,0
CoA_FINI_Check,4351493,,000000000005549064:,,,,,,0,0
CoA_FINI_Check,4351494,,000000000005549066:,,,,,,0,0
CoA_FINI_Check,4351495,,000000000005549070:,,,,,,0,0
CoA_FINI_Check,4351496,,000000000005535349:000000000005535350:000000000005549073:000000000005549074:000000000005549076:,,,,,,0,0
CoA_FINI_Check,4351497,,000000000005549078:,,,,,,0,0
CoA_FINI_Check,4351498,,000000000005347989:000000000005347993:000000000005549080:,,,,,,0,0
CoA_FINI_Check,4351499,,000000000005549082:,,,,,,0,0
CoA_FINI_Check,4351500,,000000000005348001:000000000005348004:000000000005549083:000000000005549087:,,,,,,0,0
CoA_FINI_Check,4351501,,000000000005348012:000000000005348016:000000000005381777:000000000005549088:000000000005549089:000000000005549091:,,,,,,0,0
CoA_FINI_Check,4351502,,000000000005549093:,,,,,,0,0
CoA_FINI_Check,4351503,,000000000005549096:,,,,,,0,0
CoA_FINI_Check,4351504,,000000000005549097:,,,,,,0,0
CoA_FINI_Check,4351505,,000000000005549098:,,,,,,0,0
CoA_FINI_Check,4351506,,000000000005549100:,,,,,,0,0
CoA_FINI_Check,4351507,,000000000005549103:,,,,,,0,0
CoA_FINI_Check,4351508,,000000000005549104:,,,,,,0,0
CoA_FINI_Check,4351509,,000000000005549105:,,,,,,0,0
CoA_FINI_Check,4351510,,000000000005549106:,,,,,,0,0
CoA_FINI_Check,4351511,,000000000005549107:,,,,,,0,0
CoA_FINI_Check,4351512,,000000000005549110:,,,,,,0,0
CoA_FINI_Check,4351513,,,,,,,,0,0
CoA_FINI_Check,4351514,,000000000005549112:,,,,,,0,0
CoA_FINI_Check,4351515,,000000000005348033:,,,,,,0,0
CoA_FINI_Check,4351516,,000000000005549116:,,,,,,0,0
CoA_FINI_Check,4351517,,000000000005348040:000000000005535425:000000000005549119:000000000005549120:000000000005549121:000000000005549123:,,,,,,0,0
CoA_FINI_Check,4351518,,000000000005549127:,,,,,,0,0
CoA_FINI_Check,4351519,,000000000005549136:,,,,,,0,0
CoA_FINI_Check,4351521,,000000000005549140:,,,,,,0,0
CoA_FINI_Check,4351522,,000000000005535442:000000000005549141:,,,,,,0,0
CoA_FINI_Check,4351523,,000000000005535444:000000000005549142:000000000005549143:000000000005549144:,,,,,,0,0
CoA_FINI_Check,4351524,,000000000005549147:,,,,,,0,0
CoA_FINI_Check,4351525,,000000000005549148:000000000005549149:000000000005549150:,,,,,,0,0
CoA_FINI_Check,4351526,,,,,,,,0,0
CoA_FINI_Check,4351527,,000000000005549151:,,,,,,0,0
CoA_FINI_Check,4351528,,000000000005348067:000000000005549152:,,,,,,0,0
CoA_FINI_Check,4352572,,000000000005550288:000000000005550289:000000000005550290:000000000005550291:000000000005550292:,,,,,,0,0
CoA_FINI_Check,4352573,,000000000005550293:000000000005550294:,,,,,,0,0
CoA_FINI_Check,4352574,,000000000005550296:000000000005550297:000000000005550298:,,,,,,0,0
CoA_FINI_Check,4352575,,000000000005550301:000000000005550302:,,,,,,0,0
CoA_FINI_Check,4352576,,000000000005550304:000000000005550305:,,,,,,0,0
CoA_FINI_Check,4352577,,000000000005550308:000000000005550309:,,,,,,0,0
CoA_FINI_Check,4352578,,000000000005550311:000000000005550312:000000000005550313:000000000005550314:000000000005550315:,,,,,,0,0
CoA_FINI_Check,4352579,,000000000005550317:,,,,,,0,0
CoA_FINI_Check,4352580,,000000000005550319:,,,,,,0,0
CoA_FINI_Check,4352581,,000000000005550321:000000000005550323:,,,,,,0,0
CoA_FINI_Check,4352582,,000000000005550325:,,,,,,0,0
CoA_FINI_Check,4352583,,000000000005550327:,,,,,,0,0
CoA_FINI_Check,4352584,,000000000005550329:,,,,,,0,0
CoA_FINI_Check,4352585,,000000000005550332:000000000005550333:,,,,,,0,0
CoA_FINI_Check,4352586,,000000000005550335:000000000005550336:000000000005550337:000000000005550338:,,,,,,0,0
CoA_FINI_Check,4352587,,000000000005550341:000000000005550342:,,,,,,0,0
CoA_FINI_Check,4352588,,000000000005550344:000000000005550345:000000000005550347:,,,,,,0,0
CoA_FINI_Check,4352589,,000000000005550348:000000000005550349:,,,,,,0,0
CoA_FINI_Check,4352590,,000000000005550352:,,,,,,0,0
CoA_FINI_Check,4352591,,000000000005550356:000000000005550357:,,,,,,0,0
CoA_FINI_Check,4352809,,000000000005550710:000000000005550711:000000000005550712:000000000005550713:000000000005550714:,,,,,,0,0
CoA_FINI_Check,4352810,,,,,,,,0,0
CoA_FINI_Check,4352811,,,,,,,,0,0
CoA_FINI_Check,4352812,,,,,,,,0,0
CoA_FINI_Check,4352813,,000000000005550721:,,,,,,0,0
CoA_FINI_Check,4352814,,000000000005550723:000000000005550724:000000000005550725:000000000005550726:000000000005550727:,,,,,,0,0
CoA_FINI_Check,4352815,,,,,,,,0,0
CoA_FINI_Check,4352816,,,,,,,,0,0
CoA_FINI_Check,4352817,,000000000005550728:000000000005550729:000000000005550730:000000000005550731:000000000005550732:,,,,,,0,0
CoA_FINI_Check,4352818,,,,,,,,0,0
CoA_FINI_Check,4352819,,000000000005550736:000000000005550737:000000000005550738:,,,,,,0,0
CoA_FINI_Check,4352820,,000000000005550741:000000000005550742:000000000005554576:,,,,,,0,0
CoA_FINI_Check,4352821,,000000000005550743:000000000005550744:000000000005550745:,,,,,,0,0
CoA_FINI_Check,4352822,,000000000005550749:000000000005550750:000000000005550751:,,,,,,0,0
CoA_FINI_Check,4352823,,000000000005550752:000000000005550753:,,,,,,0,0
CoA_FINI_Check,4352824,,000000000005550759:000000000005550760:000000000005550761:,,,,,,0,0
CoA_FINI_Check,4352825,,000000000005550762:000000000005550763:,,,,,,0,0
CoA_FINI_Check,4352826,,000000000005550766:000000000005550767:,,,,,,0,0
CoA_FINI_Check,4353045,,000000000005550964:,,,,,,0,0
CoA_FINI_Check,4353046,,000000000005550965:,,,,,,0,0
CoA_FINI_Check,4353047,,000000000005550967:,,,,,,0,0
CoA_FINI_Check,4353048,,000000000005550969:,,,,,,0,0
CoA_FINI_Check,4353049,,000000000005550971:,,,,,,0,0
CoA_FINI_Check,4353050,,000000000005550973:,,,,,,0,0
CoA_FINI_Check,4353051,,000000000005550975:,,,,,,0,0
CoA_FINI_Check,4353052,,000000000005348844:000000000005348848:000000000005505097:000000000005550977:000000000005550978:000000000005550980:000000000005550981:000000000005550982:000000000005550983:000000000005550984:,,,,,,0,0
CoA_FINI_Check,4353053,,000000000005550990:000000000005550991:,,,,,,0,0
CoA_FINI_Check,4353054,,000000000005550993:,,,,,,0,0
CoA_FINI_Check,4353055,,000000000005551017:000000000005551018:,,,,,,0,0
CoA_FINI_Check,4353056,,000000000005551021:000000000005551022:000000000005551020,,,,,,0,0
CoA_FINI_Check,4353057,,000000000005551025:000000000005551026:000000000005551027:000000000005551028:,,,,,,0,0
CoA_FINI_Check,4353058,,000000000005551036:000000000005551037:000000000005551038:000000000005551039:000000000005551040:000000000005551041:000000000005551042:000000000005551043:000000000005551044:000000000005551045:000000000005551046:000000000005551047:,,,,,,0,0
CoA_FINI_Check,4353059,,,,,,,,0,0
CoA_FINI_Check,4353060,,,,,,,,0,0
CoA_FINI_Check,4353061,,000000000005551060:000000000005551061:,,,,,,0,0
CoA_FINI_Check,4353062,,000000000005551064:,,,,,,0,0
CoA_FINI_Check,4353063,,000000000005551066:,,,,,,0,0
CoA_FINI_Check,4353064,,000000000005551068:,,,,,,0,0
CoA_FINI_Check,4353065,,000000000005551070:,,,,,,0,0
CoA_FINI_Check,4353066,,000000000005551072:,,,,,,0,0
CoA_FINI_Check,4353067,,000000000005551074:,,,,,,0,0
CoA_FINI_Check,4353068,,000000000005551076:,,,,,,0,0
CoA_FINI_Check,4353069,,000000000005551078:,,,,,,0,0
CoA_FINI_Check,4353070,,000000000005551080:000000000005551081:000000000005551082:000000000005551083:,,,,,,0,0
CoA_FINI_Check,4353071,,,,,,,,0,0
CoA_FINI_Check,4353072,,000000000005551089:000000000005551090:000000000005551091:,,,,,,0,0
CoA_FINI_Check,4353073,,000000000005551095:000000000005551096:,,,,,,0,0
CoA_FINI_Check,4353074,,000000000005551098:000000000005551099:000000000005554347:,,,,,,0,0
CoA_FINI_Check,4353075,,,,,,,,0,0
CoA_FINI_Check,4353076,,000000000005551102:000000000005551103:000000000005551104:000000000005551105:,,,,,,0,0
CoA_FINI_Check,4353077,,000000000005551113:,,,,,,0,0
CoA_FINI_Check,4353078,,000000000005551115:,,,,,,0,0
CoA_FINI_Check,4353079,,000000000005551117:,,,,,,0,0
CoA_FINI_Check,4353080,,000000000005551119:000000000005551120:000000000005551121:000000000005551122:000000000005551123:000000000005551124:,,,,,,0,0
CoA_FINI_Check,4353081,,,,,,,,0,0
CoA_FINI_Check,4353082,,000000000005551134:,,,,,,0,0
CoA_FINI_Check,4353083,,000000000005551136:,,,,,,0,0
CoA_FINI_Check,4353084,,000000000005551138:,,,,,,0,0
CoA_FINI_Check,4353085,,000000000005551140:,,,,,,0,0
CoA_FINI_Check,4353086,,000000000005551142:,,,,,,0,0
CoA_FINI_Check,4353087,,000000000005551144:,,,,,,0,0
CoA_FINI_Check,4353088,,000000000005551146:,,,,,,0,0
CoA_FINI_Check,4353089,,000000000005551148:,,,,,,0,0
CoA_FINI_Check,4353090,,000000000005551150:,,,,,,0,0
CoA_FINI_Check,4353091,,000000000005551152:,,,,,,0,0
CoA_FINI_Check,4353092,,000000000005551154:000000000005551155:000000000005551156:,,,,,,0,0
CoA_FINI_Check,4353093,,000000000005551160:000000000005551161:,,,,,,0,0
CoA_FINI_Check,4353094,,000000000005551165:000000000005551166:,,,,,,0,0
CoA_FINI_Check,4353095,,000000000005551169:,,,,,,0,0
CoA_FINI_Check,4353096,,000000000005551171:,,,,,,0,0
CoA_FINI_Check,4353097,,000000000005551173:,,,,,,0,0
CoA_FINI_Check,4353098,,000000000005551175:,,,,,,0,0
CoA_FINI_Check,4353099,,000000000005551177:,,,,,,0,0
CoA_FINI_Check,4353100,,000000000005551179:,,,,,,0,0
CoA_FINI_Check,4353101,,000000000005551181:,,,,,,0,0
CoA_FINI_Check,4353102,,000000000005551183:,,,,,,0,0
CoA_FINI_Check,4353103,,000000000005551185:,,,,,,0,0
CoA_FINI_Check,4353104,,000000000005551187:,,,,,,0,0
CoA_FINI_Check,4353105,,000000000005551189:,,,,,,0,0
CoA_FINI_Check,4353106,,000000000005551191:,,,,,,0,0
CoA_FINI_Check,4353107,,000000000005551193:,,,,,,0,0
CoA_FINI_Check,4353108,,000000000005551195:000000000005551196:,,,,,,0,0
CoA_FINI_Check,4353109,,000000000005551199:000000000005551200:,,,,,,0,0
CoA_FINI_Check,4353110,,000000000005551203:000000000005551204:,,,,,,0,0
CoA_FINI_Check,4353111,,000000000005551207:000000000005551208:,,,,,,0,0
CoA_FINI_Check,4353112,,000000000005551211:,,,,,,0,0
CoA_FINI_Check,4353113,,000000000005551213:,,,,,,0,0
CoA_FINI_Check,4353114,,000000000005551215:,,,,,,0,0
CoA_FINI_Check,4353115,,000000000005551217:,,,,,,0,0
CoA_FINI_Check,4353116,,000000000005551219:,,,,,,0,0
CoA_FINI_Check,4353117,,000000000005551221:000000000005551222:000000000005551223:,,,,,,0,0
CoA_FINI_Check,4353118,,000000000005551228:,,,,,,0,0
CoA_FINI_Check,4353119,,000000000005551230:000000000005551231:000000000005551232:,,,,,,0,0
CoA_FINI_Check,4353120,,000000000005551237:000000000005551238:,,,,,,0,0
CoA_FINI_Check,4353121,,000000000005551244:,,,,,,0,0
CoA_FINI_Check,4353122,,000000000005551246:,,,,,,0,0
CoA_FINI_Check,4353123,,000000000005551248:000000000005551249:000000000005551250:,,,,,,0,0
CoA_FINI_Check,4353124,,000000000005551254:,,,,,,0,0
CoA_FINI_Check,4353125,,000000000005551257:,,,,,,0,0
CoA_FINI_Check,4353126,,000000000005551259:,,,,,,0,0
CoA_FINI_Check,4353127,,000000000005551261:,,,,,,0,0
CoA_FINI_Check,4353128,,000000000005551263:,,,,,,0,0
CoA_FINI_Check,4353129,,000000000005551265:,,,,,,0,0
CoA_FINI_Check,4353130,,000000000005551267:,,,,,,0,0
CoA_FINI_Check,4353131,,000000000005551269:,,,,,,0,0
CoA_FINI_Check,4353132,,000000000005551271:,,,,,,0,0
CoA_FINI_Check,4353133,,000000000005551273:,,,,,,0,0
CoA_FINI_Check,4353134,,000000000005551275:,,,,,,0,0
CoA_FINI_Check,4353135,,000000000005551277:,,,,,,0,0
CoA_FINI_Check,4353136,,000000000005551279:,,,,,,0,0
CoA_FINI_Check,4353137,,000000000005551281:,,,,,,0,0
CoA_FINI_Check,4353138,,000000000005551283:000000000005683148:,,,,,,0,0
CoA_FINI_Check,4353139,,000000000005551286:,,,,,,0,0
CoA_FINI_Check,4353140,,000000000005551288:000000000005748097:,,,,,,0,0
CoA_FINI_Check,4353141,,000000000005551290:000000000005551291:000000000005551292:,,,,,,0,0
CoA_FINI_Check,4353142,,000000000005551297:000000000005551298:,,,,,,0,0
CoA_FINI_Check,4353143,,000000000005551301:000000000005551302:,,,,,,0,0
CoA_FINI_Check,4353144,,000000000005551305:,,,,,,0,0
CoA_FINI_Check,4353145,,000000000005551307:,,,,,,0,0
CoA_FINI_Check,4353146,,000000000005551309:,,,,,,0,0
CoA_FINI_Check,4353147,,000000000005551311:,,,,,,0,0
CoA_FINI_Check,4353148,,000000000005551313:,,,,,,0,0
CoA_FINI_Check,4353149,,000000000005551315:,,,,,,0,0
CoA_FINI_Check,4353150,,000000000005551317:,,,,,,0,0
CoA_FINI_Check,4353151,,000000000005551319:000000000005551320:000000000005551321:,,,,,,0,0
CoA_FINI_Check,4353152,,,,,,,,0,0
CoA_FINI_Check,4353153,,000000000005551325:,,,,,,0,0
CoA_FINI_Check,4353154,,000000000005551327:,,,,,,0,0
CoA_FINI_Check,4353155,,000000000005551329:,,,,,,0,0
CoA_FINI_Check,4353156,,000000000005551331:,,,,,,0,0
CoA_FINI_Check,4353157,,000000000005551333:,,,,,,0,0
CoA_FINI_Check,4353158,,000000000005551334:,,,,,,0,0
CoA_FINI_Check,4353159,,000000000005551336:,,,,,,0,0
CoA_FINI_Check,4353160,,000000000005551338:,,,,,,0,0
CoA_FINI_Check,4353161,,000000000005551340:,,,,,,0,0
CoA_FINI_Check,4353162,,000000000005551342:,,,,,,0,0
CoA_FINI_Check,4353163,,000000000005551344:000000000005551345:,,,,,,0,0
CoA_FINI_Check,4353164,,000000000005551348:000000000005551349:000000000005551350:,,,,,,0,0
CoA_FINI_Check,4353165,,000000000005551354:000000000005551355:,,,,,,0,0
CoA_FINI_Check,4353166,,000000000005551358:,,,,,,0,0
CoA_FINI_Check,4353167,,000000000005551361:000000000005551362:,,,,,,0,0
CoA_FINI_Check,4353168,,000000000005551365:,,,,,,0,0
CoA_FINI_Check,4353169,,000000000005551367:,,,,,,0,0
CoA_FINI_Check,4353170,,000000000005551370:,,,,,,0,0
CoA_FINI_Check,4353171,,000000000005551372:,,,,,,0,0
CoA_FINI_Check,4353172,,000000000005551374:,,,,,,0,0
CoA_FINI_Check,4353173,,000000000005551376:,,,,,,0,0
CoA_FINI_Check,4353174,,000000000005551379:,,,,,,0,0
CoA_FINI_Check,4353175,,000000000005551381:,,,,,,0,0
CoA_FINI_Check,4353176,,000000000005551383:,,,,,,0,0
CoA_FINI_Check,4353177,,000000000005551385:,,,,,,0,0
CoA_FINI_Check,4353178,,000000000005551387:,,,,,,0,0
CoA_FINI_Check,4353179,,000000000005551389:000000000005551390:000000000005551391:,,,,,,0,0
CoA_FINI_Check,4353180,,,,,,,,0,0
CoA_FINI_Check,4353181,,000000000005551395:000000000005551396:000000000005551397:000000000005551398:,,,,,,0,0
CoA_FINI_Check,4353182,,000000000005551405:,,,,,,0,0
CoA_FINI_Check,4353183,,000000000005551407:,,,,,,0,0
CoA_FINI_Check,4353184,,000000000005551409:,,,,,,0,0
CoA_FINI_Check,4353185,,000000000005551411:,,,,,,0,0
CoA_FINI_Check,4353186,,000000000005551413:,,,,,,0,0
CoA_FINI_Check,4353187,,000000000005551415:,,,,,,0,0
CoA_FINI_Check,4353188,,000000000005551417:000000000005551418:,,,,,,0,0
CoA_FINI_Check,4353189,,000000000005551421:,,,,,,0,0
CoA_FINI_Check,4353190,,000000000005551423:,,,,,,0,0
CoA_FINI_Check,4353191,,000000000005551426:,,,,,,0,0
CoA_FINI_Check,4353192,,000000000005551428:,,,,,,0,0
CoA_FINI_Check,4353193,,000000000005551430:,,,,,,0,0
CoA_FINI_Check,4353194,,000000000005551432:000000000005551433:,,,,,,0,0
CoA_FINI_Check,4353195,,000000000005551436:,,,,,,0,0
CoA_FINI_Check,4353196,,000000000005551439:000000000005551440:000000000005551441:000000000005551442:000000000005551443:000000000005551444:,,,,,,0,0
CoA_FINI_Check,4353197,,,,,,,,0,0
CoA_FINI_Check,4353198,,000000000005551454:,,,,,,0,0
CoA_FINI_Check,4353199,,000000000005551456:,,,,,,0,0
CoA_FINI_Check,4353200,,000000000005551458:000000000005551459:,,,,,,0,0
CoA_FINI_Check,4353201,,000000000005551463:,,,,,,0,0
CoA_FINI_Check,4353202,,000000000005551465:000000000005551466:,,,,,,0,0
CoA_FINI_Check,4353203,,000000000005551469:000000000005551470:,,,,,,0,0
CoA_FINI_Check,4353204,,000000000005551473:,,,,,,0,0
CoA_FINI_Check,4353205,,000000000005551475:,,,,,,0,0
CoA_FINI_Check,4353206,,000000000005551477:,,,,,,0,0
CoA_FINI_Check,4353207,,000000000005551479:,,,,,,0,0
CoA_FINI_Check,4353208,,000000000005551481:000000000005551482:,,,,,,0,0
CoA_FINI_Check,4353209,,000000000005551486:000000000005551487:000000000005551488:,,,,,,0,0
CoA_FINI_Check,4353210,,000000000005551493:,,,,,,0,0
CoA_FINI_Check,4353211,,000000000005551495:,,,,,,0,0
CoA_FINI_Check,4353212,,000000000005551498:,,,,,,0,0
CoA_FINI_Check,4353213,,000000000005551500:000000000005551501:000000000005551502:000000000005551503:,,,,,,0,0
CoA_FINI_Check,4353214,,000000000005551507:000000000005551508:,,,,,,0,0
CoA_FINI_Check,4353215,,000000000005551511:,,,,,,0,0
CoA_FINI_Check,4353216,,000000000005551513:,,,,,,0,0
CoA_FINI_Check,4353217,,000000000005551515:,,,,,,0,0
CoA_FINI_Check,4353218,,000000000005551517:,,,,,,0,0
CoA_FINI_Check,4353219,,000000000005551519:,,,,,,0,0
CoA_FINI_Check,4353220,,000000000005551521:000000000005551522:000000000005551523:,,,,,,0,0
CoA_FINI_Check,4353221,,000000000005551527:000000000005551528:,,,,,,0,0
CoA_FINI_Check,4353222,,000000000005551531:,,,,,,0,0
CoA_FINI_Check,4353223,,000000000005551533:,,,,,,0,0
CoA_FINI_Check,4353224,,000000000005551535:,,,,,,0,0
CoA_FINI_Check,4353225,,000000000005551537:,,,,,,0,0
CoA_FINI_Check,4353226,,000000000005551539:,,,,,,0,0
CoA_FINI_Check,4353227,,000000000005551541:,,,,,,0,0
CoA_FINI_Check,4353228,,000000000005551543:,,,,,,0,0
CoA_FINI_Check,4353229,,000000000005551545:,,,,,,0,0
CoA_FINI_Check,4353230,,000000000005551547:000000000005623980:,,,,,,0,0
CoA_FINI_Check,4353231,,000000000005551549:000000000005551550:,,,,,,0,0
CoA_FINI_Check,4353232,,000000000005551553:,,,,,,0,0
CoA_FINI_Check,4353233,,000000000005551556:,,,,,,0,0
CoA_FINI_Check,4353234,,000000000005551559:000000000005551560:,,,,,,0,0
CoA_FINI_Check,4353235,,000000000005551563:000000000005551564:,,,,,,0,0
CoA_FINI_Check,4353236,,,,,,,,0,0
CoA_FINI_Check,4353237,,000000000005551567:,,,,,,0,0
CoA_FINI_Check,4353238,,000000000005551569:,,,,,,0,0
CoA_FINI_Check,4353239,,000000000005551571:,,,,,,0,0
CoA_FINI_Check,4353240,,000000000005551573:,,,,,,0,0
CoA_FINI_Check,4353241,,000000000005551575:,,,,,,0,0
CoA_FINI_Check,4353242,,000000000005551577:,,,,,,0,0
CoA_FINI_Check,4353243,,000000000005551579:000000000005551580:000000000005551581:000000000005748098:,,,,,,0,0
CoA_FINI_Check,4353244,,000000000005551585:,,,,,,0,0
CoA_FINI_Check,4353245,,000000000005551587:000000000005551588:,,,,,,0,0
CoA_FINI_Check,4353246,,000000000005551591:,,,,,,0,0
CoA_FINI_Check,4353247,,000000000005551593:000000000005551594:,,,,,,0,0
CoA_FINI_Check,4353248,,000000000005551598:000000000005551599:,,,,,,0,0
CoA_FINI_Check,4353249,,000000000005551603:,,,,,,0,0
CoA_FINI_Check,4353250,,000000000005551605:,,,,,,0,0
CoA_FINI_Check,4353251,,000000000005551607:000000000005551608:000000000005551609:,,,,,,0,0
CoA_FINI_Check,4353252,,000000000005551613:000000000005551614:000000000005551615:000000000005551616:,,,,,,0,0
CoA_FINI_Check,4353253,,000000000005551622:,,,,,,0,0
CoA_FINI_Check,4353254,,000000000005551624:,,,,,,0,0
CoA_FINI_Check,4353255,,000000000005551626:000000000005551627:,,,,,,0,0
CoA_FINI_Check,4353256,,000000000005551630:,,,,,,0,0
CoA_FINI_Check,4353257,,000000000005551632:,,,,,,0,0
CoA_FINI_Check,4353258,,000000000005551634:,,,,,,0,0
CoA_FINI_Check,4353259,,000000000005551636:000000000005551637:000000000005551638:,,,,,,0,0
CoA_FINI_Check,4353260,,000000000005551642:000000000005554348:,,,,,,0,0
CoA_FINI_Check,4353261,,000000000005551644:,,,,,,0,0
CoA_FINI_Check,4353262,,000000000005551646:,,,,,,0,0
CoA_FINI_Check,4353263,,000000000005551648:,,,,,,0,0
CoA_FINI_Check,4353264,,000000000005551650:,,,,,,0,0
CoA_FINI_Check,4353265,,000000000005551652:,,,,,,0,0
CoA_FINI_Check,4353266,,000000000005551654:,,,,,,0,0
CoA_FINI_Check,4353267,,000000000005551656:000000000005551657:000000000005551658:000000000005551659:000000000005551660:000000000005551661:,,,,,,0,0
CoA_FINI_Check,4353268,,,,,,,,0,0
CoA_FINI_Check,4353269,,000000000005551669:,,,,,,0,0
CoA_FINI_Check,4353270,,000000000005551671:,,,,,,0,0
CoA_FINI_Check,4353271,,000000000005551673:,,,,,,0,0
CoA_FINI_Check,4353272,,000000000005551675:000000000005554349:,,,,,,0,0
CoA_FINI_Check,4353273,,000000000005551677:,,,,,,0,0
CoA_FINI_Check,4353274,,000000000005551679:000000000005551680:,,,,,,0,0
CoA_FINI_Check,4353275,,000000000005551683:000000000005551684:,,,,,,0,0
CoA_FINI_Check,4353276,,000000000005551688:000000000005551689:,,,,,,0,0
CoA_FINI_Check,4353277,,000000000005551692:,,,,,,0,0
CoA_FINI_Check,4353278,,000000000005551694:,,,,,,0,0
CoA_FINI_Check,4353279,,000000000005551696:,,,,,,0,0
CoA_FINI_Check,4353280,,000000000005551698:,,,,,,0,0
CoA_FINI_Check,4353281,,000000000005551700:,,,,,,0,0
CoA_FINI_Check,4353282,,000000000005551702:,,,,,,0,0
CoA_FINI_Check,4353283,,000000000005551705:,,,,,,0,0
CoA_FINI_Check,4353284,,000000000005551707:,,,,,,0,0
CoA_FINI_Check,4353285,,000000000005551709:,,,,,,0,0
CoA_FINI_Check,4353286,,000000000005551711:,,,,,,0,0
CoA_FINI_Check,4353287,,000000000005551713:,,,,,,0,0
CoA_FINI_Check,4353288,,000000000005551715:,,,,,,0,0
CoA_FINI_Check,4353289,,000000000005551717:,,,,,,0,0
CoA_FINI_Check,4353290,,000000000005551720:,,,,,,0,0
CoA_FINI_Check,4353291,,000000000005551722:,,,,,,0,0
CoA_FINI_Check,4353292,,000000000005551724:,,,,,,0,0
CoA_FINI_Check,4353293,,000000000005551726:,,,,,,0,0
CoA_FINI_Check,4353294,,000000000005551728:,,,,,,0,0
CoA_FINI_Check,4353295,,000000000005551730:,,,,,,0,0
CoA_FINI_Check,4353296,,000000000005551732:000000000005551733:,,,,,,0,0
CoA_FINI_Check,4353297,,000000000005551736:,,,,,,0,0
CoA_FINI_Check,4353298,,000000000005551738:,,,,,,0,0
CoA_FINI_Check,4353299,,000000000005551740:,,,,,,0,0
CoA_FINI_Check,4353300,,000000000005551742:,,,,,,0,0
CoA_FINI_Check,4353301,,000000000005551744:,,,,,,0,0
CoA_FINI_Check,4353302,,000000000005551746:,,,,,,0,0
CoA_FINI_Check,4353303,,000000000005551748:000000000005551749:000000000005551750:000000000005551751:000000000005551752:,,,,,,0,0
CoA_FINI_Check,4353304,,,,,,,,0,0
CoA_FINI_Check,4353305,,000000000005551759:,,,,,,0,0
CoA_FINI_Check,4353306,,000000000005551761:,,,,,,0,0
CoA_FINI_Check,4353307,,000000000005551763:,,,,,,0,0
CoA_FINI_Check,4353308,,000000000005551765:,,,,,,0,0
CoA_FINI_Check,4353309,,000000000005551767:,,,,,,0,0
CoA_FINI_Check,4353310,,000000000005551769:,,,,,,0,0
CoA_FINI_Check,4353311,,000000000005551771:,,,,,,0,0
CoA_FINI_Check,4353312,,000000000005551773:,,,,,,0,0
CoA_FINI_Check,4353313,,000000000005551775:,,,,,,0,0
CoA_FINI_Check,4353314,,000000000005551777:,,,,,,0,0
CoA_FINI_Check,4353315,,000000000005551779:,,,,,,0,0
CoA_FINI_Check,4353316,,000000000005551782:000000000005551783:,,,,,,0,0
CoA_FINI_Check,4353317,,000000000005551786:000000000005551787:,,,,,,0,0
CoA_FINI_Check,4353318,,000000000005551790:000000000005551791:,,,,,,0,0
CoA_FINI_Check,4353319,,000000000005551794:000000000005551795:,,,,,,0,0
CoA_FINI_Check,4353320,,000000000005551798:,,,,,,0,0
CoA_FINI_Check,4353321,,000000000005551800:000000000005551801:,,,,,,0,0
CoA_FINI_Check,4353322,,000000000005551804:000000000005551805:000000000005551806:,,,,,,0,0
CoA_FINI_Check,4353323,,000000000005551810:,,,,,,0,0
CoA_FINI_Check,4353324,,000000000005551812:,,,,,,0,0
CoA_FINI_Check,4353325,,000000000005551814:,,,,,,0,0
CoA_FINI_Check,4353326,,000000000005551816:,,,,,,0,0
CoA_FINI_Check,4353327,,000000000005551818:,,,,,,0,0
CoA_FINI_Check,4353328,,000000000005551820:,,,,,,0,0
CoA_FINI_Check,4353329,,000000000005551822:000000000005551823:,,,,,,0,0
CoA_FINI_Check,4353330,,000000000005551826:,,,,,,0,0
CoA_FINI_Check,4353331,,000000000005551828:,,,,,,0,0
CoA_FINI_Check,4353332,,000000000005551830:,,,,,,0,0
CoA_FINI_Check,4353333,,000000000005551832:,,,,,,0,0
CoA_FINI_Check,4353334,,000000000005551834:,,,,,,0,0
CoA_FINI_Check,4353335,,000000000005551836:,,,,,,0,0
CoA_FINI_Check,4353336,,000000000005551838:,,,,,,0,0
CoA_FINI_Check,4353337,,000000000005551840:000000000005551841:,,,,,,0,0
CoA_FINI_Check,4353338,,000000000005551844:,,,,,,0,0
CoA_FINI_Check,4353339,,000000000005551846:000000000005551847:,,,,,,0,0
CoA_FINI_Check,4353340,,000000000005551852:,,,,,,0,0
CoA_FINI_Check,4353341,,000000000005551854:000000000005551855:000000000005551856:,,,,,,0,0
CoA_FINI_Check,4353342,,000000000005551860:,,,,,,0,0
CoA_FINI_Check,4353343,,000000000005551862:,,,,,,0,0
CoA_FINI_Check,4353344,,000000000005551865:000000000005551866:,,,,,,0,0
CoA_FINI_Check,4353345,,000000000005551874:,,,,,,0,0
CoA_FINI_Check,4353346,,000000000005551876:,,,,,,0,0
CoA_FINI_Check,4353347,,000000000005551878:,,,,,,0,0
CoA_FINI_Check,4353348,,000000000005551882:000000000005551883:,,,,,,0,0
CoA_FINI_Check,4353349,,000000000005517875:000000000005551885:000000000005551886:000000000005551887:000000000005551888:000000000005551889:,,,,,,0,0
CoA_FINI_Check,4353350,,000000000005551896:,,,,,,0,0
CoA_FINI_Check,4353351,,000000000005551898:,,,,,,0,0
CoA_FINI_Check,4353352,,000000000005551900:000000000005551901:000000000005551902:,,,,,,0,0
CoA_FINI_Check,4353353,,,,,,,,0,0
CoA_FINI_Check,4353354,,000000000005551906:,,,,,,0,0
CoA_FINI_Check,4353355,,000000000005551908:,,,,,,0,0
CoA_FINI_Check,4353356,,000000000005551910:000000000005551911:,,,,,,0,0
CoA_FINI_Check,4353357,,000000000005551914:,,,,,,0,0
CoA_FINI_Check,4353358,,000000000005551916:,,,,,,0,0
CoA_FINI_Check,4353359,,000000000005551918:,,,,,,0,0
CoA_FINI_Check,4353360,,000000000005551921:000000000005551922:,,,,,,0,0
CoA_FINI_Check,4353361,,000000000005551925:,,,,,,0,0
CoA_FINI_Check,4353362,,000000000005551927:000000000005551928:,,,,,,0,0
CoA_FINI_Check,4353363,,000000000005551931:,,,,,,0,0
CoA_FINI_Check,4353364,,000000000005551934:,,,,,,0,0
CoA_FINI_Check,4353365,,000000000005551936:000000000005551937:,,,,,,0,0
CoA_FINI_Check,4353366,,000000000005551940:000000000005551941:,,,,,,0,0
CoA_FINI_Check,4353367,,000000000005551944:000000000005551945:000000000005551946:000000000005551947:000000000005551948:,,,,,,0,0
CoA_FINI_Check,4353368,,,,,,,,0,0
CoA_FINI_Check,4353369,,,,,,,,0,0
CoA_FINI_Check,4353370,,000000000005551953:,,,,,,0,0
CoA_FINI_Check,4353371,,000000000005551955:,,,,,,0,0
CoA_FINI_Check,4353372,,000000000005551957:000000000005551958:,,,,,,0,0
CoA_FINI_Check,4353373,,000000000005551961:,,,,,,0,0
CoA_FINI_Check,4353374,,000000000005551963:,,,,,,0,0
CoA_FINI_Check,4353375,,000000000005551965:,,,,,,0,0
CoA_FINI_Check,4353376,,000000000005551967:,,,,,,0,0
CoA_FINI_Check,4353377,,000000000005551969:,,,,,,0,0
CoA_FINI_Check,4353378,,000000000005551971:000000000005551972:,,,,,,0,0
CoA_FINI_Check,4353379,,000000000005551975:,,,,,,0,0
CoA_FINI_Check,4353380,,000000000005551977:,,,,,,0,0
CoA_FINI_Check,4353381,,000000000005551979:,,,,,,0,0
CoA_FINI_Check,4353382,,000000000005551981:,,,,,,0,0
CoA_FINI_Check,4353383,,000000000005551983:,,,,,,0,0
CoA_FINI_Check,4353384,,000000000005551985:,,,,,,0,0
CoA_FINI_Check,4353385,,000000000005551987:000000000005551988:,,,,,,0,0
CoA_FINI_Check,4353386,,000000000005551991:,,,,,,0,0
CoA_FINI_Check,4353387,,000000000005551993:,,,,,,0,0
CoA_FINI_Check,4353388,,000000000005551995:,,,,,,0,0
CoA_FINI_Check,4353389,,000000000005551997:,,,,,,0,0
CoA_FINI_Check,4353390,,000000000005551999:,,,,,,0,0
CoA_FINI_Check,4353391,,000000000005552001:,,,,,,0,0
CoA_FINI_Check,4353392,,000000000005552003:,,,,,,0,0
CoA_FINI_Check,4353393,,000000000005552005:,,,,,,0,0
CoA_FINI_Check,4353394,,000000000005552007:,,,,,,0,0
CoA_FINI_Check,4353395,,000000000005552009:,,,,,,0,0
CoA_FINI_Check,4353396,,000000000005552011:,,,,,,0,0
CoA_FINI_Check,4353397,,,,,,,,0,0
CoA_FINI_Check,4353398,,000000000005552013:,,,,,,0,0
CoA_FINI_Check,4353399,,000000000005552015:,,,,,,0,0
CoA_FINI_Check,4353400,,000000000005552017:,,,,,,0,0
CoA_FINI_Check,4353401,,000000000005552019:,,,,,,0,0
CoA_FINI_Check,4353402,,000000000005552022:,,,,,,0,0
CoA_FINI_Check,4353403,,000000000005552024:,,,,,,0,0
CoA_FINI_Check,4353404,,000000000005552026:,,,,,,0,0
CoA_FINI_Check,4353405,,000000000005552028:,,,,,,0,0
CoA_FINI_Check,4353406,,000000000005552030:,,,,,,0,0
CoA_FINI_Check,4353407,,000000000005552032:,,,,,,0,0
CoA_FINI_Check,4353408,,000000000005552035:,,,,,,0,0
CoA_FINI_Check,4353409,,000000000005552037:,,,,,,0,0
CoA_FINI_Check,4353410,,000000000005552039:,,,,,,0,0
CoA_FINI_Check,4353411,,000000000005552041:,,,,,,0,0
CoA_FINI_Check,4353412,,000000000005552043:,,,,,,0,0
CoA_FINI_Check,4353413,,000000000005552045:,,,,,,0,0
CoA_FINI_Check,4353414,,000000000005552048:,,,,,,0,0
CoA_FINI_Check,4353415,,000000000005552050:,,,,,,0,0
CoA_FINI_Check,4353416,,000000000005552052:,,,,,,0,0
CoA_FINI_Check,4353417,,000000000005552054:,,,,,,0,0
CoA_FINI_Check,4353418,,000000000005552056:,,,,,,0,0
CoA_FINI_Check,4353419,,000000000005552058:,,,,,,0,0
CoA_FINI_Check,4353420,,000000000005552060:,,,,,,0,0
CoA_FINI_Check,4353421,,000000000005552062:000000000005552063:,,,,,,0,0
CoA_FINI_Check,4353422,,000000000005552066:000000000005552067:,,,,,,0,0
CoA_FINI_Check,4353423,,000000000005552070:,,,,,,0,0
CoA_FINI_Check,4353424,,000000000005552072:,,,,,,0,0
CoA_FINI_Check,4353425,,000000000005552074:,,,,,,0,0
CoA_FINI_Check,4353426,,000000000005552076:,,,,,,0,0
CoA_FINI_Check,4353427,,000000000005552078:,,,,,,0,0
CoA_FINI_Check,4353428,,000000000005552080:,,,,,,0,0
CoA_FINI_Check,4353429,,000000000005552082:,,,,,,0,0
CoA_FINI_Check,4353430,,000000000005552084:,,,,,,0,0
CoA_FINI_Check,4353431,,000000000005552086:,,,,,,0,0
CoA_FINI_Check,4353432,,000000000005552088:,,,,,,0,0
CoA_FINI_Check,4353433,,000000000005552091:,,,,,,0,0
CoA_FINI_Check,4353434,,000000000005552093:,,,,,,0,0
CoA_FINI_Check,4353435,,000000000005552095:,,,,,,0,0
CoA_FINI_Check,4353436,,000000000005552097:,,,,,,0,0
CoA_FINI_Check,4353437,,000000000005552099:,,,,,,0,0
CoA_FINI_Check,4353438,,000000000005552101:,,,,,,0,0
CoA_FINI_Check,4353439,,000000000005552103:,,,,,,0,0
CoA_FINI_Check,4353440,,000000000005552105:,,,,,,0,0
CoA_FINI_Check,4353441,,000000000005552107:000000000005552108:,,,,,,0,0
CoA_FINI_Check,4353442,,000000000005552111:,,,,,,0,0
CoA_FINI_Check,4353443,,000000000005552113:,,,,,,0,0
CoA_FINI_Check,4353444,,000000000005552115:,,,,,,0,0
CoA_FINI_Check,4353445,,000000000005552117:000000000005552118:,,,,,,0,0
CoA_FINI_Check,4353446,,000000000005552121:,,,,,,0,0
CoA_FINI_Check,4353447,,000000000005552125:,,,,,,0,0
CoA_FINI_Check,4353448,,000000000005552127:,,,,,,0,0
CoA_FINI_Check,4353449,,000000000005552129:,,,,,,0,0
CoA_FINI_Check,4353450,,000000000005552131:,,,,,,0,0
CoA_FINI_Check,4353451,,000000000005552133:,,,,,,0,0
CoA_FINI_Check,4353452,,000000000005552135:,,,,,,0,0
CoA_FINI_Check,4353453,,000000000005552137:,,,,,,0,0
CoA_FINI_Check,4353454,,000000000005552139:,,,,,,0,0
CoA_FINI_Check,4353455,,000000000005552141:,,,,,,0,0
CoA_FINI_Check,4353456,,000000000005552143:,,,,,,0,0
CoA_FINI_Check,4353457,,,,,,,,0,0
CoA_FINI_Check,4353458,,000000000005552147:,,,,,,0,0
CoA_FINI_Check,4353459,,000000000005552149:,,,,,,0,0
CoA_FINI_Check,4353460,,000000000005552151:,,,,,,0,0
CoA_FINI_Check,4353461,,000000000005552153:,,,,,,0,0
CoA_FINI_Check,4353462,,000000000005552155:,,,,,,0,0
CoA_FINI_Check,4353463,,000000000005552158:,,,,,,0,0
CoA_FINI_Check,4353464,,000000000005552160:,,,,,,0,0
CoA_FINI_Check,4353465,,000000000005552162:,,,,,,0,0
CoA_FINI_Check,4353466,,000000000005552164:,,,,,,0,0
CoA_FINI_Check,4353467,,000000000005552166:000000000005552167:,,,,,,0,0
CoA_FINI_Check,4353468,,000000000005552170:,,,,,,0,0
CoA_FINI_Check,4353469,,000000000005552172:,,,,,,0,0
CoA_FINI_Check,4353470,,000000000005552174:,,,,,,0,0
CoA_FINI_Check,4353471,,000000000005552176:,,,,,,0,0
CoA_FINI_Check,4353472,,000000000005552180:,,,,,,0,0
CoA_FINI_Check,4353473,,000000000005552182:,,,,,,0,0
CoA_FINI_Check,4353474,,000000000005552184:,,,,,,0,0
CoA_FINI_Check,4353475,,000000000005552186:,,,,,,0,0
CoA_FINI_Check,4353476,,000000000005552189:,,,,,,0,0
CoA_FINI_Check,4353477,,000000000005552191:,,,,,,0,0
CoA_FINI_Check,4353478,,000000000005552195:000000000005552196:000000000005552197:,,,,,,0,0
CoA_FINI_Check,4353479,,000000000005552201:,,,,,,0,0
CoA_FINI_Check,4353480,,000000000005552203:,,,,,,0,0
CoA_FINI_Check,4353481,,000000000005552205:,,,,,,0,0
CoA_FINI_Check,4353482,,000000000005552207:,,,,,,0,0
CoA_FINI_Check,4353483,,000000000005552209:,,,,,,0,0
CoA_FINI_Check,4353484,,000000000005552211:,,,,,,0,0
CoA_FINI_Check,4353485,,000000000005552213:,,,,,,0,0
CoA_FINI_Check,4353486,,000000000005552215:,,,,,,0,0
CoA_FINI_Check,4353487,,000000000005552217:,,,,,,0,0
CoA_FINI_Check,4353488,,000000000005552219:,,,,,,0,0
CoA_FINI_Check,4353489,,000000000005552221:,,,,,,0,0
CoA_FINI_Check,4353490,,000000000005552223:,,,,,,0,0
CoA_FINI_Check,4353491,,000000000005552225:,,,,,,0,0
CoA_FINI_Check,4353492,,000000000005552227:,,,,,,0,0
CoA_FINI_Check,4353493,,000000000005552229:,,,,,,0,0
CoA_FINI_Check,4353494,,,,,,,,0,0
CoA_FINI_Check,4353495,,000000000005552233:,,,,,,0,0
CoA_FINI_Check,4353496,,000000000005552235:,,,,,,0,0
CoA_FINI_Check,4353497,,000000000005552237:,,,,,,0,0
CoA_FINI_Check,4353498,,000000000005552239:,,,,,,0,0
CoA_FINI_Check,4353499,,000000000005552241:000000000005748099:,,,,,,0,0
CoA_FINI_Check,4353500,,000000000005552243:,,,,,,0,0
CoA_FINI_Check,4353501,,000000000005552245:,,,,,,0,0
CoA_FINI_Check,4353502,,000000000005552247:,,,,,,0,0
CoA_FINI_Check,4353503,,000000000005552249:,,,,,,0,0
CoA_FINI_Check,4353504,,000000000005552251:,,,,,,0,0
CoA_FINI_Check,4353505,,000000000005552253:,,,,,,0,0
CoA_FINI_Check,4353506,,000000000005552255:,,,,,,0,0
CoA_FINI_Check,4353507,,000000000005552257:,,,,,,0,0
CoA_FINI_Check,4353508,,000000000005552259:,,,,,,0,0
CoA_FINI_Check,4353509,,000000000005552261:,,,,,,0,0
CoA_FINI_Check,4353510,,000000000005552263:,,,,,,0,0
CoA_FINI_Check,4353511,,000000000005552265:,,,,,,0,0
CoA_FINI_Check,4353512,,000000000005552267:,,,,,,0,0
CoA_FINI_Check,4353513,,000000000005552269:,,,,,,0,0
CoA_FINI_Check,4353514,,000000000005552271:,,,,,,0,0
CoA_FINI_Check,4353515,,000000000005552273:,,,,,,0,0
CoA_FINI_Check,4353516,,000000000005552275:,,,,,,0,0
CoA_FINI_Check,4353517,,000000000005552277:,,,,,,0,0
CoA_FINI_Check,4353518,,000000000005552279:,,,,,,0,0
CoA_FINI_Check,4353519,,000000000005552281:,,,,,,0,0
CoA_FINI_Check,4353520,,000000000005552283:,,,,,,0,0
CoA_FINI_Check,4353521,,000000000005552286:000000000005552287:,,,,,,0,0
CoA_FINI_Check,4353522,,000000000005552290:,,,,,,0,0
CoA_FINI_Check,4353523,,000000000005552292:,,,,,,0,0
CoA_FINI_Check,4353524,,000000000005552294:000000000005552295:,,,,,,0,0
CoA_FINI_Check,4353525,,000000000005552298:,,,,,,0,0
CoA_FINI_Check,4353526,,000000000005552300:,,,,,,0,0
CoA_FINI_Check,4353527,,000000000005552302:,,,,,,0,0
CoA_FINI_Check,4353528,,000000000005552305:000000000005552306:,,,,,,0,0
CoA_FINI_Check,4353529,,,,,,,,0,0
CoA_FINI_Check,4353530,,000000000005552309:,,,,,,0,0
CoA_FINI_Check,4353531,,000000000005552311:,,,,,,0,0
CoA_FINI_Check,4353532,,000000000005552313:,,,,,,0,0
CoA_FINI_Check,4353533,,000000000005552315:,,,,,,0,0
CoA_FINI_Check,4353534,,000000000005552317:,,,,,,0,0
CoA_FINI_Check,4353535,,000000000005552319:,,,,,,0,0
CoA_FINI_Check,4353536,,000000000005552321:,,,,,,0,0
CoA_FINI_Check,4353537,,000000000005552324:,,,,,,0,0
CoA_FINI_Check,4353538,,000000000005552326:,,,,,,0,0
CoA_FINI_Check,4353539,,000000000005552328:,,,,,,0,0
CoA_FINI_Check,4353540,,000000000005552330:,,,,,,0,0
CoA_FINI_Check,4353541,,000000000005552332:,,,,,,0,0
CoA_FINI_Check,4353542,,000000000005552334:,,,,,,0,0
CoA_FINI_Check,4353543,,000000000005552336:,,,,,,0,0
CoA_FINI_Check,4353544,,000000000005552338:,,,,,,0,0
CoA_FINI_Check,4353545,,000000000005552340:,,,,,,0,0
CoA_FINI_Check,4353546,,000000000005552342:,,,,,,0,0
CoA_FINI_Check,4353547,,000000000005552344:,,,,,,0,0
CoA_FINI_Check,4353548,,000000000005552346:,,,,,,0,0
CoA_FINI_Check,4353549,,000000000005552348:,,,,,,0,0
CoA_FINI_Check,4353550,,000000000005552350:,,,,,,0,0
CoA_FINI_Check,4353551,,000000000005552352:,,,,,,0,0
CoA_FINI_Check,4353552,,000000000005552354:,,,,,,0,0
CoA_FINI_Check,4353553,,000000000005552356:,,,,,,0,0
CoA_FINI_Check,4353554,,000000000005552358:,,,,,,0,0
CoA_FINI_Check,4353555,,,,,,,,0,0
CoA_FINI_Check,4353556,,000000000005552360:,,,,,,0,0
CoA_FINI_Check,4353557,,000000000005552362:,,,,,,0,0
CoA_FINI_Check,4353558,,000000000005552364:,,,,,,0,0
CoA_FINI_Check,4353559,,000000000005552366:,,,,,,0,0
CoA_FINI_Check,4353560,,000000000005552368:000000000005552369:,,,,,,0,0
CoA_FINI_Check,4353561,,,,,,,,0,0
CoA_FINI_Check,4353562,,000000000005552372:,,,,,,0,0
CoA_FINI_Check,4353563,,000000000005552374:,,,,,,0,0
CoA_FINI_Check,4353564,,000000000005552376:,,,,,,0,0
CoA_FINI_Check,4353565,,000000000005552378:,,,,,,0,0
CoA_FINI_Check,4353566,,000000000005552380:,,,,,,0,0
CoA_FINI_Check,4353567,,000000000005552383:,,,,,,0,0
CoA_FINI_Check,4353568,,000000000005552385:,,,,,,0,0
CoA_FINI_Check,4353569,,000000000005552387:,,,,,,0,0
CoA_FINI_Check,4353570,,000000000005552389:,,,,,,0,0
CoA_FINI_Check,4353571,,000000000005552391:,,,,,,0,0
CoA_FINI_Check,4353572,,000000000005552393:,,,,,,0,0
CoA_FINI_Check,4353573,,000000000005552394:,,,,,,0,0
CoA_FINI_Check,4353574,,000000000005552396:,,,,,,0,0
CoA_FINI_Check,4353575,,000000000005552398:,,,,,,0,0
CoA_FINI_Check,4353576,,000000000005552400:,,,,,,0,0
CoA_FINI_Check,4353577,,000000000005552402:,,,,,,0,0
CoA_FINI_Check,4353578,,000000000005552404:,,,,,,0,0
CoA_FINI_Check,4353579,,000000000005552406:,,,,,,0,0
CoA_FINI_Check,4353580,,000000000005552408:000000000005552409:,,,,,,0,0
CoA_FINI_Check,4353581,,000000000005552412:,,,,,,0,0
CoA_FINI_Check,4353582,,000000000005552414:,,,,,,0,0
CoA_FINI_Check,4353583,,000000000005552416:000000000005552417:,,,,,,0,0
CoA_FINI_Check,4353584,,000000000005552420:,,,,,,0,0
CoA_FINI_Check,4353585,,000000000005552423:000000000005552424:000000000005552425:,,,,,,0,0
CoA_FINI_Check,4353586,,000000000005552427:,,,,,,0,0
CoA_FINI_Check,4353587,,000000000005552429:,,,,,,0,0
CoA_FINI_Check,4353588,,000000000005552431:,,,,,,0,0
CoA_FINI_Check,4353589,,000000000005552434:,,,,,,0,0
CoA_FINI_Check,4353590,,000000000005552436:000000000005552437:,,,,,,0,0
CoA_FINI_Check,4353591,,000000000005552440:,,,,,,0,0
CoA_FINI_Check,4353592,,000000000005552442:,,,,,,0,0
CoA_FINI_Check,4353593,,000000000005552446:,,,,,,0,0
CoA_FINI_Check,4353594,,000000000005552449:,,,,,,0,0
CoA_FINI_Check,4353595,,000000000005552451:,,,,,,0,0
CoA_FINI_Check,4353596,,000000000005552453:,,,,,,0,0
CoA_FINI_Check,4353597,,000000000005552455:,,,,,,0,0
CoA_FINI_Check,4353598,,000000000005552457:,,,,,,0,0
CoA_FINI_Check,4353599,,000000000005552459:,,,,,,0,0
CoA_FINI_Check,4353600,,000000000005552461:,,,,,,0,0
CoA_FINI_Check,4353601,,000000000005552463:,,,,,,0,0
CoA_FINI_Check,4353602,,000000000005552465:,,,,,,0,0
CoA_FINI_Check,4353603,,000000000005552467:,,,,,,0,0
CoA_FINI_Check,4353604,,000000000005552469:,,,,,,0,0
CoA_FINI_Check,4353605,,000000000005552471:,,,,,,0,0
CoA_FINI_Check,4353606,,000000000005552473:,,,,,,0,0
CoA_FINI_Check,4353607,,000000000005552475:,,,,,,0,0
CoA_FINI_Check,4353608,,000000000005552477:,,,,,,0,0
CoA_FINI_Check,4353609,,000000000005552479:,,,,,,0,0
CoA_FINI_Check,4353610,,000000000005552481:,,,,,,0,0
CoA_FINI_Check,4353611,,000000000005552483:,,,,,,0,0
CoA_FINI_Check,4353612,,000000000005552485:,,,,,,0,0
CoA_FINI_Check,4353613,,000000000005552487:,,,,,,0,0
CoA_FINI_Check,4353614,,000000000005552489:,,,,,,0,0
CoA_FINI_Check,4353615,,000000000005552491:,,,,,,0,0
CoA_FINI_Check,4353616,,000000000005552493:,,,,,,0,0
CoA_FINI_Check,4353617,,000000000005552495:000000000005552496:,,,,,,0,0
CoA_FINI_Check,4353618,,,,,,,,0,0
CoA_FINI_Check,4353619,,000000000005552499:,,,,,,0,0
CoA_FINI_Check,4353620,,000000000005552501:000000000005552502:,,,,,,0,0
CoA_FINI_Check,4353621,,000000000005552505:,,,,,,0,0
CoA_FINI_Check,4353622,,000000000005552507:,,,,,,0,0
CoA_FINI_Check,4353623,,000000000005552509:,,,,,,0,0
CoA_FINI_Check,4353624,,000000000005552511:,,,,,,0,0
CoA_FINI_Check,4353625,,000000000005552513:,,,,,,0,0
CoA_FINI_Check,4353626,,000000000005552515:,,,,,,0,0
CoA_FINI_Check,4353627,,000000000005552517:,,,,,,0,0
CoA_FINI_Check,4353628,,000000000005552519:,,,,,,0,0
CoA_FINI_Check,4353629,,000000000005552521:,,,,,,0,0
CoA_FINI_Check,4353630,,000000000005552524:,,,,,,0,0
CoA_FINI_Check,4353631,,000000000005552526:,,,,,,0,0
CoA_FINI_Check,4353632,,000000000005552528:,,,,,,0,0
CoA_FINI_Check,4353633,,000000000005552530:,,,,,,0,0
CoA_FINI_Check,4353634,,000000000005552532:,,,,,,0,0
CoA_FINI_Check,4353635,,000000000005552534:,,,,,,0,0
CoA_FINI_Check,4353636,,000000000005552536:000000000005552537:000000000005552538:000000000005552539:000000000005552540:000000000005552541:000000000005552542:,,,,,,0,0
CoA_FINI_Check,4353637,,,,,,,,0,0
CoA_FINI_Check,4353638,,,,,,,,0,0
CoA_FINI_Check,4353639,,000000000005552554:000000000005552555:000000000005552556:,,,,,,0,0
CoA_FINI_Check,4353640,,000000000005552561:000000000005552562:,,,,,,0,0
CoA_FINI_Check,4353641,,000000000005552565:000000000005552566:000000000005552567:,,,,,,0,0
CoA_FINI_Check,4353642,,000000000005552571:,,,,,,0,0
CoA_FINI_Check,4353643,,000000000005552573:000000000005552574:,,,,,,0,0
CoA_FINI_Check,4353644,,000000000005552579:,,,,,,0,0
CoA_FINI_Check,4353645,,000000000005552581:,,,,,,0,0
CoA_FINI_Check,4353646,,000000000005552583:,,,,,,0,0
CoA_FINI_Check,4353647,,000000000005552585:,,,,,,0,0
CoA_FINI_Check,4353648,,000000000005552587:,,,,,,0,0
CoA_FINI_Check,4353649,,000000000005552589:,,,,,,0,0
CoA_FINI_Check,4353650,,000000000005552591:,,,,,,0,0
CoA_FINI_Check,4353651,,000000000005552593:,,,,,,0,0
CoA_FINI_Check,4353652,,000000000005552595:000000000005552596:,,,,,,0,0
CoA_FINI_Check,4353653,,000000000005552599:000000000005552600:000000000005552601:,,,,,,0,0
CoA_FINI_Check,4353654,,000000000005552605:000000000005552606:000000000005552607:,,,,,,0,0
CoA_FINI_Check,4353655,,000000000005552611:,,,,,,0,0
CoA_FINI_Check,4353656,,000000000005552613:,,,,,,0,0
CoA_FINI_Check,4353657,,000000000005552615:000000000005552616:,,,,,,0,0
CoA_FINI_Check,4353658,,000000000005552619:,,,,,,0,0
CoA_FINI_Check,4353659,,000000000005552621:,,,,,,0,0
CoA_FINI_Check,4353660,,000000000005552623:,,,,,,0,0
CoA_FINI_Check,4353661,,000000000005552625:,,,,,,0,0
CoA_FINI_Check,4353662,,000000000005552627:,,,,,,0,0
CoA_FINI_Check,4353663,,000000000005552629:,,,,,,0,0
CoA_FINI_Check,4353664,,000000000005552632:000000000005552633:000000000005552634:000000000005552635:,,,,,,0,0
CoA_FINI_Check,4353665,,000000000005552640:000000000005552641:000000000005552642:,,,,,,0,0
CoA_FINI_Check,4353666,,000000000005552646:,,,,,,0,0
CoA_FINI_Check,4353667,,000000000005552648:,,,,,,0,0
CoA_FINI_Check,4353668,,000000000005552650:,,,,,,0,0
CoA_FINI_Check,4353670,,000000000005350186:000000000005552654:,,,,,,0,0
CoA_FINI_Check,4353671,,000000000005552655:,,,,,,0,0
CoA_FINI_Check,4353672,,000000000005552657:000000000005552658:,,,,,,0,0
CoA_FINI_Check,4353673,,000000000005552660:000000000005552661:,,,,,,0,0
CoA_FINI_Check,4353674,,000000000005552664:,,,,,,0,0
CoA_FINI_Check,4353675,,000000000005552666:,,,,,,0,0
CoA_FINI_Check,4353676,,000000000005552668:,,,,,,0,0
CoA_FINI_Check,4353677,,000000000005552672:,,,,,,0,0
CoA_FINI_Check,4353678,,000000000005552674:,,,,,,0,0
CoA_FINI_Check,4353679,,000000000005552676:,,,,,,0,0
CoA_FINI_Check,4353680,,000000000005552678:,,,,,,0,0
CoA_FINI_Check,4353681,,000000000005552680:,,,,,,0,0
CoA_FINI_Check,4353682,,000000000005552682:,,,,,,0,0
CoA_FINI_Check,4353683,,000000000005552684:,,,,,,0,0
CoA_FINI_Check,4353684,,000000000005552688:,,,,,,0,0
CoA_FINI_Check,4353685,,000000000005552690:,,,,,,0,0
CoA_FINI_Check,4353686,,000000000005552692:,,,,,,0,0
CoA_FINI_Check,4353687,,000000000005552694:,,,,,,0,0
CoA_FINI_Check,4353688,,000000000005552696:,,,,,,0,0
CoA_FINI_Check,4353689,,000000000005552698:,,,,,,0,0
CoA_FINI_Check,4353690,,000000000005552700:,,,,,,0,0
CoA_FINI_Check,4353691,,000000000005552702:000000000005552703:,,,,,,0,0
CoA_FINI_Check,4353692,,000000000005552706:,,,,,,0,0
CoA_FINI_Check,4353693,,000000000005552708:,,,,,,0,0
CoA_FINI_Check,4353694,,000000000005552710:,,,,,,0,0
CoA_FINI_Check,4353695,,000000000005552712:,,,,,,0,0
CoA_FINI_Check,4353696,,000000000005552714:,,,,,,0,0
CoA_FINI_Check,4353697,,000000000005552716:,,,,,,0,0
CoA_FINI_Check,4353698,,000000000005552722:,,,,,,0,0
CoA_FINI_Check,4353699,,000000000005552724:,,,,,,0,0
CoA_FINI_Check,4353700,,000000000005552726:000000000005552727:,,,,,,0,0
CoA_FINI_Check,4353701,,000000000005552730:000000000005552731:,,,,,,0,0
CoA_FINI_Check,4353702,,000000000005552736:,,,,,,0,0
CoA_FINI_Check,4353703,,000000000005552738:,,,,,,0,0
CoA_FINI_Check,4353704,,000000000005552740:,,,,,,0,0
CoA_FINI_Check,4353705,,000000000005552742:,,,,,,0,0
CoA_FINI_Check,4353706,,000000000005552744:,,,,,,0,0
CoA_FINI_Check,4353707,,000000000005552746:,,,,,,0,0
CoA_FINI_Check,4353708,,000000000005552748:,,,,,,0,0
CoA_FINI_Check,4353709,,000000000005552750:000000000005552751:,,,,,,0,0
CoA_FINI_Check,4353711,,000000000005552756:000000000005552757:,,,,,,0,0
CoA_FINI_Check,4353712,,000000000005552764:,,,,,,0,0
CoA_FINI_Check,4353713,,000000000005552766:,,,,,,0,0
CoA_FINI_Check,4353714,,,,,,,,0,0
CoA_FINI_Check,4353715,,000000000005552768:,,,,,,0,0
CoA_FINI_Check,4353716,,000000000005552770:,,,,,,0,0
CoA_FINI_Check,4353717,,000000000005552772:,,,,,,0,0
CoA_FINI_Check,4353718,,000000000005552774:,,,,,,0,0
CoA_FINI_Check,4353719,,000000000005552776:,,,,,,0,0
CoA_FINI_Check,4353720,,000000000005552778:,,,,,,0,0
CoA_FINI_Check,4353721,,000000000005552782:,,,,,,0,0
CoA_FINI_Check,4353722,,000000000005552784:,,,,,,0,0
CoA_FINI_Check,4353723,,000000000005552786:,,,,,,0,0
CoA_FINI_Check,4353724,,000000000005552788:,,,,,,0,0
CoA_FINI_Check,4353725,,000000000005552790:,,,,,,0,0
CoA_FINI_Check,4353726,,,,,,,,0,0
CoA_FINI_Check,4353727,,000000000005552792:,,,,,,0,0
CoA_FINI_Check,4353728,,000000000005552794:,,,,,,0,0
CoA_FINI_Check,4353729,,000000000005552795:000000000005552796:,,,,,,0,0
CoA_FINI_Check,4353730,,,,,,,,0,0
CoA_FINI_Check,4353731,,000000000005552799:,,,,,,0,0
CoA_FINI_Check,4353732,,000000000005552801:,,,,,,0,0
CoA_FINI_Check,4353733,,000000000005552803:,,,,,,0,0
CoA_FINI_Check,4353734,,000000000005552805:,,,,,,0,0
CoA_FINI_Check,4353735,,000000000005552807:,,,,,,0,0
CoA_FINI_Check,4353736,,000000000005552809:,,,,,,0,0
CoA_FINI_Check,4353737,,000000000005552811:000000000005552812:,,,,,,0,0
CoA_FINI_Check,4353738,,000000000005552815:000000000005552816:000000000005552817:000000000005552818:000000000005552819:000000000005552820:000000000005552821:000000000005552822:000000000005552823:000000000005552824:000000000005552825:000000000005552826:000000000005552827:000000000005552828:,,,,,,0,0
CoA_FINI_Check,4353739,,,,,,,,0,0
CoA_FINI_Check,4353740,,,,,,,,0,0
CoA_FINI_Check,4353741,,,,,,,,0,0
CoA_FINI_Check,4353742,,,,,,,,0,0
CoA_FINI_Check,4353743,,000000000005552829:000000000005552830:,,,,,,0,0
CoA_FINI_Check,4353744,,,,,,,,0,0
CoA_FINI_Check,4353745,,,,,,,,0,0
CoA_FINI_Check,4353746,,000000000005552834:000000000005552835:000000000005552836:,,,,,,0,0
CoA_FINI_Check,4353747,,,,,,,,0,0
CoA_FINI_Check,4353748,,,,,,,,0,0
CoA_FINI_Check,4353749,,,,,,,,0,0
CoA_FINI_Check,4353750,,000000000005552837:000000000005552838:000000000005552839:000000000005552840:,,,,,,0,0
CoA_FINI_Check,4353751,,,,,,,,0,0
CoA_FINI_Check,4353752,,000000000005552847:000000000005552848:000000000005552849:000000000005552850:000000000005552851:000000000005552852:,,,,,,0,0
CoA_FINI_Check,4353753,,,,,,,,0,0
CoA_FINI_Check,4353754,,000000000005552862:000000000005552863:,,,,,,0,0
CoA_FINI_Check,4353755,,000000000005552864:,,,,,,0,0
CoA_FINI_Check,4353756,,000000000005552867:,,,,,,0,0
CoA_FINI_Check,4353757,,000000000005552868:,,,,,,0,0
CoA_FINI_Check,4353758,,000000000005552870:,,,,,,0,0
CoA_FINI_Check,4353759,,000000000005552871:,,,,,,0,0
CoA_FINI_Check,4353760,,000000000005552873:000000000005552874:000000000005552875:000000000005552876:000000000005552877:,,,,,,0,0
CoA_FINI_Check,4353761,,,,,,,,0,0
CoA_FINI_Check,4353762,,,,,,,,0,0
CoA_FINI_Check,4353763,,000000000005552890:000000000005552891:000000000005552892:000000000005552893:000000000005552894:000000000005552895:000000000005552896:000000000005552897:000000000005552898:,,,,,,0,0
CoA_FINI_Check,4353764,,,,,,,,0,0
CoA_FINI_Check,4353765,,,,,,,,0,0
CoA_FINI_Check,4353766,,,,,,,,0,0
CoA_FINI_Check,4353767,,,,,,,,0,0
CoA_FINI_Check,4353768,,000000000005552914:,,,,,,0,0
CoA_FINI_Check,4353769,,000000000005552916:,,,,,,0,0
CoA_FINI_Check,4353770,,000000000005552918:000000000005552919:,,,,,,0,0
CoA_FINI_Check,4353771,,000000000005552920:000000000005552921:000000000005552922:,,,,,,0,0
CoA_FINI_Check,4353774,,,,,,,,0,0
CoA_FINI_Check,4353775,,,,,,,,0,0
CoA_FINI_Check,4353776,,,,,,,,0,0
CoA_FINI_Check,4353777,,,,,,,,0,0
CoA_FINI_Check,4353778,,,,,,,,0,0
CoA_FINI_Check,4353779,,,,,,,,0,0
CoA_FINI_Check,4353780,,,,,,,,0,0
CoA_FINI_Check,4353781,,,,,,,,0,0
CoA_FINI_Check,4353782,,,,,,,,0,0
CoA_FINI_Check,4353783,,,,,,,,0,0
CoA_FINI_Check,4353784,,,,,,,,0,0
CoA_FINI_Check,4353785,,,,,,,,0,0
CoA_FINI_Check,4353786,,,,,,,,0,0
CoA_FINI_Check,4353787,,,,,,,,0,0
CoA_FINI_Check,4353788,,,,,,,,0,0
CoA_FINI_Check,4353789,,,,,,,,0,0
CoA_FINI_Check,4353790,,,,,,,,0,0
CoA_FINI_Check,4353791,,,,,,,,0,0
CoA_FINI_Check,4353792,,,,,,,,0,0
CoA_FINI_Check,4353793,,,,,,,,0,0
CoA_FINI_Check,4353794,,,,,,,,0,0
CoA_FINI_Check,4353795,,,,,,,,0,0
CoA_FINI_Check,4353796,,,,,,,,0,0
CoA_FINI_Check,4353797,,,,,,,,0,0
CoA_FINI_Check,4353798,,,,,,,,0,0
CoA_FINI_Check,4353799,,,,,,,,0,0
CoA_FINI_Check,4353800,,,,,,,,0,0
CoA_FINI_Check,4353801,,,,,,,,0,0
CoA_FINI_Check,4353802,,000000000005552933:000000000005552934:,,,,,,0,0
CoA_FINI_Check,4353803,,000000000005552937:000000000005552938:,,,,,,0,0
CoA_FINI_Check,4353804,,000000000005552939:000000000005552940:,,,,,,0,0
CoA_FINI_Check,4353805,,,,,,,,0,0
CoA_FINI_Check,4353806,,000000000005552943:,,,,,,0,0
CoA_FINI_Check,4353807,,000000000005552945:,,,,,,0,0
CoA_FINI_Check,4353808,,000000000005552947:,,,,,,0,0
CoA_FINI_Check,4353809,,000000000005552949:,,,,,,0,0
CoA_FINI_Check,4353810,,000000000005552951:,,,,,,0,0
CoA_FINI_Check,4353811,,000000000005552953:,,,,,,0,0
CoA_FINI_Check,4353812,,000000000005552955:,,,,,,0,0
CoA_FINI_Check,4353813,,000000000005552957:000000000005552958:,,,,,,0,0
CoA_FINI_Check,4353814,,,,,,,,0,0
CoA_FINI_Check,4353815,,000000000005552961:,,,,,,0,0
CoA_FINI_Check,4353816,,000000000005552963:,,,,,,0,0
CoA_FINI_Check,4353817,,000000000005552965:,,,,,,0,0
CoA_FINI_Check,4353818,,000000000005552967:,,,,,,0,0
CoA_FINI_Check,4353819,,000000000005552969:000000000005552970:,,,,,,0,0
CoA_FINI_Check,4353820,,,,,,,,0,0
CoA_FINI_Check,4353821,,000000000005552973:000000000005552974:,,,,,,0,0
CoA_FINI_Check,4353822,,,,,,,,0,0
CoA_FINI_Check,4353823,,000000000005552977:,,,,,,0,0
CoA_FINI_Check,4353824,,000000000005552979:,,,,,,0,0
CoA_FINI_Check,4353825,,000000000005552981:000000000005552982:,,,,,,0,0
CoA_FINI_Check,4353826,,,,,,,,0,0
CoA_FINI_Check,4353827,,000000000005552985:,,,,,,0,0
CoA_FINI_Check,4353828,,000000000005552987:,,,,,,0,0
CoA_FINI_Check,4353829,,000000000005552989:,,,,,,0,0
CoA_FINI_Check,4353830,,000000000005552991:,,,,,,0,0
CoA_FINI_Check,4353831,,000000000005552993:,,,,,,0,0
CoA_FINI_Check,4353832,,,,,,,,0,0
CoA_FINI_Check,4353833,,000000000005552995:,,,,,,0,0
CoA_FINI_Check,4353834,,,,,,,,0,0
CoA_FINI_Check,4353835,,000000000005552997:000000000005552998:,,,,,,0,0
CoA_FINI_Check,4353836,,000000000005553001:,,,,,,0,0
CoA_FINI_Check,4353837,,000000000005553003:000000000005553004:,,,,,,0,0
CoA_FINI_Check,4353838,,000000000005553007:,,,,,,0,0
CoA_FINI_Check,4353839,,000000000005553009:,,,,,,0,0
CoA_FINI_Check,4353840,,000000000005553011:,,,,,,0,0
CoA_FINI_Check,4353841,,000000000005553013:,,,,,,0,0
CoA_FINI_Check,4353842,,000000000005553015:,,,,,,0,0
CoA_FINI_Check,4353843,,000000000005553017:,,,,,,0,0
CoA_FINI_Check,4353844,,000000000005553019:,,,,,,0,0
CoA_FINI_Check,4353845,,000000000005553021:,,,,,,0,0
CoA_FINI_Check,4353846,,000000000005553023:,,,,,,0,0
CoA_FINI_Check,4353847,,000000000005553025:,,,,,,0,0
CoA_FINI_Check,4353848,,000000000005553027:,,,,,,0,0
CoA_FINI_Check,4353849,,000000000005553029:,,,,,,0,0
CoA_FINI_Check,4353850,,000000000005553031:,,,,,,0,0
CoA_FINI_Check,4353851,,000000000005553033:,,,,,,0,0
CoA_FINI_Check,4353852,,000000000005553035:,,,,,,0,0
CoA_FINI_Check,4353853,,000000000005553037:,,,,,,0,0
CoA_FINI_Check,4353854,,000000000005553039:,,,,,,0,0
CoA_FINI_Check,4353855,,000000000005553041:,,,,,,0,0
CoA_FINI_Check,4353856,,000000000005553043:,,,,,,0,0
CoA_FINI_Check,4353857,,000000000005553045:000000000005553046:,,,,,,0,0
CoA_FINI_Check,4353858,,,,,,,,0,0
CoA_FINI_Check,4353859,,000000000005553049:000000000005553050:,,,,,,0,0
CoA_FINI_Check,4353860,,,,,,,,0,0
CoA_FINI_Check,4353861,,000000000005553053:,,,,,,0,0
CoA_FINI_Check,4353862,,000000000005553055:,,,,,,0,0
CoA_FINI_Check,4353863,,000000000005553057:,,,,,,0,0
CoA_FINI_Check,4353864,,000000000005553059:,,,,,,0,0
CoA_FINI_Check,4353865,,000000000005553061:,,,,,,0,0
CoA_FINI_Check,4353866,,000000000005553069:,,,,,,0,0
CoA_FINI_Check,4353867,,000000000005553070:,,,,,,0,0
CoA_FINI_Check,4353868,,000000000005553072:,,,,,,0,0
CoA_FINI_Check,4353869,,000000000005553074:,,,,,,0,0
CoA_FINI_Check,4353870,,000000000005553076:,,,,,,0,0
CoA_FINI_Check,4353871,,000000000005553078:,,,,,,0,0
CoA_FINI_Check,4353872,,000000000005553082:,,,,,,0,0
CoA_FINI_Check,4353873,,000000000005553085:,,,,,,0,0
CoA_FINI_Check,4353874,,000000000005553087:,,,,,,0,0
CoA_FINI_Check,4353875,,,,,,,,0,0
CoA_FINI_Check,4353876,,000000000005553089:,,,,,,0,0
CoA_FINI_Check,4353877,,000000000005553091:000000000005553093:000000000005553094:000000000005553095:,,,,,,0,0
CoA_FINI_Check,4353878,,000000000005553099:000000000005553100:,,,,,,0,0
CoA_FINI_Check,4353879,,000000000005553105:,,,,,,0,0
CoA_FINI_Check,4353880,,000000000005553107:,,,,,,0,0
CoA_FINI_Check,4353881,,000000000005553109:000000000005553110:,,,,,,0,0
CoA_FINI_Check,4353882,,000000000005553113:,,,,,,0,0
CoA_FINI_Check,4353883,,000000000005553117:,,,,,,0,0
CoA_FINI_Check,4353884,,,,,,,,0,0
CoA_FINI_Check,4353885,,,,,,,,0,0
CoA_FINI_Check,4353886,,000000000005553119:000000000005553120:,,,,,,0,0
CoA_FINI_Check,4353887,,,,,,,,0,0
CoA_FINI_Check,4353888,,000000000005553123:,,,,,,0,0
CoA_FINI_Check,4353889,,000000000005553125:,,,,,,0,0
CoA_FINI_Check,4353890,,000000000005553129:,,,,,,0,0
CoA_FINI_Check,4353891,,,,,,,,0,0
CoA_FINI_Check,4353892,,000000000005553131:,,,,,,0,0
CoA_FINI_Check,4353893,,,,,,,,0,0
CoA_FINI_Check,4353894,,000000000005350497:000000000005553133:,,,,,,0,0
CoA_FINI_Check,4353895,,000000000005350500:,,,,,,0,0
CoA_FINI_Check,4353896,,000000000005350501:,,,,,,0,0
CoA_FINI_Check,4353897,,000000000005350507:000000000005350509:,,,,,,0,0
CoA_FINI_Check,4353898,,000000000005350516:000000000005350518:,,,,,,0,0
CoA_FINI_Check,4353899,,000000000005553139:,,,,,,0,0
CoA_FINI_Check,4353900,,000000000005553140:000000000005553141:,,,,,,0,0
CoA_FINI_Check,4353901,,000000000005553145:000000000005553146:000000000005553147:,,,,,,0,0
CoA_FINI_Check,4353902,,000000000005553152:000000000005553153:000000000005553154:000000000005553155:,,,,,,0,0
CoA_FINI_Check,4353903,,000000000005311074:000000000005553161:000000000005553162:000000000005553163:000000000005553164:,,,,,,0,0
CoA_FINI_Check,4353904,,000000000005553165:000000000005553166:,,,,,,0,0
CoA_FINI_Check,4353905,,000000000005553169:000000000005553170:,,,,,,0,0
CoA_FINI_Check,4353906,,000000000005553173:000000000005553174:,,,,,,0,0
CoA_FINI_Check,4353907,,000000000005553189:000000000005553190:000000000005553191:000000000005553193:000000000005553201:,,,,,,0,0
CoA_FINI_Check,4353908,,000000000005553204:000000000005553205:000000000005553206:,,,,,,0,0
CoA_FINI_Check,4353909,,000000000005553209:000000000005553210:000000000005553211:000000000005553212:,,,,,,0,0
CoA_FINI_Check,4353910,,000000000005553216:,,,,,,0,0
CoA_FINI_Check,4353911,,000000000005553217:,,,,,,0,0
CoA_FINI_Check,4353912,,,,,,,,0,0
CoA_FINI_Check,4353913,,,,,,,,0,0
CoA_FINI_Check,4353914,,000000000005553219:000000000005553220:,,,,,,0,0
CoA_FINI_Check,4353915,,000000000005553223:000000000005553224:000000000005553225:000000000005553226:,,,,,,0,0
CoA_FINI_Check,4353916,,000000000005553232:000000000005553233:000000000005553234:,,,,,,0,0
CoA_FINI_Check,4353917,,000000000005553238:000000000005553239:000000000005553240:,,,,,,0,0
CoA_FINI_Check,4353918,,000000000005553245:000000000005553246:000000000005553247:,,,,,,0,0
CoA_FINI_Check,4353919,,,,,,,,0,0
CoA_FINI_Check,4353920,,000000000005553249:000000000005553250:,,,,,,0,0
CoA_FINI_Check,4353921,,000000000005553252:000000000005553253:,,,,,,0,0
CoA_FINI_Check,4353922,,000000000005553254:000000000005553255:,,,,,,0,0
CoA_FINI_Check,4353923,,000000000005553263:,,,,,,0,0
CoA_FINI_Check,4353925,,000000000005553267:000000000005553268:000000000005553269:,,,,,,0,0
CoA_FINI_Check,4353926,,000000000005553273:000000000005553274:000000000005553275:000000000005553276:,,,,,,0,0
CoA_FINI_Check,4353927,,000000000005553281:000000000005553282:000000000005553283:000000000005553284:,,,,,,0,0
CoA_FINI_Check,4353928,,000000000005553285:,,,,,,0,0
CoA_FINI_Check,4353929,,000000000005553287:,,,,,,0,0
CoA_FINI_Check,4353930,,000000000005553289:000000000005553290:000000000005553291:,,,,,,0,0
CoA_FINI_Check,4353931,,000000000005553292:000000000005553293:,,,,,,0,0
CoA_FINI_Check,4353932,,000000000005553296:000000000005553297:000000000005553298:000000000005553299:000000000005553300:,,,,,,0,0
CoA_FINI_Check,4353933,,000000000005553307:000000000005553308:000000000005553309:000000000005553310:,,,,,,0,0
CoA_FINI_Check,4353934,,000000000005553316:,,,,,,0,0
CoA_FINI_Check,4353935,,000000000005553318:000000000005553319:000000000005553320:000000000005553321:,,,,,,0,0
CoA_FINI_Check,4353943,,,,,,,,0,0
CoA_FINI_Check,4353944,,000000000005553328:000000000005553329:,,,,,,0,0
CoA_FINI_Check,4353945,,000000000005553333:000000000005553334:,,,,,,0,0
CoA_FINI_Check,4353989,,000000000005553396:,,,,,,0,0
CoA_FINI_Check,4353990,,000000000005553397:,,,,,,0,0
CoA_FINI_Check,4353993,,000000000005553405:,,,,,,0,0
CoA_FINI_Check,4353994,,000000000005553406:,,,,,,0,0
CoA_FINI_Check,4353998,,000000000005553411:,,,,,,0,0
CoA_FINI_Check,4353999,,000000000005553412:,,,,,,0,0
CoA_FINI_Check,4354000,,000000000005553413:,,,,,,0,0
CoA_FINI_Check,4354002,,000000000005553415:,,,,,,0,0
CoA_FINI_Check,4354003,,000000000005553417:,,,,,,0,0
CoA_FINI_Check,4354004,,000000000005553419:,,,,,,0,0
CoA_FINI_Check,4354005,,000000000005553420:,,,,,,0,0
CoA_FINI_Check,4354006,,000000000005553421:,,,,,,0,0
CoA_FINI_Check,4354007,,,,,,,,0,0
CoA_FINI_Check,4354008,,000000000005553422:,,,,,,0,0
CoA_FINI_Check,4354009,,,,,,,,0,0
CoA_FINI_Check,4354010,,,,,,,,0,0
CoA_FINI_Check,4354011,,,,,,,,0,0
CoA_FINI_Check,4354012,,000000000005553423:,,,,,,0,0
CoA_FINI_Check,4354013,,000000000005553425:,,,,,,0,0
CoA_FINI_Check,4354014,,000000000005553427:,,,,,,0,0
CoA_FINI_Check,4354015,,000000000005553428:,,,,,,0,0
CoA_FINI_Check,4354016,,000000000005553430:,,,,,,0,0
CoA_FINI_Check,4354017,,000000000005553432:,,,,,,0,0
CoA_FINI_Check,4354018,,000000000005553433:,,,,,,0,0
CoA_FINI_Check,4354019,,000000000005553434:,,,,,,0,0
CoA_FINI_Check,4354023,,000000000005553437:000000000005553438:000000000005553439:,,,,,,0,0
CoA_FINI_Check,4354024,,000000000005553440:,,,,,,0,0
CoA_FINI_Check,4354025,,000000000005553441:,,,,,,0,0
CoA_FINI_Check,4354026,,000000000005553442:,,,,,,0,0
CoA_FINI_Check,4354296,,000000000005553959:,,,,,,0,0
CoA_FINI_Check,4354298,,000000000005553973:,,,,,,0,0
CoA_FINI_Check,4354352,,000000000005553984:,,,,,,0,0
CoA_FINI_Check,4354355,,,,,,,,0,0
CoA_FINI_Check,4354356,,,,,,,,0,0
CoA_FINI_Check,4354357,,000000000005553997:,,,,,,0,0
CoA_FINI_Check,4354362,,000000000005554017:,,,,,,0,0
CoA_FINI_Check,4354363,,000000000005554290:,,,,,,0,0
CoA_FINI_Check,4354383,,000000000005554078:,,,,,,0,0
CoA_FINI_Check,4354384,,000000000005554080:,,,,,,0,0
CoA_FINI_Check,4354385,,000000000005554082:,,,,,,0,0
CoA_FINI_Check,4354386,,000000000005554084:,,,,,,0,0
CoA_FINI_Check,4354387,,000000000005554086:,,,,,,0,0
CoA_FINI_Check,4354388,,000000000005554088:,,,,,,0,0
CoA_FINI_Check,4354389,,000000000005554090:,,,,,,0,0
CoA_FINI_Check,4354390,,000000000005554092:,,,,,,0,0
CoA_FINI_Check,4354391,,000000000005554093:,,,,,,0,0
CoA_FINI_Check,4354392,,000000000005554095:,,,,,,0,0
CoA_FINI_Check,4354393,,000000000005554099:,,,,,,0,0
CoA_FINI_Check,4354394,,000000000005554101:,,,,,,0,0
CoA_FINI_Check,4354395,,000000000005554103:,,,,,,0,0
CoA_FINI_Check,4354396,,000000000005554105:,,,,,,0,0
CoA_FINI_Check,4354397,,000000000005554107:,,,,,,0,0
CoA_FINI_Check,4354398,,000000000005554109:,,,,,,0,0
CoA_FINI_Check,4354442,,000000000005554182:,,,,,,0,0
CoA_FINI_Check,4354443,,000000000005554192:,,,,,,0,0
CoA_FINI_Check,4354444,,000000000005554199:,,,,,,0,0
CoA_FINI_Check,4354485,,000000000005554282:,,,,,,0,0
CoA_FINI_Check,4354486,,000000000005554363:,,,,,,0,0
CoA_FINI_Check,4354487,,000000000005554291:,,,,,,0,0
CoA_FINI_Check,4354488,,000000000005554295:,,,,,,0,0
CoA_FINI_Check,4354489,,000000000005554297:,,,,,,0,0
CoA_FINI_Check,4354490,,000000000005554299:,,,,,,0,0
CoA_FINI_Check,4354491,,000000000005554305:,,,,,,0,0
CoA_FINI_Check,4354492,,000000000005554308:,,,,,,0,0
CoA_FINI_Check,4354493,,000000000005554365:,,,,,,0,0
CoA_FINI_Check,4354494,,000000000005554331:,,,,,,0,0
CoA_FINI_Check,4354495,,000000000005554333:,,,,,,0,0
CoA_FINI_Check,4354496,,000000000005554335:,,,,,,0,0
CoA_FINI_Check,4354497,,000000000005554337:,,,,,,0,0
CoA_FINI_Check,4354498,,000000000005554339:,,,,,,0,0
CoA_FINI_Check,4354499,,000000000005554341:,,,,,,0,0
CoA_FINI_Check,4354500,,000000000005554342:,,,,,,0,0
CoA_FINI_Check,4354501,,000000000005554343:000000000005554344:,,,,,,0,0
CoA_FINI_Check,4354502,,000000000005554351:,,,,,,0,0
CoA_FINI_Check,4354503,,000000000005554353:,,,,,,0,0
CoA_FINI_Check,4354504,,000000000005554355:,,,,,,0,0
CoA_FINI_Check,4354505,,000000000005554357:,,,,,,0,0
CoA_FINI_Check,4354507,,000000000005554364:,,,,,,0,0
CoA_FINI_Check,4354508,,000000000005554367:,,,,,,0,0
CoA_FINI_Check,4354509,,000000000005554369:,,,,,,0,0
CoA_Method,1,,FINENESS OF GRIND,ASTM D1210,μM,,,,0,0
CoA_Method,2,,DRYING TIME (Hard Dry),ASTM D1640,Hours,,,,0,0
CoA_Method,3,,HARDNESS BY SHORE DUROMETER,ASTM D2240,Points,,,,0,0
CoA_Method,4,,TOTAL SOLID % BY WEIGHT,ASTM D2832,%,,,,0,0
CoA_Method,5,,VISCOSITY (STORMER),ASTM D562,KU,,,,0,0
CoA_Method,6,,VISCOSITY (ROTOTHINNER),IPC Method-1,Poise,,,,0,0
CoA_Method,7,,SAG RESISTANCE(SLUMP TEST - CHARTEK),IPC Method-14,μM,,,,0,0
CoA_Method,8,,Viscosity(Chartek-Brookfield),ASTM D2196,M.Cps,,,,0,0
CoA_Method,9,,GEL TIME,IPC Method-3,MInute,,,,0,0
CoA_Method,10,,ZINC CONTENT(% DRY FILM),IS0 3549,%,,,,0,0
CoA_Method,11,,SAG RESISTANCE (SAG TESTERS),ISO 16862,μM,,,,0,0
CoA_Method,12,,VISCOSITY (B4 FLOW CUP),ISO 2431,Second,,,,0,0
CoA_Method,13,,SPECIFIC GRAVITY (PRESSURE CUP),ISO 2811,g/cm3,,,,0,0
CoA_Method,14,,SPECULAR GLOSS @ 60º,ISO 2813,,,,,0,0
CoA_Method,15,,VISCOSITY (CONE & PLATE),ISO 2884-1,Poise,,,,0,0
CoA_Method,16,,COLOUR MATCHING VISUAL ASSESSMENT,ISO 3668,,,,,0,0
CoA_Method,17,,Pot-Life @ 25ºC,ISO 9514,Hours,,,,0,0
CoA_Method,18,,DRYING TIME (Touch Dry),ASTM D1640,Hours,,,,0,0
CoA_Method,19,,Sag Resistance (Sag Testers @ 25ºC),ISO 16862,μM,,,,0,0
CoA_Method,20,,Viscosity (Brookfield),ISO 2555,CPS,,,,0,0
CoA_Method,21,,Specific Gravity (Weight Per Gallon Cup),ISO 2811-1,RHO,,,,0,0
CoA_Method,22,,Viscosity (Blookfield),ISO 2555,CPS,,,,0,0
CoA_sql_connection,wk_conn,,Provider=SQLOLEDB;Data Source=10.63.44.15;Initial Catalog=IPK_RCP,AWS SQL Connection,,,,,0,0
CoA_sql_connection,wk_id,,aw_sa,Admin ID,,,,,0,0
CoA_sql_connection,wk_pwd,,moNey=918+,Admin Password,,,,,0,0
CoA_SQL_fields,t_charg,,charg,BATCH,,,,,0,0
CoA_SQL_fields,t_matnr,,matnr,Item Code,,,,,0,0
CoA_SQL_fields,t_matnrdesc,,matnrdesc,Item Desc1,,,,,0,0
CoA_SQL_fields,t_ordi_ltqty,,ordi_ltqty,QTY(VOL),,,,,0,0
CoA_SQL_fields,t_ordi_size,,ordi_size,UoM,,,,,0,0
CoA_SQL_fields,t_qty,,qty,QTY,,,,,0,0
CoA_SQL_fields,t_sono,,sono,DL No.,,,,,0,0
